algorithm,switch_type,alpha,beta,gamma,seed,early_reward_auc,early_accept_auc,early_q_norm,early_reward_bar_abs_error,late_reward,late_accept_rate,late_q_norm,late_reward_bar_abs_error,diverged,early_points,late_points
differential_sarsa,down_shift,0.02,0.001,1.0,0,2.2509112711500006,0.522611367981049,31.102604155778305,5.1605156866978925,2.5503484034134756,0.5091487430587973,28.499684815124354,2.821968388018049,0.0,306,2703
differential_sarsa,down_shift,0.02,0.001,1.0,1,2.3048481703624684,0.48983111422540604,30.687043096031402,5.230338609936758,2.5594907507790974,0.51682606505349,29.148007293190112,2.815002982538115,0.0,306,2703
differential_sarsa,down_shift,0.02,0.001,1.0,2,2.4102301075395687,0.5219202121017799,31.937772525619877,5.167719368252119,2.5896888231616226,0.5077068390435803,31.28695384948276,2.8574846262985742,0.0,306,2703
differential_sarsa,down_shift,0.02,0.001,1.0,3,2.2455082587645574,0.5018423344197309,30.96829652273171,5.185673177621132,2.5851852280029886,0.5264399066438995,28.74793996879119,2.798587217722246,0.0,306,2703
differential_sarsa,down_shift,0.02,0.001,1.0,4,2.2376515712979326,0.4898579025876702,30.368531183754136,5.162779241819593,2.5539583550497125,0.5273020081039489,30.308856020939015,2.7717859933630864,0.0,306,2703
differential_sarsa,down_shift,0.02,0.001,1.0,5,2.329688184780027,0.5161244279633224,30.19380017954615,5.15562499713933,2.555222658598566,0.518559128525893,28.400634409240105,2.816909450671961,0.0,306,2703
differential_sarsa,down_shift,0.02,0.001,1.0,6,2.473564416425017,0.5391281411871663,30.43946574285554,5.152709526667712,2.559743608867291,0.5204890386333902,27.172132575659667,2.8188812439776525,0.0,306,2703
differential_sarsa,down_shift,0.02,0.001,1.0,7,2.3223490957049227,0.5194624406259913,29.90436418860207,5.2552506961521726,2.5862702897249474,0.5313214087643143,27.517712518371088,2.7933723954692082,0.0,306,2703
differential_sarsa,down_shift,0.02,0.001,1.0,8,2.3833398333638582,0.5198316734762704,27.845196964035495,5.04887274405541,2.5359894182614804,0.5248451746171386,28.69629349450962,2.7748416295781237,0.0,306,2703
differential_sarsa,down_shift,0.02,0.001,1.0,9,2.2050062628286606,0.5233953535153281,31.22981526627967,5.070230397594244,2.558172152588467,0.5198166771103938,32.140775271908396,2.803394331100997,0.0,306,2703
differential_sarsa,down_shift,0.02,0.003,1.0,0,2.3632756596166984,0.5452543927458757,20.950552641207516,3.7432220114452015,2.5284043817240636,0.5344766925278296,23.632153539249995,2.6175305792629326,0.0,306,2703
differential_sarsa,down_shift,0.02,0.003,1.0,1,2.279912130225787,0.5411334467372556,22.72649291175638,3.7653173211002167,2.557143885897773,0.5283298530440222,25.052062917280207,2.6638784411354814,0.0,306,2703
differential_sarsa,down_shift,0.02,0.003,1.0,2,2.490780805977189,0.5501368391722392,23.088867871982906,3.86532626533843,2.561547996363412,0.5284281038621697,25.890261438177284,2.682670876921209,0.0,306,2703
differential_sarsa,down_shift,0.02,0.003,1.0,3,2.322133530043357,0.5169615003634183,21.821396311134507,3.8325284185287645,2.6108725284040566,0.541716852744885,23.517095152275118,2.674382007197321,0.0,306,2703
differential_sarsa,down_shift,0.02,0.003,1.0,4,2.282558152373303,0.5293119106541717,21.625163107734764,3.681404470475901,2.59038688351896,0.5282540214239784,24.199493294290484,2.6911319516620456,0.0,306,2703
differential_sarsa,down_shift,0.02,0.003,1.0,5,2.4526672046932005,0.5269429079065141,21.413023867553946,3.8590537941958405,2.5804913735602306,0.5343442915813009,23.422536839348677,2.66876488584893,0.0,306,2703
differential_sarsa,down_shift,0.02,0.003,1.0,6,2.46846875147393,0.5533081389767884,20.542180222574842,3.7599109811321285,2.5900074774179944,0.5296103204722096,23.390520433797782,2.6882106131258965,0.0,306,2703
differential_sarsa,down_shift,0.02,0.003,1.0,7,2.3942302452662254,0.5498718609906658,20.53408953418354,3.832089986981095,2.605889796194776,0.5461864196602986,22.520702905645127,2.676701372471713,0.0,306,2703
differential_sarsa,down_shift,0.02,0.003,1.0,8,2.4916261101140242,0.544333185807981,20.7337971105173,3.837754129046631,2.552337663532044,0.5271244498392152,23.659567980129385,2.6594246735074534,0.0,306,2703
differential_sarsa,down_shift,0.02,0.003,1.0,9,2.415755835643306,0.5469848990410086,20.96248385412951,3.778744349751932,2.557918082388188,0.5398386656595634,23.713721368554534,2.63514125657223,0.0,306,2703
differential_sarsa,down_shift,0.02,0.01,1.0,0,2.4470600278062578,0.5431326164328395,19.436620259271155,2.9287779654198305,2.5422824138870026,0.5299257760752191,21.762922248161786,2.6359891030365215,0.0,306,2703
differential_sarsa,down_shift,0.02,0.01,1.0,1,2.4534071976100638,0.520286227212436,19.019834825333785,2.9723098044312914,2.5723403559058493,0.5340000726401586,21.622062703575597,2.6553487722516826,0.0,306,2703
differential_sarsa,down_shift,0.02,0.01,1.0,2,2.5167347491226493,0.549943323103993,19.7112428778064,2.993590209158767,2.5501441525345276,0.535625277306211,22.127431517872132,2.6143620090415256,0.0,306,2703
differential_sarsa,down_shift,0.02,0.01,1.0,3,2.374797844644164,0.5233790470759188,19.645239662666185,2.8967924496125192,2.6101621685613985,0.5469995989253489,21.466239972789257,2.641666418364858,0.0,306,2703
differential_sarsa,down_shift,0.02,0.01,1.0,4,2.395266148472514,0.5303923144766338,19.654191549210285,2.8701135147316514,2.5708202742815915,0.539897777177721,21.409659351345862,2.6428211524906775,0.0,306,2703
differential_sarsa,down_shift,0.02,0.01,1.0,5,2.471367462256254,0.53437194623522,19.73824652441973,2.978998820520074,2.5464725002074275,0.5354016058131938,22.166915517643194,2.629649336905968,0.0,306,2703
differential_sarsa,down_shift,0.02,0.01,1.0,6,2.4904429481679076,0.5400910736237238,19.47161388331721,2.946359274454354,2.602430356525276,0.5425565114512566,21.90011164734454,2.65574508468935,0.0,306,2703
differential_sarsa,down_shift,0.02,0.01,1.0,7,2.468379750547395,0.5493672293363846,19.170532016311295,2.950311847006197,2.5932438020176933,0.5457081019236487,21.630637607909122,2.634599278767868,0.0,306,2703
differential_sarsa,down_shift,0.02,0.01,1.0,8,2.513670652697787,0.5488743492905787,19.608794562177764,2.926208835642882,2.5217921377421595,0.5351682769637146,21.869392157347477,2.6004734484228855,0.0,306,2703
differential_sarsa,down_shift,0.02,0.01,1.0,9,2.464314090395582,0.5593838373186064,18.8118243696223,2.8919688512692403,2.5630471827422032,0.5464586015450731,21.409585475598696,2.598104176258289,0.0,306,2703
differential_sarsa,down_shift,0.02,0.03,1.0,0,2.4694898559100036,0.545514763265366,18.233966553114254,2.593164037562058,2.532106549306905,0.5378327663174464,20.273774972954122,2.546206857074647,0.0,306,2703
differential_sarsa,down_shift,0.02,0.03,1.0,1,2.475787501950041,0.5193444999133393,18.57430045274141,2.67621772568608,2.5702447276462475,0.5355524200132753,20.76725643106568,2.5942264000321407,0.0,306,2703
differential_sarsa,down_shift,0.02,0.03,1.0,2,2.581365769323516,0.5547259643324115,18.57692597555451,2.7211505448935807,2.5444840469393903,0.5369185625308565,20.564605009913382,2.574284207999415,0.0,306,2703
differential_sarsa,down_shift,0.02,0.03,1.0,3,2.3802840572660804,0.5259814850313314,18.574130795032445,2.5775248019772032,2.601336006666601,0.5518510354833726,20.140259800622854,2.5611845971476845,0.0,306,2703
differential_sarsa,down_shift,0.02,0.03,1.0,4,2.344307193354776,0.5408501855533946,18.216545171511992,2.5215307945649634,2.5373140750426924,0.5479879046825428,20.05375333282367,2.539623360732988,0.0,306,2703
differential_sarsa,down_shift,0.02,0.03,1.0,5,2.4259465226852273,0.5548866324430278,18.438769330281275,2.576813034487023,2.5521769348458863,0.5382282553298198,20.910007719419433,2.570855697432699,0.0,306,2703
differential_sarsa,down_shift,0.02,0.03,1.0,6,2.5137681152131366,0.5393695948809765,18.72906698916839,2.6670300549909682,2.5510824428516417,0.5425734431484249,21.046657465511966,2.5573357931113536,0.0,306,2703
differential_sarsa,down_shift,0.02,0.03,1.0,7,2.473435063083417,0.5443020983853356,18.506030335033532,2.620304004718076,2.5902771492721617,0.5534269977234225,20.119940552039953,2.57076205065465,0.0,306,2703
differential_sarsa,down_shift,0.02,0.03,1.0,8,2.5276250601195227,0.5443847687568107,18.76993041516939,2.6679431812562338,2.5244378034955703,0.540567577179384,20.89519397048213,2.527606211084035,0.0,306,2703
differential_sarsa,down_shift,0.02,0.03,1.0,9,2.4551959253194284,0.5446085204462658,18.22945503845392,2.6024363467173863,2.5528023477972317,0.5455523243176482,20.236132254938703,2.546814635935251,0.0,306,2703
differential_sarsa,down_shift,0.02,0.1,1.0,0,2.4877976333527494,0.5469730133796534,16.71423742379283,2.397337235054342,2.529182547347481,0.5382226920196117,18.304378572138578,2.4018909012300433,0.0,306,2703
differential_sarsa,down_shift,0.02,0.1,1.0,1,2.4362382675352565,0.5257271115900456,16.669107518448815,2.4337417365812155,2.5662242800390147,0.5429195335862746,18.415017499429776,2.421263105356618,0.0,306,2703
differential_sarsa,down_shift,0.02,0.1,1.0,2,2.581240993063581,0.5555051794541541,16.82935050476504,2.488057512586146,2.5388598570750163,0.5388367658534682,18.596659772397192,2.4401344998363235,0.0,306,2703
differential_sarsa,down_shift,0.02,0.1,1.0,3,2.377080414380882,0.526943236248126,17.18980213874387,2.3471739281890134,2.5545039677374253,0.5570465626483526,18.200097989478706,2.393100088905737,0.0,306,2703
differential_sarsa,down_shift,0.02,0.1,1.0,4,2.3947723060885417,0.5338529417892321,16.743926601321057,2.3623786826229507,2.5369896071641613,0.546740020327711,17.977679176700875,2.411817753402642,0.0,306,2703
differential_sarsa,down_shift,0.02,0.1,1.0,5,2.4206720528450294,0.5464197485654714,16.417296176324243,2.3713537382011953,2.5261176651899744,0.5457062642256457,18.204696665716565,2.397995596524497,0.0,306,2703
differential_sarsa,down_shift,0.02,0.1,1.0,6,2.5367596350190134,0.5502864775048907,16.673209750480446,2.429495041577885,2.5570325170239276,0.5494657974757927,18.3719750587465,2.4036667039670405,0.0,306,2703
differential_sarsa,down_shift,0.02,0.1,1.0,7,2.475319044312127,0.547321707607687,17.023142262376247,2.3950568746923073,2.5705121831136184,0.5534229578403301,18.417895871769908,2.4201620010712763,0.0,306,2703
differential_sarsa,down_shift,0.02,0.1,1.0,8,2.5041807451261078,0.5579602730955142,16.765438763493787,2.3894031628762034,2.48961077161935,0.5475044495302939,18.169740839348805,2.3676564426443356,0.0,306,2703
differential_sarsa,down_shift,0.02,0.1,1.0,9,2.4274358890354253,0.558281347220087,16.77000319791752,2.348910382147747,2.5272945484739564,0.5517711108825497,18.23744176242666,2.3931680564493414,0.0,306,2703
differential_sarsa,down_shift,0.05,0.001,1.0,0,2.20573737604889,0.520491246042458,56.269145960181106,5.271725233981895,2.5325339964407085,0.4995469397204278,37.483919119197004,2.856835761023767,0.0,306,2703
differential_sarsa,down_shift,0.05,0.001,1.0,1,2.2076194941635445,0.4991343885472628,58.880320102744626,5.40624563021361,2.549866460616406,0.5006078451176986,40.9791771698671,2.856563612958806,0.0,306,2703
differential_sarsa,down_shift,0.05,0.001,1.0,2,2.346508405039286,0.5296419862161795,57.76346683941902,5.283723861145665,2.5964942158400968,0.5001526558440472,41.40373461073965,2.90051586676638,0.0,306,2703
differential_sarsa,down_shift,0.05,0.001,1.0,3,2.1233254366077454,0.46496167803627614,62.28108570125056,5.286438065834899,2.6081936919175037,0.49209548563937106,48.619339447858444,2.9149043494474527,0.0,306,2703
differential_sarsa,down_shift,0.05,0.001,1.0,4,2.2613470611900315,0.5133235806944006,58.58057704621836,5.289514503579095,2.546722457057912,0.5097276001892098,38.553585577808185,2.835547698279002,0.0,306,2703
differential_sarsa,down_shift,0.05,0.001,1.0,5,2.335640178552463,0.5054156822505727,57.26992109808117,5.265239538852073,2.5572321918069334,0.4974612079383852,41.85211140222812,2.886068521221899,0.0,306,2703
differential_sarsa,down_shift,0.05,0.001,1.0,6,2.410520848242435,0.521213621074086,57.98632726214035,5.223097270315745,2.5770628236515805,0.5047519515498495,41.43404029359808,2.8700733001332184,0.0,306,2703
differential_sarsa,down_shift,0.05,0.001,1.0,7,2.261969246568078,0.5133778862127449,59.50872194346801,5.294850341497601,2.598875741195663,0.5002420605047755,43.56763694646933,2.9044796417590995,0.0,306,2703
differential_sarsa,down_shift,0.05,0.001,1.0,8,2.4165490660642117,0.5366988525006126,59.82131187070046,5.322912204866672,2.549254498753033,0.5066562872347511,43.75315111691835,2.8337473395796793,0.0,306,2703
differential_sarsa,down_shift,0.05,0.001,1.0,9,2.2838196866297356,0.5088695214001318,57.31097548585709,5.225110510274537,2.5819828390093775,0.5152732871404653,38.69662660659516,2.8509462328722495,0.0,306,2703
differential_sarsa,down_shift,0.05,0.003,1.0,0,2.431184000133718,0.5274334644720509,30.10853200779998,3.828067040335289,2.566158783787944,0.5016896417987282,33.16651508010153,2.7363359714053668,0.0,306,2703
differential_sarsa,down_shift,0.05,0.003,1.0,1,2.3588286400744485,0.5002381681103699,32.75870379858415,3.8591066962081646,2.5998968153004776,0.5020562971130754,34.04688039624381,2.781361489437988,0.0,306,2703
differential_sarsa,down_shift,0.05,0.003,1.0,2,2.453993640281869,0.524449680633903,31.379332508647778,3.8809451836599487,2.5926299284785363,0.5104539507096522,32.65676237418215,2.7523695979839746,0.0,306,2703
differential_sarsa,down_shift,0.05,0.003,1.0,3,2.3165537199245,0.5103494642727512,32.525368552494974,3.831437330630298,2.645704539818886,0.5282213201544879,32.06672677887874,2.72356643798259,0.0,306,2703
differential_sarsa,down_shift,0.05,0.003,1.0,4,2.3326006216306783,0.5147066117901438,29.548445739655346,3.786095121826849,2.590669068107481,0.5232173772030864,30.20991877485645,2.7178933145807256,0.0,306,2703
differential_sarsa,down_shift,0.05,0.003,1.0,5,2.4010486752740174,0.5022669132690705,34.126550738472716,3.934769471333014,2.615433316706062,0.5026269059642924,35.047545636811556,2.7876169428359296,0.0,306,2703
differential_sarsa,down_shift,0.05,0.003,1.0,6,2.52339714294589,0.5317593575823493,31.16513782754252,3.8386835873701655,2.6091826689840834,0.511373792370925,33.53887985391506,2.751927600212497,0.0,306,2703
differential_sarsa,down_shift,0.05,0.003,1.0,7,2.4354897419882247,0.519929827720155,32.0643549308309,3.898562463815964,2.650393065264345,0.5089106613018289,32.375166727303224,2.8112885811179127,0.0,306,2703
differential_sarsa,down_shift,0.05,0.003,1.0,8,2.477891292616418,0.535293599579197,28.99674198306021,3.866434161998119,2.557400340047309,0.513631667226929,30.833786407141453,2.706239060529197,0.0,306,2703
differential_sarsa,down_shift,0.05,0.003,1.0,9,2.4069493040282346,0.5394061414972086,30.131401449086386,3.7928549518077626,2.6044949560569965,0.5110471414396703,31.892070184113166,2.754172143807339,0.0,306,2703
differential_sarsa,down_shift,0.05,0.01,1.0,0,2.4757479816093872,0.526546484969802,26.729476586830394,2.958256433677708,2.5936910827875534,0.5203059609645775,28.768097108212427,2.686921454496875,0.0,306,2703
differential_sarsa,down_shift,0.05,0.01,1.0,1,2.4357035298928458,0.5095175338536653,25.99437206994651,3.0133770896008527,2.5999613270559054,0.5196877342021553,28.435899515032773,2.695137545137591,0.0,306,2703
differential_sarsa,down_shift,0.05,0.01,1.0,2,2.5310943384420312,0.54313727161387,25.86014951899734,3.020145853789151,2.5713537563428703,0.5178370490364992,28.39809136443832,2.6838680316853187,0.0,306,2703
differential_sarsa,down_shift,0.05,0.01,1.0,3,2.412497030574388,0.5001889162597675,26.654073390191297,3.036545152082501,2.6385831563692186,0.5324400545382867,27.909821993151343,2.69427424712017,0.0,306,2703
differential_sarsa,down_shift,0.05,0.01,1.0,4,2.404721465391411,0.5089417349822583,27.134422851700304,2.9274270447531827,2.5918527070301725,0.5251230744856028,28.487256899972582,2.6792966972244416,0.0,306,2703
differential_sarsa,down_shift,0.05,0.01,1.0,5,2.5026388231422967,0.525446174062936,26.513419318209426,3.0465317774128025,2.5933254866284745,0.5227007903309947,28.563384937285107,2.6938088889933907,0.0,306,2703
differential_sarsa,down_shift,0.05,0.01,1.0,6,2.549617505620239,0.5415241225609697,26.535077589081464,3.0150867230793366,2.5965381130582195,0.5340932522765766,29.025467068354246,2.6561837709166407,0.0,306,2703
differential_sarsa,down_shift,0.05,0.01,1.0,7,2.4803148414842475,0.5413773383166383,25.37898509109245,2.95094898937231,2.638290587646564,0.5339088507597213,27.525582294141866,2.6947320965851995,0.0,306,2703
differential_sarsa,down_shift,0.05,0.01,1.0,8,2.5367960391127236,0.5377970424584815,26.22209134443002,2.979146707693469,2.5632861994035165,0.5141634349758295,28.863373136118835,2.6882210569339082,0.0,306,2703
differential_sarsa,down_shift,0.05,0.01,1.0,9,2.501012708904265,0.5290429096945535,25.291459691701295,2.9747466994415106,2.612746873656874,0.5278928098796604,28.343563966389215,2.685573144364408,0.0,306,2703
differential_sarsa,down_shift,0.05,0.03,1.0,0,2.544958667366336,0.5432463043380585,23.50403788855255,2.673267253737183,2.5558914163007325,0.5221854368281923,25.254870894421153,2.604575873153408,0.0,306,2703
differential_sarsa,down_shift,0.05,0.03,1.0,1,2.4923536644265507,0.5124201859967181,22.951301241241673,2.7108126423907586,2.596612667771183,0.520060089851258,26.062923428838868,2.6441552678118443,0.0,306,2703
differential_sarsa,down_shift,0.05,0.03,1.0,2,2.5655639886758648,0.5453475579934873,23.31720649164336,2.745871137602491,2.5735134753852242,0.522415652233948,26.187639005380053,2.6304498193806785,0.0,306,2703
differential_sarsa,down_shift,0.05,0.03,1.0,3,2.422107305443043,0.5027825796495577,24.261715577331007,2.699115794520302,2.637709139184768,0.5349372168287821,25.683166611028735,2.6729598498639473,0.0,306,2703
differential_sarsa,down_shift,0.05,0.03,1.0,4,2.4510132791334196,0.5222087771609345,23.736170488734654,2.6142847200966925,2.574760876845361,0.5328433823352646,25.060232614309992,2.5974413935418554,0.0,306,2703
differential_sarsa,down_shift,0.05,0.03,1.0,5,2.5181384213989726,0.5293982450921271,23.64347954658172,2.725873418071516,2.577939928120407,0.5297772413984112,25.953722177059667,2.6223197715585447,0.0,306,2703
differential_sarsa,down_shift,0.05,0.03,1.0,6,2.5551902135014983,0.5439978115195818,23.36941443215169,2.6909417602568255,2.5868694511325825,0.5346701183108499,25.749989136010548,2.618265326135311,0.0,306,2703
differential_sarsa,down_shift,0.05,0.03,1.0,7,2.4936681737977033,0.5366476918535149,24.02497854368011,2.736393579843127,2.6178684206125316,0.5314737762224585,25.719369587991135,2.651930728941625,0.0,306,2703
differential_sarsa,down_shift,0.05,0.03,1.0,8,2.5630347273168788,0.5317480625521772,23.817121352679887,2.7043680899112457,2.5562400005201105,0.5193615845360959,26.351966861999284,2.6273723158075346,0.0,306,2703
differential_sarsa,down_shift,0.05,0.03,1.0,9,2.5665891237492846,0.5388216465037058,22.81526467355419,2.725085114112114,2.5834186678543696,0.5383484436329429,25.569339565349715,2.5992240975907843,0.0,306,2703
differential_sarsa,down_shift,0.05,0.1,1.0,0,2.5118270640826794,0.5410843353703345,20.920652446318226,2.4161164669776136,2.553711290392653,0.5288572077775945,22.671903388104038,2.4553440125029593,0.0,306,2703
differential_sarsa,down_shift,0.05,0.1,1.0,1,2.50768285329451,0.5149259961234527,20.873215746312322,2.4899272195716082,2.566395312302525,0.5334833733309882,22.530868575406263,2.4668366706207046,0.0,306,2703
differential_sarsa,down_shift,0.05,0.1,1.0,2,2.608159086835937,0.5506071457004218,20.927532357180745,2.4779105169725404,2.5558127796087895,0.5293892177147576,22.752173018920594,2.448111579798194,0.0,306,2703
differential_sarsa,down_shift,0.05,0.1,1.0,3,2.417407393927332,0.5163887417999845,21.230674086632167,2.412567287202031,2.6361048139823375,0.5435066233062236,22.56998005564317,2.478289791363845,0.0,306,2703
differential_sarsa,down_shift,0.05,0.1,1.0,4,2.4440708909515183,0.5192223985236936,20.895684618273844,2.4446025269702822,2.5794101078348595,0.536003424886592,22.056821436385942,2.461261566703094,0.0,306,2703
differential_sarsa,down_shift,0.05,0.1,1.0,5,2.4679145965961116,0.5315601506092344,20.21465782563276,2.403978102834368,2.5893370551049335,0.5378747606257547,22.254595253272484,2.4587026386230404,0.0,306,2703
differential_sarsa,down_shift,0.05,0.1,1.0,6,2.552572149637168,0.5399368548447117,20.657273385686405,2.456664405742493,2.582394610486434,0.5376888890726542,22.559070930577754,2.451188900780959,0.0,306,2703
differential_sarsa,down_shift,0.05,0.1,1.0,7,2.525331371713739,0.5316927157996024,21.309248173238704,2.5101462633730334,2.6023140869264414,0.5393273834551858,22.53798066777589,2.466448696060665,0.0,306,2703
differential_sarsa,down_shift,0.05,0.1,1.0,8,2.5477639624874393,0.5474907279132838,20.939563009699658,2.3807896864843623,2.533172022419487,0.5295964061935493,22.338785352259233,2.437762400961363,0.0,306,2703
differential_sarsa,down_shift,0.05,0.1,1.0,9,2.4919577544475415,0.5474611483392889,20.594844919894637,2.4471624160169068,2.5883942736888663,0.5387871889190972,22.599740437388743,2.4653354790971505,0.0,306,2703
differential_sarsa,down_shift,0.1,0.001,1.0,0,2.1582510786207973,0.49046833241329124,107.3606792330736,5.429003458672089,2.515926661743397,0.4866583858579428,58.3207532140243,2.876087923594717,0.0,306,2703
differential_sarsa,down_shift,0.1,0.001,1.0,1,2.1844758351676776,0.47808126520144656,105.38975948694122,5.458230187844959,2.5310516707429227,0.47958783410708555,58.8832761087483,2.928052656413287,0.0,306,2703
differential_sarsa,down_shift,0.1,0.001,1.0,2,2.222718842607197,0.5052684533390234,106.4844506854478,5.3858868789759535,2.5398493692093527,0.47784338281384553,62.621855131277016,2.9383904892045805,0.0,306,2703
differential_sarsa,down_shift,0.1,0.001,1.0,3,2.1299088052030077,0.48612377809603524,104.02276448972471,5.468234412702966,2.5748298732261605,0.5021296423075409,55.324960632945974,2.8863828961256415,0.0,306,2703
differential_sarsa,down_shift,0.1,0.001,1.0,4,2.061868683717523,0.4749714136492015,99.71215078291716,5.329766365216243,2.5491677751892636,0.49051669860419844,59.34688952591151,2.890996336962063,0.0,306,2703
differential_sarsa,down_shift,0.1,0.001,1.0,5,2.1751400801671195,0.49574636743210987,102.30553603992924,5.418504815368641,2.5551591544917485,0.4865830140843948,62.144299198155565,2.9094631174713066,0.0,306,2703
differential_sarsa,down_shift,0.1,0.001,1.0,6,2.278686492943121,0.5165699707996073,101.13667773182573,5.36412585694047,2.551140881674059,0.490564913797106,59.19563107070002,2.8940511432822125,0.0,306,2703
differential_sarsa,down_shift,0.1,0.001,1.0,7,2.2093419558557996,0.48613466961546253,109.1871546249553,5.462983953243413,2.5505517151220665,0.4735806005258656,64.72087625103093,2.969828047786136,0.0,306,2703
differential_sarsa,down_shift,0.1,0.001,1.0,8,2.290129517367634,0.48834695807866674,111.0408352670509,5.409304129230576,2.51101112171089,0.47924227745426795,62.38696662064069,2.9116177392652522,0.0,306,2703
differential_sarsa,down_shift,0.1,0.001,1.0,9,2.2308687288477778,0.4826959551368644,107.75465400033845,5.3724334322690375,2.558249114947692,0.49137945860745563,57.76422043206492,2.900454743761612,0.0,306,2703
differential_sarsa,down_shift,0.1,0.003,1.0,0,2.385426996876064,0.5082699897289276,42.20261376109276,3.863453321306796,2.5638123780454447,0.49293592775731887,41.01265355383656,2.7806789383240127,0.0,306,2703
differential_sarsa,down_shift,0.1,0.003,1.0,1,2.349807291426275,0.49504512292040725,40.007642803428375,3.860571748257241,2.5666747658530573,0.5030202937687842,36.52287910340167,2.7689391183933436,0.0,306,2703
differential_sarsa,down_shift,0.1,0.003,1.0,2,2.419023485706329,0.5142969259740899,45.598427237463135,3.9361928714846237,2.5919019245969075,0.49735400896855103,43.21903447032564,2.779500622962773,0.0,306,2703
differential_sarsa,down_shift,0.1,0.003,1.0,3,2.2842231565253166,0.4910553132630333,41.82847999641276,3.9150966771235893,2.657154487064407,0.5101924494979557,36.73286768888726,2.7876475331251465,0.0,306,2703
differential_sarsa,down_shift,0.1,0.003,1.0,4,2.2804140975865637,0.49480416861746634,42.840920837711224,3.7945964528120233,2.5968967695619956,0.50416659777356,39.4857264796893,2.768329244635361,0.0,306,2703
differential_sarsa,down_shift,0.1,0.003,1.0,5,2.323200606849777,0.5059246036882549,43.45798126395293,3.923178983354818,2.598595866190961,0.5039059383309679,40.42634223910569,2.7795815597703477,0.0,306,2703
differential_sarsa,down_shift,0.1,0.003,1.0,6,2.4180299709680506,0.5090131323794294,43.94127210345132,3.858766387704846,2.5991777108426195,0.4988194391219328,43.85861362860565,2.7828266034494376,0.0,306,2703
differential_sarsa,down_shift,0.1,0.003,1.0,7,2.3748133323467338,0.5144047886652193,42.921863752394366,3.926104613269102,2.6465743016203676,0.5073143174739334,39.8082524799414,2.8055738227019225,0.0,306,2703
differential_sarsa,down_shift,0.1,0.003,1.0,8,2.409900093172879,0.5223998548663285,41.38761423595458,3.8675981290695702,2.576396409564574,0.49883417020827225,40.145467114642756,2.762921790622164,0.0,306,2703
differential_sarsa,down_shift,0.1,0.003,1.0,9,2.3555842389217565,0.5209321542551821,39.7457014184781,3.828400751384075,2.6249992788228993,0.5136844959955851,38.16441719760781,2.7611462008059124,0.0,306,2703
differential_sarsa,down_shift,0.1,0.01,1.0,0,2.4217908200495493,0.5076015338424825,32.96491312928247,3.0027767466413366,2.596634354463328,0.5093237408747178,34.31493861242051,2.728477572459682,0.0,306,2703
differential_sarsa,down_shift,0.1,0.01,1.0,1,2.479471186553463,0.49025962726920236,34.40609410821827,3.1092406944263584,2.591792323063301,0.5005536376083539,36.111256626075196,2.759406808601553,0.0,306,2703
differential_sarsa,down_shift,0.1,0.01,1.0,2,2.533126403582218,0.536940292066615,31.618285035233775,3.0869004157299202,2.613924925606162,0.5095521612255915,34.18660822946993,2.7625998509048255,0.0,306,2703
differential_sarsa,down_shift,0.1,0.01,1.0,3,2.374725430784184,0.4852486412236762,34.617039733949326,3.05869347634472,2.64901290944085,0.5114838150536586,34.891393948148654,2.7936417181710937,0.0,306,2703
differential_sarsa,down_shift,0.1,0.01,1.0,4,2.4034404004075016,0.5055205002754446,32.48177177213122,2.9511017113218885,2.624665431978376,0.5105360254888451,34.101100967467055,2.740300169662016,0.0,306,2703
differential_sarsa,down_shift,0.1,0.01,1.0,5,2.499918746956951,0.5172604272642789,32.6993386509208,3.0856535419178357,2.60376514517397,0.5088093566587757,35.169916440754335,2.7347449334961644,0.0,306,2703
differential_sarsa,down_shift,0.1,0.01,1.0,6,2.5372096820297805,0.5354777018226332,31.364382633891154,3.0216699684887303,2.6302308359738293,0.5188180356031942,33.29829460351897,2.7171497260247355,0.0,306,2703
differential_sarsa,down_shift,0.1,0.01,1.0,7,2.4667140379334676,0.519139602947216,30.068016637468418,3.044008873125854,2.635537878438181,0.5232755336988004,31.558596060639616,2.7272893131823133,0.0,306,2703
differential_sarsa,down_shift,0.1,0.01,1.0,8,2.5657918614352293,0.5209695526487761,32.54960069497827,3.093710407138293,2.5761807324464123,0.5063472737135086,34.184135080110636,2.729689863134225,0.0,306,2703
differential_sarsa,down_shift,0.1,0.01,1.0,9,2.506312462344041,0.5173807024987476,28.909812823341966,3.0316562912076677,2.6032200544410222,0.5199470415221448,32.872542577541005,2.7078707970806613,0.0,306,2703
differential_sarsa,down_shift,0.1,0.03,1.0,0,2.5118119018620915,0.537321268320664,28.327083094491357,2.6474936885539218,2.570396331075941,0.5142600226108589,30.540677160578785,2.6541763207776152,0.0,306,2703
differential_sarsa,down_shift,0.1,0.03,1.0,1,2.358569225412565,0.512186303526394,28.552635167881263,2.6631152558688935,2.5730364255664036,0.5229399780458216,30.105045086134133,2.631532060629207,0.0,306,2703
differential_sarsa,down_shift,0.1,0.03,1.0,2,2.5776139368855304,0.5432197308626681,28.555111262261516,2.7404766581676285,2.5835329918475924,0.5141234294466571,30.450847256567986,2.6663813950636497,0.0,306,2703
differential_sarsa,down_shift,0.1,0.03,1.0,3,2.461656166871264,0.4975786542963919,28.795892397755406,2.748486578367096,2.637849787853598,0.5267712787754898,29.13670150991694,2.668039186115628,0.0,306,2703
differential_sarsa,down_shift,0.1,0.03,1.0,4,2.466265212309318,0.5081405337375712,28.795471698077897,2.6651920168641032,2.58085919534254,0.5252249356323522,29.897509694118156,2.6264432008530862,0.0,306,2703
differential_sarsa,down_shift,0.1,0.03,1.0,5,2.5432288424463296,0.5128279373917862,28.637378013152574,2.7746356498401763,2.5943329974747775,0.5214858346068407,30.604159665460642,2.650564734219713,0.0,306,2703
differential_sarsa,down_shift,0.1,0.03,1.0,6,2.5637311420425943,0.5132243988354775,28.664651257943124,2.7774727481402333,2.578768281953379,0.5272494209848,30.602740713803676,2.6224368076723352,0.0,306,2703
differential_sarsa,down_shift,0.1,0.03,1.0,7,2.5337139592384132,0.5229762746073616,29.09347955901651,2.797020868663418,2.6310117736091665,0.5202174686153929,30.223253634565733,2.6883313088157066,0.0,306,2703
differential_sarsa,down_shift,0.1,0.03,1.0,8,2.566600977616448,0.5298815364289882,28.782573561419383,2.6820610516371506,2.569183112850271,0.514604533150258,30.69918232507615,2.646591923095797,0.0,306,2703
differential_sarsa,down_shift,0.1,0.03,1.0,9,2.577312386994675,0.5222717589022711,27.420041518127025,2.788372366490923,2.620226160537989,0.5262600302856651,30.8885601077025,2.6349607575353833,0.0,306,2703
differential_sarsa,down_shift,0.1,0.1,1.0,0,2.523953416868989,0.5393953400051279,24.44089780206025,2.414841046427438,2.5309830607007973,0.52986590717071,25.579359224002456,2.442421018633545,0.0,306,2703
differential_sarsa,down_shift,0.1,0.1,1.0,1,2.4809330318726426,0.5126461254779023,24.314628025726407,2.5053028515702938,2.568099886391901,0.5304564748926802,25.49197365815597,2.4623429439574327,0.0,306,2703
differential_sarsa,down_shift,0.1,0.1,1.0,2,2.6339040963288936,0.5424764249684474,23.75429818387169,2.5678615772770184,2.560503870242073,0.5262367760178249,25.798739529010124,2.4726083922900064,0.0,306,2703
differential_sarsa,down_shift,0.1,0.1,1.0,3,2.3993478895311187,0.5155653216209481,25.115467033267386,2.414456003459953,2.6312007309253884,0.5355053330134875,25.70636669516813,2.5020552618295633,0.0,306,2703
differential_sarsa,down_shift,0.1,0.1,1.0,4,2.4486863501192992,0.5202725448053559,24.352780789699633,2.4332286447253595,2.5748279202274995,0.5344329117896224,25.367219959796522,2.4607734675213737,0.0,306,2703
differential_sarsa,down_shift,0.1,0.1,1.0,5,2.5257520823230823,0.5268609405284064,24.943218100497187,2.5138735031178334,2.565181563715987,0.5291391831118694,26.69700340645742,2.459016325086785,0.0,306,2703
differential_sarsa,down_shift,0.1,0.1,1.0,6,2.583990764358158,0.5274649409696697,24.495951609227582,2.49995054532816,2.58661747328931,0.5308693290132853,26.482024408749126,2.460646916509215,0.0,306,2703
differential_sarsa,down_shift,0.1,0.1,1.0,7,2.520829752471223,0.5338759605604693,24.42514847950129,2.527636512638071,2.6012159188726263,0.5369067073388651,25.52711412271753,2.474341182846052,0.0,306,2703
differential_sarsa,down_shift,0.1,0.1,1.0,8,2.5297150225457576,0.5365523955990825,23.814516815006545,2.4536465864019736,2.519238707329587,0.5320356182209198,25.498813026890502,2.4242711014709433,0.0,306,2703
differential_sarsa,down_shift,0.1,0.1,1.0,9,2.4994094323853076,0.5441150227769199,23.527874685996885,2.4292957632110195,2.5467916327590663,0.5401335968677143,25.105520260281995,2.4328184382265037,0.0,306,2703
differential_sarsa,sign_shift,0.02,0.001,1.0,0,2.467403211613181,0.5342218741051439,28.740237616126887,7.25783906271911,2.5496926400292033,0.5378072809168658,46.21178065992605,2.669440256616792,0.0,306,2703
differential_sarsa,sign_shift,0.02,0.001,1.0,1,2.4342220265266366,0.5312455839255886,28.436259784999386,7.2822931714313555,2.527467386699703,0.5464160352689995,46.39729626686476,2.6400666578810137,0.0,306,2703
differential_sarsa,sign_shift,0.02,0.001,1.0,2,2.6275719333070064,0.5496346979404358,29.25117664859262,7.2963677638892115,2.568675088236045,0.5354489998298896,46.067579646288664,2.6797139017260383,0.0,306,2703
differential_sarsa,sign_shift,0.02,0.001,1.0,3,2.458129667556079,0.5128485506336551,28.111161217816385,7.271526442478769,2.5981563048814595,0.552815415536626,45.90286975098133,2.6675321835675336,0.0,306,2703
differential_sarsa,sign_shift,0.02,0.001,1.0,4,2.4960969461629094,0.5362821648912466,29.0244890365589,7.319694134912484,2.5275575771094263,0.5475386091215367,46.37276394150851,2.654012574509758,0.0,306,2703
differential_sarsa,sign_shift,0.02,0.001,1.0,5,2.457645985728433,0.532905512793136,27.932805393650227,7.254445510662299,2.456426829813274,0.5559487595189739,45.68026594272731,2.55033054360237,0.0,306,2703
differential_sarsa,sign_shift,0.02,0.001,1.0,6,2.541768910907433,0.5425430159983811,29.101668002608527,7.317889531977349,2.5304840003793574,0.5497073158595327,46.03745451200497,2.639486754668892,0.0,306,2703
differential_sarsa,sign_shift,0.02,0.001,1.0,7,2.4969110573271056,0.5449855633513573,28.54254519689789,7.178683053964278,2.5652615762215154,0.5521648673222552,46.16606923304437,2.656503424801632,0.0,306,2703
differential_sarsa,sign_shift,0.02,0.001,1.0,8,2.6508533408960684,0.5509184696674022,29.61854471429321,7.276469558326295,2.5424059361288274,0.5419719664636024,45.77599746508285,2.6295199663591178,0.0,306,2703
differential_sarsa,sign_shift,0.02,0.001,1.0,9,2.6051834172983335,0.5223080807620786,29.120156986109915,7.378776505448839,2.5834844347028474,0.5476992278022315,45.98063091903754,2.6558263484676177,0.0,306,2703
differential_sarsa,sign_shift,0.02,0.003,1.0,0,2.4846893880511867,0.5497417125863905,23.320253900215395,4.30727021845428,2.479639121963717,0.5447678214569297,25.2367119883514,2.565821196709675,0.0,306,2703
differential_sarsa,sign_shift,0.02,0.003,1.0,1,2.415261075103872,0.5324768305995704,23.69062907341863,4.321875146581134,2.5067134831170077,0.5497200385912809,25.533708764020506,2.582035149212435,0.0,306,2703
differential_sarsa,sign_shift,0.02,0.003,1.0,2,2.5552808277838666,0.5665877162944384,24.05367459228516,4.303549025920799,2.482010698930715,0.5451746511307527,25.647670014348417,2.571272811165067,0.0,306,2703
differential_sarsa,sign_shift,0.02,0.003,1.0,3,2.426374171586167,0.5169789059899265,23.06301554268686,4.302844696559421,2.5722553722264925,0.5563817243134381,25.05631653009894,2.5967393551239177,0.0,306,2703
differential_sarsa,sign_shift,0.02,0.003,1.0,4,2.518437106135262,0.5300117376139417,24.289222964015917,4.359086309555348,2.559625919435834,0.5450546321253799,25.5025548795465,2.60902992379806,0.0,306,2703
differential_sarsa,sign_shift,0.02,0.003,1.0,5,2.5288561984029356,0.5311458484061209,23.375660664612308,4.308782034478364,2.5536176266726396,0.5430948323454332,25.66283660338423,2.600337929964594,0.0,306,2703
differential_sarsa,sign_shift,0.02,0.003,1.0,6,2.5984962935463303,0.5501345692861721,24.698878462066972,4.3763263507127474,2.5706209626804744,0.5458999681899767,26.268801142132045,2.6072767340002665,0.0,306,2703
differential_sarsa,sign_shift,0.02,0.003,1.0,7,2.4914016441883677,0.550733146077847,23.861323630754455,4.211980230558741,2.539569852937417,0.5578193702688022,25.3590305000343,2.593529914628394,0.0,306,2703
differential_sarsa,sign_shift,0.02,0.003,1.0,8,2.675631396238747,0.5509102619239646,23.67319269556244,4.317487108217559,2.5518035190625286,0.5461249033319852,25.37269950975956,2.5875774098677584,0.0,306,2703
differential_sarsa,sign_shift,0.02,0.003,1.0,9,2.4935966454496863,0.553606705149386,23.480958098560457,4.355372898095745,2.506185374397965,0.5584214093622566,24.967736089053144,2.5775643074729797,0.0,306,2703
differential_sarsa,sign_shift,0.02,0.01,1.0,0,2.479941077810024,0.5340629718921888,20.032137013871406,3.0924485969635844,2.5277337315016544,0.5416531182970145,21.165990884445893,2.5920206118559954,0.0,306,2703
differential_sarsa,sign_shift,0.02,0.01,1.0,1,2.441952820200785,0.5352052281378813,19.66597237172888,3.02422040650548,2.5288052719927387,0.5442711746478037,21.194996399324676,2.5856842443901273,0.0,306,2703
differential_sarsa,sign_shift,0.02,0.01,1.0,2,2.552747533820026,0.5615686126029605,20.082378802829584,3.131892598420585,2.508325750660319,0.5416096369284685,21.520369834292687,2.594661570953063,0.0,306,2703
differential_sarsa,sign_shift,0.02,0.01,1.0,3,2.441412429756989,0.5139047000353469,19.83343162103444,3.066248291110425,2.5659632910105663,0.553901884714333,20.919710649543756,2.5944502599207513,0.0,306,2703
differential_sarsa,sign_shift,0.02,0.01,1.0,4,2.3892856316545066,0.5278779085846278,20.493756852862763,3.04949593802427,2.536104147046202,0.5466285968470217,21.51107054940369,2.5956281859856456,0.0,306,2703
differential_sarsa,sign_shift,0.02,0.01,1.0,5,2.4270195776009644,0.5360881852420801,19.353329178226026,3.0526838520835273,2.5051787119958013,0.553658582205871,20.638146058393435,2.5648647474325097,0.0,306,2703
differential_sarsa,sign_shift,0.02,0.01,1.0,6,2.5553425384507715,0.5456608378675746,20.30905040839234,3.160540075372325,2.5510859295550152,0.5480295070563976,21.6155579867187,2.585995869251761,0.0,306,2703
differential_sarsa,sign_shift,0.02,0.01,1.0,7,2.5422398661800916,0.5469873747766346,20.153842602478896,3.0443837217822156,2.570834045783858,0.5506058152805188,21.35661668641207,2.6076186158855252,0.0,306,2703
differential_sarsa,sign_shift,0.02,0.01,1.0,8,2.551346798065299,0.5487632483722471,20.255795913418567,3.0845854699943147,2.5004204569712476,0.5403640657081439,21.510858257969954,2.5625828774357453,0.0,306,2703
differential_sarsa,sign_shift,0.02,0.01,1.0,9,2.5194782102214237,0.5402394272397183,19.95380786350852,3.0971169636257523,2.534886064800664,0.5539565683191291,21.002195980773827,2.5772259399207478,0.0,306,2703
differential_sarsa,sign_shift,0.02,0.03,1.0,0,2.5324705487807444,0.5422695297204967,18.840648953348108,2.687405646862418,2.525885506860311,0.5358814560007183,20.408794102225468,2.5409130392619668,0.0,306,2703
differential_sarsa,sign_shift,0.02,0.03,1.0,1,2.4062633719580746,0.5405933987575381,18.88740989565858,2.6022315520224235,2.547625950484502,0.5404565424754079,20.50456198313461,2.557301415295369,0.0,306,2703
differential_sarsa,sign_shift,0.02,0.03,1.0,2,2.5779085651851688,0.5527962474947469,18.930850987835267,2.7394873240151427,2.5628116383354484,0.5370068574655504,20.76054813060763,2.5887292470475343,0.0,306,2703
differential_sarsa,sign_shift,0.02,0.03,1.0,3,2.390788766615353,0.5195071841985359,18.280031839643684,2.673910213167089,2.58512258465929,0.5544158295713543,19.523074904305442,2.5613683267274756,0.0,306,2703
differential_sarsa,sign_shift,0.02,0.03,1.0,4,2.5298131990598973,0.531600417044476,18.95614862540984,2.733871359600592,2.551644625384176,0.5436686853855935,20.237909142684057,2.5578772965558145,0.0,306,2703
differential_sarsa,sign_shift,0.02,0.03,1.0,5,2.47480749789039,0.5487322805346916,18.167461855079246,2.6518714908735395,2.5481022521196963,0.5402287233695581,20.472883286976053,2.550349379949534,0.0,306,2703
differential_sarsa,sign_shift,0.02,0.03,1.0,6,2.516750338233784,0.5395991806302521,18.91769216338115,2.738163916794152,2.5556424236446373,0.5473987698829692,20.42143290993207,2.543035316464613,0.0,306,2703
differential_sarsa,sign_shift,0.02,0.03,1.0,7,2.4506456759221598,0.554626967416485,18.128378572110975,2.6505272432420925,2.567230399783957,0.5507147779883863,19.882612098669036,2.557199838058003,0.0,306,2703
differential_sarsa,sign_shift,0.02,0.03,1.0,8,2.5532617453139825,0.5489725422241505,19.09478687902799,2.6803727479770987,2.5082241835349843,0.5382013287371441,20.600842249938662,2.5257178709245283,0.0,306,2703
differential_sarsa,sign_shift,0.02,0.03,1.0,9,2.4873503584057666,0.5548807230705654,18.403213058599967,2.6734597603099326,2.549902790175176,0.5496387812660187,20.134876052155878,2.5382115904992246,0.0,306,2703
differential_sarsa,sign_shift,0.02,0.1,1.0,0,2.5045409025573053,0.5427971301460106,16.82992382282657,2.4253586642093508,2.523500577146904,0.5460440139476264,18.27490749475757,2.3827156957542313,0.0,306,2703
differential_sarsa,sign_shift,0.02,0.1,1.0,1,2.467580221635227,0.5281011469186442,16.946925633511757,2.444857475064695,2.530958410401851,0.5443671737360295,18.347612067561556,2.399643733167465,0.0,306,2703
differential_sarsa,sign_shift,0.02,0.1,1.0,2,2.5330392111934863,0.5600413570135392,17.070217058868078,2.459628189953605,2.5227327564839133,0.5421064748657618,18.505343509747725,2.4152307152789976,0.0,306,2703
differential_sarsa,sign_shift,0.02,0.1,1.0,3,2.4030451889856694,0.5195346354218779,16.991197051719197,2.4301442605662067,2.57654302487633,0.55549844912152,18.166861737395205,2.4221951905671855,0.0,306,2703
differential_sarsa,sign_shift,0.02,0.1,1.0,4,2.4046700494733666,0.5356194459229197,17.018452577966237,2.3828512522023426,2.533098380692624,0.5479689471612459,18.113520448532068,2.40410580894044,0.0,306,2703
differential_sarsa,sign_shift,0.02,0.1,1.0,5,2.4751990773501102,0.5340296612988166,16.944562562352743,2.4646567383332094,2.5354304111636936,0.5503147241475759,18.214564632530024,2.4017860167728187,0.0,306,2703
differential_sarsa,sign_shift,0.02,0.1,1.0,6,2.5210321840688414,0.5580191977873907,16.806659705118655,2.4288918250936775,2.5219415825301117,0.5525052987109137,18.276011766538556,2.393007610259433,0.0,306,2703
differential_sarsa,sign_shift,0.02,0.1,1.0,7,2.4442113376913097,0.555779124141469,16.36514632056206,2.378733877217506,2.5543069694548226,0.5555979813999251,17.804613965435237,2.410130884182042,0.0,306,2703
differential_sarsa,sign_shift,0.02,0.1,1.0,8,2.50335480446185,0.5599050487782479,16.908691561133903,2.3586197425038615,2.5048099720614947,0.5424949377261067,18.24583317937971,2.383642373111609,0.0,306,2703
differential_sarsa,sign_shift,0.02,0.1,1.0,9,2.466717270617571,0.5627816212728629,16.578472640938063,2.3648864158122165,2.5384636916503482,0.5496380438800921,18.191055611982932,2.3960712799405814,0.0,306,2703
differential_sarsa,sign_shift,0.05,0.001,1.0,0,2.550887109781252,0.5263191427225722,51.371433568826404,7.292534164284291,2.5617490567173,0.5188245577589758,91.28784685880494,2.7293358985635985,0.0,306,2703
differential_sarsa,sign_shift,0.05,0.001,1.0,1,2.377833221523241,0.5252972429126389,53.00168968773021,7.261435215859444,2.542949745570644,0.529596111116783,92.31895015856546,2.7149250019376163,0.0,306,2703
differential_sarsa,sign_shift,0.05,0.001,1.0,2,2.6136374308180246,0.5441673023206196,50.67006205932994,7.270154010912832,2.564473494755465,0.5303942259143694,90.88081903696961,2.6905674255057277,0.0,306,2703
differential_sarsa,sign_shift,0.05,0.001,1.0,3,2.451126469286566,0.49620566921860004,51.58078876881295,7.266930750843314,2.626402961624538,0.5361719306758507,91.48343581499401,2.7558831584275114,0.0,306,2703
differential_sarsa,sign_shift,0.05,0.001,1.0,4,2.48501924721767,0.5041631343379167,53.4899222265545,7.297600364912648,2.598261979817991,0.5195337935002736,91.19719592002943,2.7692022127176887,0.0,306,2703
differential_sarsa,sign_shift,0.05,0.001,1.0,5,2.5577764931741283,0.5211020546914978,52.36403221027966,7.3099950909043825,2.6041586067421094,0.517236688127705,89.91281411246695,2.7703317050184983,0.0,306,2703
differential_sarsa,sign_shift,0.05,0.001,1.0,6,2.6232039986415443,0.5329594456363594,53.1165365326635,7.340754010987532,2.6041797131013893,0.528310879314142,90.98742946572597,2.75491819939931,0.0,306,2703
differential_sarsa,sign_shift,0.05,0.001,1.0,7,2.5715657151657343,0.5256465501193912,51.57647838306089,7.233469027166245,2.6249024242403816,0.5340738776844847,91.73166931785852,2.733301109240625,0.0,306,2703
differential_sarsa,sign_shift,0.05,0.001,1.0,8,2.68247226324513,0.522172983312083,52.17307328848096,7.24057092965229,2.5932203606215976,0.5224854235657461,89.66655565522359,2.7101415836458527,0.0,306,2703
differential_sarsa,sign_shift,0.05,0.001,1.0,9,2.581271401507806,0.5271525639926388,51.2096057287504,7.3577550745969384,2.5784390564699398,0.5394808786150842,90.14566742141969,2.6609976107643423,0.0,306,2703
differential_sarsa,sign_shift,0.05,0.003,1.0,0,2.518013035344197,0.5263352574512337,38.501424887938136,4.324049556287488,2.562119797527613,0.5239197890922928,40.00710335505036,2.659986449089488,0.0,306,2703
differential_sarsa,sign_shift,0.05,0.003,1.0,1,2.437364891485296,0.5165835048351121,39.376617381770686,4.343661596305537,2.5574881466701345,0.5260975676207391,40.64888423813281,2.6957987874740175,0.0,306,2703
differential_sarsa,sign_shift,0.05,0.003,1.0,2,2.602405623030956,0.5487481632669764,38.85973445348571,4.3547116064356794,2.5575799731680147,0.5285168514080941,39.888422299245434,2.6730225997601673,0.0,306,2703
differential_sarsa,sign_shift,0.05,0.003,1.0,3,2.4791706746647697,0.4910084465328359,38.87611512782248,4.351482166933432,2.6171731739618047,0.5344975347252974,40.1410649736828,2.7222182210611026,0.0,306,2703
differential_sarsa,sign_shift,0.05,0.003,1.0,4,2.4499178705977225,0.5212043946914451,38.53155821659888,4.331959070029855,2.580076724849598,0.5346164852022764,39.24820466828141,2.663354599936901,0.0,306,2703
differential_sarsa,sign_shift,0.05,0.003,1.0,5,2.5676203389810723,0.5176444086703417,37.84054454596602,4.358136695421053,2.5884792910343557,0.5188078325569088,40.56667564209891,2.695420563838281,0.0,306,2703
differential_sarsa,sign_shift,0.05,0.003,1.0,6,2.53487576843325,0.5283636803527914,39.61876727060494,4.3832602908054525,2.547028450789635,0.5411388642237533,40.536810058044416,2.6467274912681664,0.0,306,2703
differential_sarsa,sign_shift,0.05,0.003,1.0,7,2.5828752897257554,0.51723752139571,39.78443449613011,4.3167979099566915,2.6258080371028405,0.5247816004617661,40.98917167965855,2.750147012782541,0.0,306,2703
differential_sarsa,sign_shift,0.05,0.003,1.0,8,2.5891876672140435,0.5348502228959614,39.17393596511387,4.2536838685036145,2.522132345888851,0.5266791065472674,40.15111258927845,2.637176096786075,0.0,306,2703
differential_sarsa,sign_shift,0.05,0.003,1.0,9,2.534086693407411,0.5455544747411779,38.064649814434844,4.393433982014848,2.581559617825491,0.5366561349099805,39.66162146222056,2.67208099229859,0.0,306,2703
differential_sarsa,sign_shift,0.05,0.01,1.0,0,2.486772338585098,0.5499944081631745,26.727502560529814,3.084708101321278,2.528474499184548,0.5239040481585442,26.677765111374327,2.6667476125997336,0.0,306,2703
differential_sarsa,sign_shift,0.05,0.01,1.0,1,2.3769983669682313,0.5318235698517949,26.400968764362833,2.963261695808309,2.565241126847006,0.5323496735192628,27.250703507382774,2.628635367448462,0.0,306,2703
differential_sarsa,sign_shift,0.05,0.01,1.0,2,2.609525984692682,0.5517185636552778,27.836315545769544,3.1461662544750357,2.5522121176288945,0.5260885829912891,27.357933725536864,2.669589017100549,0.0,306,2703
differential_sarsa,sign_shift,0.05,0.01,1.0,3,2.3796624618364075,0.5019436480559119,26.588018291543182,3.038870819795002,2.6072061449743855,0.5387502545523046,26.82350612505523,2.671584090891441,0.0,306,2703
differential_sarsa,sign_shift,0.05,0.01,1.0,4,2.4750142014654744,0.5219339756745003,27.864411657898696,3.1358351323769273,2.573693305648074,0.5363562612911438,26.824019144473187,2.6568049903369224,0.0,306,2703
differential_sarsa,sign_shift,0.05,0.01,1.0,5,2.5509083782655115,0.5207348841267109,26.374936068478174,3.1435078689556972,2.5678288059096266,0.5321488394709056,27.29464508552252,2.6417154419426554,0.0,306,2703
differential_sarsa,sign_shift,0.05,0.01,1.0,6,2.5795518355651907,0.5248142323832603,27.682416023822952,3.227914428874065,2.568089059851307,0.5355841142828857,27.93037060023984,2.6429373005787458,0.0,306,2703
differential_sarsa,sign_shift,0.05,0.01,1.0,7,2.558708569412712,0.528384393621012,26.362170379454714,3.138099817242331,2.606724653382324,0.5320240495840375,27.102889464966722,2.701966502882472,0.0,306,2703
differential_sarsa,sign_shift,0.05,0.01,1.0,8,2.599579857800556,0.5482604296513496,26.38323092686917,3.1246221041264266,2.530553052430205,0.5351839373553012,26.654190287846077,2.6217522488512475,0.0,306,2703
differential_sarsa,sign_shift,0.05,0.01,1.0,9,2.534165126062068,0.5460777876041957,27.865225276185093,3.0761195613007746,2.5745120374505004,0.5363363597234424,27.662385961118808,2.6590603774871333,0.0,306,2703
differential_sarsa,sign_shift,0.05,0.03,1.0,0,2.5038964096388385,0.5242232005035222,23.915983438631173,2.7436871086051005,2.557553847419899,0.536858752973528,24.905674683783772,2.5619467805875917,0.0,306,2703
differential_sarsa,sign_shift,0.05,0.03,1.0,1,2.4542664485241414,0.5289857441550637,24.15365945123842,2.6495521331871905,2.567866113139104,0.5308155942073884,25.28945507991125,2.6160116392778208,0.0,306,2703
differential_sarsa,sign_shift,0.05,0.03,1.0,2,2.588544258447366,0.544320006267569,23.80256584221743,2.7751910689044026,2.566600441812635,0.5291233296928531,25.1997472915249,2.6243546441969183,0.0,306,2703
differential_sarsa,sign_shift,0.05,0.03,1.0,3,2.436204376466205,0.5124809075924527,22.688424203240885,2.6851197172424013,2.606462258107606,0.5465808797126447,23.8939338623147,2.5873952274163963,0.0,306,2703
differential_sarsa,sign_shift,0.05,0.03,1.0,4,2.4882528593019364,0.5282472976258593,24.22868890170608,2.6898854394399283,2.56801505908001,0.5389251980195616,25.01011479184109,2.5889302346349243,0.0,306,2703
differential_sarsa,sign_shift,0.05,0.03,1.0,5,2.5628414093518925,0.5284601697905325,23.638842932117342,2.7871527200734074,2.5745334059522986,0.5283123702010882,25.53672362541029,2.6216232297995203,0.0,306,2703
differential_sarsa,sign_shift,0.05,0.03,1.0,6,2.5997808077617024,0.5483639452683838,24.132518462326143,2.74795994218656,2.57908498123732,0.5373443279434795,25.142019287694758,2.600550262702934,0.0,306,2703
differential_sarsa,sign_shift,0.05,0.03,1.0,7,2.5565054270289327,0.5315179979546761,23.72233029606623,2.716094476207793,2.6176737222106166,0.5443427942934796,24.7453782260383,2.6258698416878126,0.0,306,2703
differential_sarsa,sign_shift,0.05,0.03,1.0,8,2.5640657005321117,0.5424806503503166,23.50496586925936,2.691339251028337,2.5429928545331193,0.5349791212279881,24.79534167036283,2.564975843383993,0.0,306,2703
differential_sarsa,sign_shift,0.05,0.03,1.0,9,2.5675465110526408,0.5277724902799237,23.750169251201086,2.7918061301200114,2.57953091795893,0.542313099832535,24.79933114451334,2.583409235397946,0.0,306,2703
differential_sarsa,sign_shift,0.05,0.1,1.0,0,2.514597600003322,0.535908164344182,20.794551181491066,2.4690858220392475,2.5345882930562573,0.5415124295366351,21.663098990897776,2.40490034748305,0.0,306,2703
differential_sarsa,sign_shift,0.05,0.1,1.0,1,2.402705006892337,0.5372323800386827,20.822676138609026,2.3539205816494304,2.54882172381494,0.5385571672319458,21.84116900051241,2.434074767356913,0.0,306,2703
differential_sarsa,sign_shift,0.05,0.1,1.0,2,2.5304626989453305,0.5584788698550379,20.57854656326917,2.436138521573283,2.5542433329503345,0.5362048631959411,21.98530560256907,2.4448392462838604,0.0,306,2703
differential_sarsa,sign_shift,0.05,0.1,1.0,3,2.4488931546747064,0.5054918902807389,20.729806160402614,2.478581824519623,2.5878167557793357,0.550555007807144,21.235087050891984,2.422620426418782,0.0,306,2703
differential_sarsa,sign_shift,0.05,0.1,1.0,4,2.4552270087550325,0.5230162216020023,21.192288728384842,2.4133831113094013,2.5702853649343855,0.5398274443107917,21.789087972616908,2.4466928317756675,0.0,306,2703
differential_sarsa,sign_shift,0.05,0.1,1.0,5,2.529414551551191,0.5348733604322582,20.560051824910776,2.5189450606933788,2.5581001430917656,0.5359370117228323,22.101029202986922,2.4401426812891773,0.0,306,2703
differential_sarsa,sign_shift,0.05,0.1,1.0,6,2.5887990953299287,0.542034524914685,21.233859409038672,2.4742240925403243,2.5843774884841877,0.5414659651130398,22.466932204529726,2.4464615146621758,0.0,306,2703
differential_sarsa,sign_shift,0.05,0.1,1.0,7,2.5675901771429266,0.5341829183909428,20.55380603109109,2.5116113349411955,2.6057050605393712,0.5347337622832614,22.824408209106757,2.4712388645732672,0.0,306,2703
differential_sarsa,sign_shift,0.05,0.1,1.0,8,2.5750322713009304,0.548133289712589,20.913422450191206,2.459662978360167,2.5191238517947534,0.5387305314842213,22.091085826718682,2.392370377682162,0.0,306,2703
differential_sarsa,sign_shift,0.05,0.1,1.0,9,2.5250611726072534,0.5313510425858997,20.472892084891445,2.492622351937954,2.5597823032122826,0.543835061357141,21.874048023378982,2.4267321374235635,0.0,306,2703
differential_sarsa,sign_shift,0.1,0.001,1.0,0,2.5704392140516723,0.5118141065995454,84.47219317874425,7.292597037298589,2.5618403916054646,0.5123914806620954,160.70862404048373,2.7598318689767023,0.0,306,2703
differential_sarsa,sign_shift,0.1,0.001,1.0,1,2.4985890861414,0.48762732522694774,87.6562506779477,7.294235659802855,2.5817382815633043,0.5100089689978424,160.76747540523354,2.7803098304085934,0.0,306,2703
differential_sarsa,sign_shift,0.1,0.001,1.0,2,2.6588297937396677,0.527095711212825,89.35064710142404,7.301608750131953,2.5596440964081486,0.513874770150806,162.24808604184992,2.745115525095561,0.0,306,2703
differential_sarsa,sign_shift,0.1,0.001,1.0,3,2.538043481211032,0.47751294595678445,87.12912285363852,7.318855393123247,2.6156032185992073,0.525387664839404,162.1123810005978,2.756846496406116,0.0,306,2703
differential_sarsa,sign_shift,0.1,0.001,1.0,4,2.511721504072792,0.498599652272059,81.46428745058562,7.290271471332386,2.5815937335942585,0.5148467988775275,158.2341921330568,2.746964753239699,0.0,306,2703
differential_sarsa,sign_shift,0.1,0.001,1.0,5,2.550793153006929,0.49979604678753703,85.12989471375039,7.291330309316204,2.6081346923417508,0.5197195967979404,158.58873304776236,2.763909331206625,0.0,306,2703
differential_sarsa,sign_shift,0.1,0.001,1.0,6,2.620306332978461,0.4966245824896825,84.9629849632666,7.337360001300203,2.5860023235008804,0.5101551961718419,160.56606546040396,2.7995027801487766,0.0,306,2703
differential_sarsa,sign_shift,0.1,0.001,1.0,7,2.546591053451742,0.49114902246279424,87.4322460006073,7.195651977732173,2.5895268998310312,0.5072905305227763,159.4928788605693,2.79728611099195,0.0,306,2703
differential_sarsa,sign_shift,0.1,0.001,1.0,8,2.711287671794236,0.5114378374685389,86.32512531833544,7.233286585081753,2.5978279586767923,0.5157353202447938,157.044771004666,2.7282934096903206,0.0,306,2703
differential_sarsa,sign_shift,0.1,0.001,1.0,9,2.523679938707725,0.5086581210118077,85.44761888620476,7.331035215260912,2.558174885862074,0.520262177527967,159.208614340083,2.7265364283989277,0.0,306,2703
differential_sarsa,sign_shift,0.1,0.003,1.0,0,2.5758603379944653,0.5186791753886756,60.848741466281055,4.375116935785932,2.5663782024440964,0.5074639220920363,62.861545588046404,2.733982469015019,0.0,306,2703
differential_sarsa,sign_shift,0.1,0.003,1.0,1,2.464030568064337,0.5025850123713218,57.053833178466576,4.36240077253046,2.5802303286495456,0.5227664328175217,61.69635275457535,2.7001250452592074,0.0,306,2703
differential_sarsa,sign_shift,0.1,0.003,1.0,2,2.608606073636842,0.5368834554524525,60.02700830384945,4.35135065782352,2.548767280731437,0.5202381417458761,62.18426137407574,2.6814678476574234,0.0,306,2703
differential_sarsa,sign_shift,0.1,0.003,1.0,3,2.500402529988612,0.4882260689976195,59.37492630655855,4.38741012752652,2.629720756498795,0.5287251720216469,62.2253381124408,2.7282206280361043,0.0,306,2703
differential_sarsa,sign_shift,0.1,0.003,1.0,4,2.4711860547139524,0.4993618277945784,61.95032258212135,4.388226407161776,2.5940837195293938,0.5213535418598811,63.82859734976436,2.737488652526997,0.0,306,2703
differential_sarsa,sign_shift,0.1,0.003,1.0,5,2.5271140723955874,0.5015117548315701,59.06821457738619,4.3461750838415005,2.599573325919252,0.5154168334180916,62.426660812606535,2.7508731418751133,0.0,306,2703
differential_sarsa,sign_shift,0.1,0.003,1.0,6,2.570505764587976,0.5155391853097596,59.59716291570345,4.3950594060310095,2.577572137536429,0.5275314847436544,62.006454174875834,2.6779549298420817,0.0,306,2703
differential_sarsa,sign_shift,0.1,0.003,1.0,7,2.578992814825535,0.5178774511177479,61.26518707591865,4.310870403681887,2.618831134650753,0.5289692444386284,62.62505249234052,2.712993828137388,0.0,306,2703
differential_sarsa,sign_shift,0.1,0.003,1.0,8,2.735345769572017,0.5282782828478779,61.90234094357069,4.36807224962386,2.5916779384446267,0.5224601508951915,62.8606248408985,2.690008048923965,0.0,306,2703
differential_sarsa,sign_shift,0.1,0.003,1.0,9,2.6407530696095125,0.5104232005972208,60.993537711208866,4.440819719037165,2.607951087674882,0.5280613995110963,62.134807613450626,2.702396327572847,0.0,306,2703
differential_sarsa,sign_shift,0.1,0.01,1.0,0,2.5410395309286273,0.5313496627694902,35.11588125883425,3.1092288782471518,2.5486380691976724,0.5209283597774912,33.4266693010521,2.6579590425820703,0.0,306,2703
differential_sarsa,sign_shift,0.1,0.01,1.0,1,2.4373761311279543,0.49422480071730557,38.125529695622404,3.073903323737763,2.583414823644946,0.5182212467652881,35.38417702826909,2.6913457035256485,0.0,306,2703
differential_sarsa,sign_shift,0.1,0.01,1.0,2,2.6453671979957463,0.5379189983457544,36.54908091011379,3.18485996896014,2.561771135905756,0.5216529457405503,34.07549673258798,2.6662878663363863,0.0,306,2703
differential_sarsa,sign_shift,0.1,0.01,1.0,3,2.4823660690533065,0.4952193388980215,34.20678027741074,3.1190178913420628,2.655627719149587,0.5317279184459723,32.70209519717693,2.7199954332433247,0.0,306,2703
differential_sarsa,sign_shift,0.1,0.01,1.0,4,2.447846889725093,0.5018079681532384,38.050376828970485,3.1857163030296114,2.5973447721189573,0.5223458196248162,34.589828575013925,2.717466256175959,0.0,306,2703
differential_sarsa,sign_shift,0.1,0.01,1.0,5,2.5840395566692425,0.5025094570311889,36.75364307408483,3.2309153953779304,2.5898969298532637,0.5178941909178247,34.65780113519875,2.727440626614465,0.0,306,2703
differential_sarsa,sign_shift,0.1,0.01,1.0,6,2.5971463956104515,0.5091541936405998,37.65447629538386,3.2791309640925133,2.5829171724693483,0.5228143600539411,34.79053821012484,2.7031247960851843,0.0,306,2703
differential_sarsa,sign_shift,0.1,0.01,1.0,7,2.501389847720169,0.5287315064819045,34.11131505776159,3.0779255669488528,2.611914694849696,0.5257952333062514,33.355711436944134,2.700896371285829,0.0,306,2703
differential_sarsa,sign_shift,0.1,0.01,1.0,8,2.687904502057494,0.5123688455584016,35.90208366937909,3.259147276771637,2.584287098753786,0.5200729752171194,34.417726438495706,2.6737208464340587,0.0,306,2703
differential_sarsa,sign_shift,0.1,0.01,1.0,9,2.5739574341040106,0.5159745833445163,38.5198822443873,3.2256269525887573,2.600985943030802,0.5227713754170977,34.89918268297678,2.718903993214451,0.0,306,2703
differential_sarsa,sign_shift,0.1,0.03,1.0,0,2.533837297546645,0.5175186490376935,29.527051778761862,2.7674770463875724,2.5660747941159814,0.5292038654661858,29.287886329670172,2.6047904706217966,0.0,306,2703
differential_sarsa,sign_shift,0.1,0.03,1.0,1,2.4952279674092233,0.5194359369680256,26.887252598551136,2.708985008959372,2.583366541199721,0.5229658397341569,28.948287015096742,2.6481015703372095,0.0,306,2703
differential_sarsa,sign_shift,0.1,0.03,1.0,2,2.5954840163256923,0.529693662297706,28.932233045017366,2.8167466967208474,2.568355824190418,0.5162081169774194,30.432790984975657,2.642437846352263,0.0,306,2703
differential_sarsa,sign_shift,0.1,0.03,1.0,3,2.4996491301919126,0.4896498886892729,28.012173712142534,2.8225060779136903,2.6245938884215096,0.5307427280832306,28.250971625893328,2.6580015223997435,0.0,306,2703
differential_sarsa,sign_shift,0.1,0.03,1.0,4,2.4926703467832727,0.5124502575428129,28.913156581980658,2.7522716818613877,2.5798062884492543,0.5307868318844476,28.85834508057589,2.6244410841613526,0.0,306,2703
differential_sarsa,sign_shift,0.1,0.03,1.0,5,2.5775587729361087,0.5053950151851898,28.081032125519883,2.835223567431582,2.5969942822134433,0.5198455351758325,29.69879797238566,2.6679979235767424,0.0,306,2703
differential_sarsa,sign_shift,0.1,0.03,1.0,6,2.577519580823081,0.5265057703855657,28.703047912478457,2.8093852546823617,2.5960327251485413,0.533351927714886,29.259155282236897,2.6178592390531104,0.0,306,2703
differential_sarsa,sign_shift,0.1,0.03,1.0,7,2.513818602065918,0.5330067805424319,26.72068654074138,2.7246174939635823,2.5971747860682792,0.5376049934602168,28.412374733782187,2.6212505301373366,0.0,306,2703
differential_sarsa,sign_shift,0.1,0.03,1.0,8,2.6546251545373893,0.5357330954469631,27.503197055384305,2.77157844261474,2.5566196159509613,0.5302490447797612,28.484721168118668,2.5901394093527466,0.0,306,2703
differential_sarsa,sign_shift,0.1,0.03,1.0,9,2.6212286528317406,0.5164007920772584,29.210813142647233,2.872713643578045,2.6034855065730262,0.527433484106415,30.172409767880083,2.6477556277535683,0.0,306,2703
differential_sarsa,sign_shift,0.1,0.1,1.0,0,2.4906287535341107,0.5373283541082424,23.713730194668926,2.422428497348793,2.535084459931626,0.5346126791752539,24.575457012248574,2.421526578961339,0.0,306,2703
differential_sarsa,sign_shift,0.1,0.1,1.0,1,2.421727281405366,0.5269969806735769,22.50517506825477,2.3837780737466145,2.5695956486904326,0.5331001956301126,24.73396763855389,2.449384918031795,0.0,306,2703
differential_sarsa,sign_shift,0.1,0.1,1.0,2,2.6082413483393636,0.5502816313307087,23.68858870971272,2.5250608454678454,2.5630294586062594,0.5303667045994446,25.101930380513185,2.470758840620866,0.0,306,2703
differential_sarsa,sign_shift,0.1,0.1,1.0,3,2.474283734450513,0.5107914405460722,23.19183333159669,2.4834594709584574,2.5979875955529637,0.5446732868488646,24.22855936171061,2.446640982143604,0.0,306,2703
differential_sarsa,sign_shift,0.1,0.1,1.0,4,2.474310114177939,0.5164732732818542,24.395529012381314,2.4828480844211676,2.558144995581018,0.5355400453833302,24.538083433976446,2.4661777673134515,0.0,306,2703
differential_sarsa,sign_shift,0.1,0.1,1.0,5,2.536855905496887,0.5374353116040804,24.37554031306959,2.4710747461759204,2.5664490422487294,0.5312930565035613,25.64551172146149,2.4459612233687644,0.0,306,2703
differential_sarsa,sign_shift,0.1,0.1,1.0,6,2.533825738797128,0.5443786691856342,23.623633167389606,2.46146648372777,2.5521742356619392,0.5402189392678595,24.51661720073865,2.436441386121589,0.0,306,2703
differential_sarsa,sign_shift,0.1,0.1,1.0,7,2.508046950276969,0.54072093251656,22.5951931200245,2.4687476290348673,2.579107708844796,0.5402404645555463,24.457914489349942,2.464634094159583,0.0,306,2703
differential_sarsa,sign_shift,0.1,0.1,1.0,8,2.565626270572444,0.5318756162624185,24.965516965014892,2.4565503904752326,2.5215571768078853,0.5299927818077644,25.4978090946082,2.4323670110511455,0.0,306,2703
differential_sarsa,sign_shift,0.1,0.1,1.0,9,2.5484360132023385,0.5321075354057332,23.483319543139835,2.4947786806924204,2.591144241310806,0.5402567765462051,25.109473457926235,2.4469305699492505,0.0,306,2703
differential_sarsa,up_shift,0.02,0.001,1.0,0,2.446084184204363,0.5533755492648063,28.28797455512807,4.91879665489558,2.4568882731158146,0.547286167857188,42.189991969397056,2.5325861931249016,0.0,306,2703
differential_sarsa,up_shift,0.02,0.001,1.0,1,2.3489846427828605,0.5455637167783257,28.534462573492764,4.933829665408554,2.4762660089322592,0.5534472701734117,42.37679272999614,2.545890128236761,0.0,306,2703
differential_sarsa,up_shift,0.02,0.001,1.0,2,2.512314398904908,0.5698091883519563,29.13777215746442,4.935012684821501,2.4652529107436334,0.5468713610372364,42.7456481241097,2.542124499011691,0.0,306,2703
differential_sarsa,up_shift,0.02,0.001,1.0,3,2.3345679095745258,0.5284793321892352,28.13888035340319,4.919249559256671,2.532062128302763,0.5615218403144637,42.66328583359628,2.5810214487051804,0.0,306,2703
differential_sarsa,up_shift,0.02,0.001,1.0,4,2.4083753798446907,0.5449238326662584,28.747802237257602,4.9533364080744215,2.4896027759902464,0.5574717025453189,42.40746363056926,2.5482614667446897,0.0,306,2703
differential_sarsa,up_shift,0.02,0.001,1.0,5,2.425325401083355,0.5425259891003416,28.28531688210554,4.928838033824306,2.4847969185307144,0.5544193983387167,42.41766654191731,2.549894667422271,0.0,306,2703
differential_sarsa,up_shift,0.02,0.001,1.0,6,2.527507897192395,0.5618937749515712,28.97686858087435,5.007067969344782,2.4858339482752014,0.5576338762297334,42.290707228594776,2.5493530603300103,0.0,306,2703
differential_sarsa,up_shift,0.02,0.001,1.0,7,2.443407268206562,0.5529209794819255,28.89164389827952,4.85069537607308,2.5183082041732785,0.5610345052181004,42.6710791090052,2.5620066214730524,0.0,306,2703
differential_sarsa,up_shift,0.02,0.001,1.0,8,2.443847985949811,0.5521287133244932,29.225610702052137,4.8667189303012846,2.428267337125148,0.544062486274325,42.48407050539371,2.51303836730599,0.0,306,2703
differential_sarsa,up_shift,0.02,0.001,1.0,9,2.499379095970273,0.5443301600655484,28.623843591278284,5.0253900568369705,2.503368395593737,0.558185827666426,41.964376184394176,2.5511115837457625,0.0,306,2703
differential_sarsa,up_shift,0.02,0.003,1.0,0,2.4975601089903092,0.5439107052470304,22.209105930659913,3.3118710876902444,2.507423134027161,0.5411433188456671,24.04583291701936,2.5827225596643166,0.0,306,2703
differential_sarsa,up_shift,0.02,0.003,1.0,1,2.3871705046331644,0.5342008896518452,22.330432458357656,3.2673557873320385,2.5530115499250003,0.5422482605667536,24.53750689823025,2.601001358339713,0.0,306,2703
differential_sarsa,up_shift,0.02,0.003,1.0,2,2.5552169565866185,0.5572339031259421,22.601160097826604,3.3237688653402966,2.5236054340982985,0.5424830847819515,24.34900895263906,2.602198555637091,0.0,306,2703
differential_sarsa,up_shift,0.02,0.003,1.0,3,2.3520601663623006,0.5283033728879992,21.651265179058115,3.2401190549510495,2.5374101003300966,0.5605415347857252,23.844300668394233,2.5911908488470194,0.0,306,2703
differential_sarsa,up_shift,0.02,0.003,1.0,4,2.4153139638593992,0.5320971224732148,22.580045705365478,3.292553715134026,2.5391390039573625,0.5504796086568787,24.508962205125126,2.590991081325595,0.0,306,2703
differential_sarsa,up_shift,0.02,0.003,1.0,5,2.4731834839935902,0.5413970612770614,21.91891205611996,3.319348933589574,2.5029514705983598,0.5469832528257269,24.266519743108255,2.5894172872535837,0.0,306,2703
differential_sarsa,up_shift,0.02,0.003,1.0,6,2.551764301829468,0.5432601381085317,22.90384262474902,3.4073288760224694,2.5286938914224737,0.5494886126153425,24.744504664761774,2.583620210078636,0.0,306,2703
differential_sarsa,up_shift,0.02,0.003,1.0,7,2.4796212639200492,0.5505011919723839,21.87079692586519,3.25596375871697,2.531861219246534,0.5516000380468491,24.084352444124146,2.598869115940409,0.0,306,2703
differential_sarsa,up_shift,0.02,0.003,1.0,8,2.585344920424822,0.5522509271384733,22.51215583627442,3.3036808064392456,2.5125691977730695,0.5467494461441436,24.412388510687773,2.5739789785621445,0.0,306,2703
differential_sarsa,up_shift,0.02,0.003,1.0,9,2.525788419029183,0.5486672858300679,22.161341800686326,3.371397536322111,2.5309267621028577,0.5523636401091971,24.06743344842514,2.591225525177831,0.0,306,2703
differential_sarsa,up_shift,0.02,0.01,1.0,0,2.509396677823713,0.5400276821853013,19.42027001637023,2.796876858161931,2.527839270414344,0.5351981672682802,21.043753275182375,2.6097389064271685,0.0,306,2703
differential_sarsa,up_shift,0.02,0.01,1.0,1,2.3987031673209223,0.5321039887839918,19.54014036290027,2.69750698732022,2.538052967571846,0.5455057297257235,21.051654751870473,2.5859024107533792,0.0,306,2703
differential_sarsa,up_shift,0.02,0.01,1.0,2,2.6106135637651513,0.5521260415534875,20.04659148697047,2.844754109117018,2.5650155050071475,0.5341663186602911,21.86388350352731,2.646583031339382,0.0,306,2703
differential_sarsa,up_shift,0.02,0.01,1.0,3,2.418284067361984,0.517062403389144,19.12356853970024,2.773123555435485,2.541268250119833,0.5612887171323819,20.34783174357116,2.5709498909842643,0.0,306,2703
differential_sarsa,up_shift,0.02,0.01,1.0,4,2.4916768673220946,0.5299426321381171,20.374292931819518,2.8220116964690627,2.5549190629104994,0.5442431905823396,21.47079323673304,2.601508990236226,0.0,306,2703
differential_sarsa,up_shift,0.02,0.01,1.0,5,2.42583544433629,0.5502211381980789,18.754901908888222,2.6846137154362086,2.5265113502941734,0.542439181915781,20.88934609240122,2.5890153211395686,0.0,306,2703
differential_sarsa,up_shift,0.02,0.01,1.0,6,2.613469328634634,0.5612558681464754,19.740593897255476,2.8433836756752915,2.549457967240157,0.5473274976547661,21.30902307737629,2.588769818804538,0.0,306,2703
differential_sarsa,up_shift,0.02,0.01,1.0,7,2.4504170680462782,0.5561972546886869,19.14053103179853,2.7104252125055717,2.5330645445128948,0.5526518882782256,20.87546589974202,2.592645455134386,0.0,306,2703
differential_sarsa,up_shift,0.02,0.01,1.0,8,2.553476415521886,0.5503728586005449,19.99329481396541,2.7748905288142565,2.526623917179133,0.538280945415927,21.48420905852054,2.584027553815412,0.0,306,2703
differential_sarsa,up_shift,0.02,0.01,1.0,9,2.5102186496067467,0.5478642456653159,19.605757249876252,2.801771117135924,2.5492214782274507,0.550051794956995,21.088924704497725,2.592961366174199,0.0,306,2703
differential_sarsa,up_shift,0.02,0.03,1.0,0,2.4637896404015796,0.5430216261394875,18.65373831811101,2.587216588167949,2.512113615423141,0.5389390674486769,20.228891848761695,2.5321118927263684,0.0,306,2703
differential_sarsa,up_shift,0.02,0.03,1.0,1,2.4716136192261,0.5233300959829277,18.505414054631775,2.598670364554274,2.545703935319725,0.5463062868288796,20.311500487313552,2.538205722454978,0.0,306,2703
differential_sarsa,up_shift,0.02,0.03,1.0,2,2.592553819277201,0.548502709407785,18.694719641793554,2.6587465459702235,2.5719032772274026,0.5366123177433482,20.634307708447874,2.5974556285682966,0.0,306,2703
differential_sarsa,up_shift,0.02,0.03,1.0,3,2.4202763269916523,0.5211776609738934,18.426455074636905,2.5539246534635494,2.6009855249294693,0.5533466905217056,19.96057560168352,2.564995061773782,0.0,306,2703
differential_sarsa,up_shift,0.02,0.03,1.0,4,2.458405269496674,0.5330758848812803,18.851197237522072,2.588232639733025,2.543323180881456,0.5459766004761207,19.970417882477992,2.55222768490951,0.0,306,2703
differential_sarsa,up_shift,0.02,0.03,1.0,5,2.3995555492879355,0.5436755618044034,18.098033342262465,2.5076814730381307,2.532049443907278,0.5498710251353768,19.843814582851124,2.5342273710762697,0.0,306,2703
differential_sarsa,up_shift,0.02,0.03,1.0,6,2.598808429379856,0.5539292392649418,18.667484911798763,2.6500186283239,2.5579929774470984,0.5433623039931144,20.55498870351104,2.5632853666455095,0.0,306,2703
differential_sarsa,up_shift,0.02,0.03,1.0,7,2.45882596920367,0.5512872442504064,18.16052037483142,2.547246631695143,2.559953852502499,0.5546085286431839,19.67446185258895,2.55100923028106,0.0,306,2703
differential_sarsa,up_shift,0.02,0.03,1.0,8,2.5265194377040836,0.5433805967458799,18.837455791271182,2.565786123405013,2.513488028233622,0.5354534138617062,20.64179438660083,2.537362655039818,0.0,306,2703
differential_sarsa,up_shift,0.02,0.03,1.0,9,2.4597374233839537,0.5457549955074612,18.486086296765667,2.5803714790132117,2.546934643403541,0.5469473865082719,20.082028065166615,2.559511911597498,0.0,306,2703
differential_sarsa,up_shift,0.02,0.1,1.0,0,2.4034376244320845,0.5504712766504287,16.60283817141012,2.326765877530262,2.528379105119171,0.5447865049929711,17.992202763216273,2.4070252835384682,0.0,306,2703
differential_sarsa,up_shift,0.02,0.1,1.0,1,2.3317438966297757,0.5452198661999618,17.18133012525787,2.2880726484463643,2.5379157961480083,0.5427939868207018,18.49405981739551,2.4095021157214553,0.0,306,2703
differential_sarsa,up_shift,0.02,0.1,1.0,2,2.555898441130557,0.5621289623791905,16.801023348041493,2.4564893745349528,2.520464119187518,0.5440998117942291,18.34676271097074,2.4004191743479018,0.0,306,2703
differential_sarsa,up_shift,0.02,0.1,1.0,3,2.3644753577424815,0.5254039374720737,16.868016261573157,2.3485159087062484,2.5754348090686663,0.5548629002542139,18.238244835189697,2.4171992344755964,0.0,306,2703
differential_sarsa,up_shift,0.02,0.1,1.0,4,2.376744361483867,0.5416218834708182,17.069894674143256,2.328236763039896,2.5288105785179957,0.550840794922973,18.224666905783625,2.394297532147099,0.0,306,2703
differential_sarsa,up_shift,0.02,0.1,1.0,5,2.484936902866109,0.546840814785004,17.01119820201739,2.4029125049957587,2.5408863368281027,0.5404576504615483,18.749787803949232,2.4047522642059675,0.0,306,2703
differential_sarsa,up_shift,0.02,0.1,1.0,6,2.5518011664050007,0.5441040839100271,16.921682281777084,2.447068734150453,2.549348067348528,0.5458611173046957,18.635273083266867,2.401310426957466,0.0,306,2703
differential_sarsa,up_shift,0.02,0.1,1.0,7,2.471220272326909,0.5523051783251315,16.797155126722764,2.3929480533098877,2.5604422451579127,0.5490974115984657,18.47615327646224,2.410902080255364,0.0,306,2703
differential_sarsa,up_shift,0.02,0.1,1.0,8,2.5189021971840213,0.5520440596923111,16.90455784462517,2.371451619097753,2.5073473653993004,0.542597934444764,18.178856986363478,2.3889359285055725,0.0,306,2703
differential_sarsa,up_shift,0.02,0.1,1.0,9,2.475336166559113,0.5453844895608173,16.52102224977123,2.385485623409542,2.547447171268752,0.5498302327680765,18.146011914150762,2.4047477062588216,0.0,306,2703
differential_sarsa,up_shift,0.05,0.001,1.0,0,2.4476383852328856,0.5470621296413251,53.86586830837694,4.923255954309734,2.4706818971494338,0.5412890265672914,88.07568870275195,2.5589033794452027,0.0,306,2703
differential_sarsa,up_shift,0.05,0.001,1.0,1,2.365545397402211,0.5293211394108132,53.053941908935585,4.91638464450178,2.533974751184632,0.5429031829398288,86.7816459787017,2.5710530222704895,0.0,306,2703
differential_sarsa,up_shift,0.05,0.001,1.0,2,2.5938263464226514,0.5508862529946272,55.877869090546916,4.963704650610072,2.543216331657129,0.5320500768596012,87.84052384326081,2.6193030272932156,0.0,306,2703
differential_sarsa,up_shift,0.05,0.001,1.0,3,2.368873094239372,0.5193195890556558,54.342076186602235,4.9173116163424355,2.5467680920654203,0.5532406898979699,88.60189422383989,2.6079322311124558,0.0,306,2703
differential_sarsa,up_shift,0.05,0.001,1.0,4,2.4692642177067627,0.5263950657613032,54.09002575471879,4.991865452304598,2.585557101278826,0.5387465803705829,86.54713593392482,2.63234085991153,0.0,306,2703
differential_sarsa,up_shift,0.05,0.001,1.0,5,2.5282663544963544,0.5221569477859553,54.866441347322336,4.970843517427337,2.559600185766498,0.5371639146855037,86.8119184311001,2.6308257691972146,0.0,306,2703
differential_sarsa,up_shift,0.05,0.001,1.0,6,2.587824115633062,0.5483343400342697,55.396659721008156,5.012860465356748,2.541606854054251,0.5450036354585835,87.34989501397315,2.604915086686021,0.0,306,2703
differential_sarsa,up_shift,0.05,0.001,1.0,7,2.4970855233391522,0.5406457828976289,55.222062449020136,4.862493562811352,2.559954420700527,0.5472918473900924,88.42384689090727,2.615353634208579,0.0,306,2703
differential_sarsa,up_shift,0.05,0.001,1.0,8,2.5777776626956634,0.5438754448444907,55.69448693533972,4.8720455618948355,2.5276811684859957,0.5412452429841537,87.23469410620616,2.5663526564975307,0.0,306,2703
differential_sarsa,up_shift,0.05,0.001,1.0,9,2.590517373646788,0.5304759786567941,55.197911687417786,5.053830920357233,2.577890736390768,0.5437580599397233,87.10911367313646,2.612868986920722,0.0,306,2703
differential_sarsa,up_shift,0.05,0.003,1.0,0,2.4979651126484823,0.5460632968145133,33.93261325412155,3.3136535253343955,2.513799019934746,0.5241358521098805,37.050566973562255,2.658892038258112,0.0,306,2703
differential_sarsa,up_shift,0.05,0.003,1.0,1,2.444539806053292,0.530653795664301,35.20272671323767,3.3332433915283026,2.564201566357065,0.538760525545465,38.0777673024846,2.632163944878353,0.0,306,2703
differential_sarsa,up_shift,0.05,0.003,1.0,2,2.6189073109570264,0.544732412819736,35.360565077374524,3.4043746708062383,2.5719682216310296,0.5311550661287611,37.4348418546275,2.6826798519059003,0.0,306,2703
differential_sarsa,up_shift,0.05,0.003,1.0,3,2.4273151403055504,0.5114240280816525,33.835221402002304,3.297967408706023,2.618910947406127,0.5445790461114871,37.62704723887156,2.6725422842602,0.0,306,2703
differential_sarsa,up_shift,0.05,0.003,1.0,4,2.451931650332273,0.5179853377618736,36.215169419445736,3.361450663852633,2.5817297351850694,0.5324957540352747,37.86937497255152,2.695668313022131,0.0,306,2703
differential_sarsa,up_shift,0.05,0.003,1.0,5,2.5398855401579383,0.5268678510344474,33.94933853787932,3.3775807431076266,2.563354014884092,0.5354391840181311,37.23344222204516,2.65263800718402,0.0,306,2703
differential_sarsa,up_shift,0.05,0.003,1.0,6,2.618575538145495,0.5460945086415505,36.0861412496482,3.444981354165559,2.572142492704154,0.5407734156487001,37.658737985122706,2.6376414069952085,0.0,306,2703
differential_sarsa,up_shift,0.05,0.003,1.0,7,2.5136593082968024,0.540851509656692,34.93436718779652,3.2717204611100734,2.6027687303347156,0.5475769987605051,37.40155919376621,2.647673575347909,0.0,306,2703
differential_sarsa,up_shift,0.05,0.003,1.0,8,2.5224154779953754,0.5334879257158569,36.5468869875596,3.2724614061533637,2.5084197075639008,0.5235043910590704,38.21799319043149,2.644726767974276,0.0,306,2703
differential_sarsa,up_shift,0.05,0.003,1.0,9,2.5624659390202855,0.5424720178804747,34.598723580775136,3.378417049094811,2.56091791042526,0.5446259660440947,37.12318464874497,2.6176541805768427,0.0,306,2703
differential_sarsa,up_shift,0.05,0.01,1.0,0,2.46630775214218,0.5570175185423089,25.410427475687563,2.765138263049875,2.5091633244460994,0.531104630876127,26.036547513240503,2.6177131326613052,0.0,306,2703
differential_sarsa,up_shift,0.05,0.01,1.0,1,2.375953435921738,0.5265904487675805,26.29121548209666,2.71058635900639,2.5508845003504703,0.5310054109881378,27.155884584886433,2.6477247708645644,0.0,306,2703
differential_sarsa,up_shift,0.05,0.01,1.0,2,2.5983046862092376,0.5413372929751397,26.096631826295535,2.9035237424412603,2.575269379945693,0.5288655760212114,27.264975738767824,2.673200064337113,0.0,306,2703
differential_sarsa,up_shift,0.05,0.01,1.0,3,2.442986387884235,0.5135151270910082,24.777901460977436,2.7541817614286868,2.6204830758558595,0.5449328699681558,26.065067370393166,2.6641379455985215,0.0,306,2703
differential_sarsa,up_shift,0.05,0.01,1.0,4,2.477948357669604,0.5190391451262083,27.076028654763203,2.860187912482458,2.5903138953244103,0.5303803560150109,27.291606996593078,2.6941293360151897,0.0,306,2703
differential_sarsa,up_shift,0.05,0.01,1.0,5,2.558111792463693,0.5269215017976194,25.964589396649,2.8794429392671765,2.57309526164544,0.5273941938965393,27.67275240107903,2.674797894341244,0.0,306,2703
differential_sarsa,up_shift,0.05,0.01,1.0,6,2.595614182111066,0.5504813289457927,26.07630479289193,2.8440338630518025,2.566797155861414,0.5372834008877114,26.81867247630731,2.647394313340223,0.0,306,2703
differential_sarsa,up_shift,0.05,0.01,1.0,7,2.557940333020916,0.5358763355873304,25.700787134233295,2.806936092740726,2.6013591185190896,0.5428216743539702,26.192915206501812,2.643163246317174,0.0,306,2703
differential_sarsa,up_shift,0.05,0.01,1.0,8,2.538274545496151,0.5257031803295152,27.408346935489,2.8674373043040338,2.55024113527847,0.5175642437776486,28.180198990545737,2.6873471687361214,0.0,306,2703
differential_sarsa,up_shift,0.05,0.01,1.0,9,2.5679771437458023,0.5458038450727668,26.365626417384856,2.849423030737546,2.59085640436397,0.5374701175577498,27.452296927876333,2.6565388017232445,0.0,306,2703
differential_sarsa,up_shift,0.05,0.03,1.0,0,2.5102561998731585,0.5278718482552558,23.73749284653236,2.6195948236596864,2.540024230168808,0.5385050232161228,24.69899698896219,2.556376610586369,0.0,306,2703
differential_sarsa,up_shift,0.05,0.03,1.0,1,2.384230112154895,0.5290805849409639,23.966494012568692,2.4849193852256595,2.5737617552469825,0.5296258670417747,25.32350361630268,2.6145776389117104,0.0,306,2703
differential_sarsa,up_shift,0.05,0.03,1.0,2,2.5881950614220117,0.5442216655164068,23.305621074051373,2.670512420416899,2.596021885630783,0.5233640006344589,25.255875150486446,2.656330987923422,0.0,306,2703
differential_sarsa,up_shift,0.05,0.03,1.0,3,2.438498045895919,0.502635260685819,23.019089813132187,2.6394676808353283,2.6277104232203987,0.5374045340159072,24.69248976748543,2.638165042772446,0.0,306,2703
differential_sarsa,up_shift,0.05,0.03,1.0,4,2.470684058229497,0.524989072901285,23.915439692359794,2.5919295363486548,2.5826872019560323,0.5354227175575236,24.596020056007895,2.608598229623754,0.0,306,2703
differential_sarsa,up_shift,0.05,0.03,1.0,5,2.5694190805542747,0.5269685162961901,23.253294984924334,2.704647653479277,2.5661454492957563,0.5303744238151907,25.404722285077156,2.6081309090696285,0.0,306,2703
differential_sarsa,up_shift,0.05,0.03,1.0,6,2.5639733410982375,0.5265464235026418,23.951334920522715,2.7122378513340406,2.560065583235912,0.5334123644421529,25.442437867723182,2.5974934321287235,0.0,306,2703
differential_sarsa,up_shift,0.05,0.03,1.0,7,2.5487678834745418,0.5290320925408,23.10372267297034,2.6393391770873684,2.6266907517498512,0.5381547785578737,24.424615353526626,2.6364391208322426,0.0,306,2703
differential_sarsa,up_shift,0.05,0.03,1.0,8,2.6384777250985745,0.539343773190833,23.669548234124374,2.659200980639454,2.5556906196265747,0.5299433564146553,25.595860550971313,2.5891086564670696,0.0,306,2703
differential_sarsa,up_shift,0.05,0.03,1.0,9,2.501313589649316,0.538022294036891,23.58958971840032,2.6034328431154585,2.5758697936314605,0.5349381616401265,24.996479839089968,2.6109682116805617,0.0,306,2703
differential_sarsa,up_shift,0.05,0.1,1.0,0,2.463343703988552,0.5450783444260654,20.409827555706897,2.3515105001705616,2.5048273472149,0.534427049158883,21.894811355272438,2.4036672226610696,0.0,306,2703
differential_sarsa,up_shift,0.05,0.1,1.0,1,2.4279277933178287,0.5305575934334197,21.417103132105105,2.3693938523455103,2.54719591155642,0.5351474010201033,22.443893207578697,2.4373013807465385,0.0,306,2703
differential_sarsa,up_shift,0.05,0.1,1.0,2,2.5707000534633724,0.552024408763538,20.22408682914875,2.4684749219353117,2.562113500193853,0.5344279044081214,22.072840447739758,2.466597294459934,0.0,306,2703
differential_sarsa,up_shift,0.05,0.1,1.0,3,2.4370051834826807,0.5220510707718344,20.381675429566396,2.379056266456634,2.5941926930895276,0.5504829384872911,21.41537007089513,2.4175718561938027,0.0,306,2703
differential_sarsa,up_shift,0.05,0.1,1.0,4,2.391035517666542,0.5289040029971224,20.944789684478973,2.3396471195458455,2.5263552929653716,0.5494534325763248,21.640705978361353,2.3879972012434365,0.0,306,2703
differential_sarsa,up_shift,0.05,0.1,1.0,5,2.4813800210665216,0.5393667858949814,20.712502823336713,2.410109485401553,2.5392346331630926,0.5382981505583256,22.18485155505692,2.422881138152342,0.0,306,2703
differential_sarsa,up_shift,0.05,0.1,1.0,6,2.5720579517816713,0.535453095820116,20.84781978991847,2.504441983247624,2.5773741169533335,0.5465865208483347,22.27967991994487,2.4384616478810144,0.0,306,2703
differential_sarsa,up_shift,0.05,0.1,1.0,7,2.5468555579806385,0.5445214973748677,20.572128857930956,2.4152731379459156,2.605147041235555,0.5423567289737169,22.00332066915299,2.467817422580933,0.0,306,2703
differential_sarsa,up_shift,0.05,0.1,1.0,8,2.59138562151335,0.5397996705034183,20.716711507391274,2.4515781875868994,2.5395236423433873,0.5359377407661687,22.189071852703833,2.4231655409159565,0.0,306,2703
differential_sarsa,up_shift,0.05,0.1,1.0,9,2.537191394136511,0.551198490227517,20.370914435329336,2.4042861362911894,2.5655769993909594,0.5465726596945382,21.996368792687136,2.4238972435314854,0.0,306,2703
differential_sarsa,up_shift,0.1,0.001,1.0,0,2.485677170839091,0.5235490300444355,96.43949000291961,4.953630598127073,2.543301311968513,0.5333445905791032,160.3575859652588,2.6086589359592804,0.0,306,2703
differential_sarsa,up_shift,0.1,0.001,1.0,1,2.345785177195787,0.5355098157992292,94.95602032549225,4.914243912838344,2.5180511327425568,0.5400342628742617,161.3508723349351,2.58438489759244,0.0,306,2703
differential_sarsa,up_shift,0.1,0.001,1.0,2,2.5833143410890136,0.5441572163323273,99.14170929584607,4.966476074701918,2.53326521388877,0.5296368669633565,161.2806998608717,2.6378849912245377,0.0,306,2703
differential_sarsa,up_shift,0.1,0.001,1.0,3,2.3976025105849605,0.48537467059966743,96.3978714200656,4.943375468976949,2.570272242611096,0.5350369685418435,161.33147989193787,2.690535178961179,0.0,306,2703
differential_sarsa,up_shift,0.1,0.001,1.0,4,2.426854781828888,0.5135487739474286,96.27704841864731,4.978679479738715,2.553860145753482,0.5365487939326586,160.2763666191025,2.651767282073058,0.0,306,2703
differential_sarsa,up_shift,0.1,0.001,1.0,5,2.464025051919906,0.5367087611691244,95.45808433255053,4.9356999948506575,2.4965350481080537,0.540011799597337,160.04104735443627,2.5882208706709178,0.0,306,2703
differential_sarsa,up_shift,0.1,0.001,1.0,6,2.567560106956895,0.5357417541804961,97.56858022352455,5.000884077037405,2.5365683193315784,0.5409231603192952,160.8666252785234,2.61711791515442,0.0,306,2703
differential_sarsa,up_shift,0.1,0.001,1.0,7,2.508926917412655,0.5360188073365096,98.15874149589399,4.904017983457666,2.5587910569976593,0.540261956975719,161.29404689064526,2.634917570222049,0.0,306,2703
differential_sarsa,up_shift,0.1,0.001,1.0,8,2.5687823484951395,0.5367616719671631,98.39270416348283,4.913875611838832,2.5055931501664475,0.5269128286067217,158.64137516720209,2.6001723845377787,0.0,306,2703
differential_sarsa,up_shift,0.1,0.001,1.0,9,2.5191015795029794,0.529854771440758,98.13356096573413,5.0471414690777765,2.5566442900429753,0.5310626765948199,159.5258614955948,2.6571569331672684,0.0,306,2703
differential_sarsa,up_shift,0.1,0.003,1.0,0,2.4903098130130203,0.5224129023106817,54.13129184036427,3.3369723999670753,2.554407044917978,0.5265973724624257,59.66977270785884,2.661159152456323,0.0,306,2703
differential_sarsa,up_shift,0.1,0.003,1.0,1,2.425577104498114,0.5140766944917543,54.318953863600136,3.315203999857373,2.582569582092486,0.5230046729273311,59.76255743022439,2.6922300739240255,0.0,306,2703
differential_sarsa,up_shift,0.1,0.003,1.0,2,2.619632939373444,0.5527198732289198,55.17161453418673,3.38394182714973,2.5589660258577656,0.5240384003914274,59.86392910866566,2.6813094481124433,0.0,306,2703
differential_sarsa,up_shift,0.1,0.003,1.0,3,2.4048193158181093,0.5104025937036385,53.960137644150876,3.2981004703057804,2.6135882305794627,0.5423047266830817,60.08021971193063,2.6910631664430698,0.0,306,2703
differential_sarsa,up_shift,0.1,0.003,1.0,4,2.4504280678077364,0.5087310411355154,55.26683065687528,3.3683588832680313,2.5836785535526636,0.5262530726562651,59.653602258086984,2.695554671538268,0.0,306,2703
differential_sarsa,up_shift,0.1,0.003,1.0,5,2.531260062633368,0.5119678154443577,54.98736345998812,3.3902991361528785,2.5824307166023233,0.5176480366431504,59.8700234040451,2.7257925553863274,0.0,306,2703
differential_sarsa,up_shift,0.1,0.003,1.0,6,2.6212106146467757,0.5323662060063868,55.851114274379164,3.45107497928388,2.6024529969555688,0.5362911124939838,60.00927981641722,2.666109732331478,0.0,306,2703
differential_sarsa,up_shift,0.1,0.003,1.0,7,2.5164706123398815,0.5327109094502449,54.63268915539388,3.290987164032885,2.5946817500089563,0.5337373646096849,60.04507471069729,2.689324470108422,0.0,306,2703
differential_sarsa,up_shift,0.1,0.003,1.0,8,2.6037559703861666,0.5425099729293567,55.68855169693384,3.3376551540996635,2.5276176440165314,0.5207159514805131,59.58060015345359,2.6988857685666177,0.0,306,2703
differential_sarsa,up_shift,0.1,0.003,1.0,9,2.5615223529380833,0.5158991695424252,55.243195317018404,3.3992997762287733,2.5821912065387496,0.5321375382134726,59.21179395295904,2.68543344591074,0.0,306,2703
differential_sarsa,up_shift,0.1,0.01,1.0,0,2.5353497479191085,0.5355264233714755,34.07517162446891,2.8435842883941183,2.566287032275592,0.5090120640105358,33.85602274318717,2.7228343018909045,0.0,306,2703
differential_sarsa,up_shift,0.1,0.01,1.0,1,2.533571419047231,0.5090066143140856,32.80172334821099,2.8689798241840356,2.5805730941599063,0.5204170911227403,32.983344099922064,2.6930575791939857,0.0,306,2703
differential_sarsa,up_shift,0.1,0.01,1.0,2,2.605797962037989,0.5345983012544016,34.60188042449894,2.9233356705369316,2.5606022180529835,0.5156448964882475,34.06238328976904,2.702095005641674,0.0,306,2703
differential_sarsa,up_shift,0.1,0.01,1.0,3,2.4473097579467913,0.5084148106783694,31.28682161975248,2.7384101470268094,2.6448133378886776,0.5310929128665265,32.8110042401453,2.7058418859565023,0.0,306,2703
differential_sarsa,up_shift,0.1,0.01,1.0,4,2.4692379909049453,0.5027374745473037,35.44179875051062,2.8956725629610327,2.5981967051389185,0.5190697599403453,33.207919988971504,2.724225398021382,0.0,306,2703
differential_sarsa,up_shift,0.1,0.01,1.0,5,2.5472964959588706,0.5194652973440333,32.507952905706155,2.86903475618613,2.58773269441175,0.5227584563323748,33.2689221096129,2.701559447204783,0.0,306,2703
differential_sarsa,up_shift,0.1,0.01,1.0,6,2.604141963757485,0.5366618684028368,33.99873363583745,2.910575345468057,2.609769186215679,0.5267803665481365,33.20592527359178,2.714647992241069,0.0,306,2703
differential_sarsa,up_shift,0.1,0.01,1.0,7,2.581820195137874,0.517338588998106,33.02847137950731,2.883023061332837,2.623110080891251,0.5261745848081959,32.85998374620026,2.720853360866259,0.0,306,2703
differential_sarsa,up_shift,0.1,0.01,1.0,8,2.6367774149398637,0.5244653841006185,34.68168680800645,2.9033303548040768,2.548791474675452,0.5137313803872249,33.883853817210614,2.693845166318294,0.0,306,2703
differential_sarsa,up_shift,0.1,0.01,1.0,9,2.6124736905829247,0.532578870444016,34.114996868951856,2.890242227412522,2.600716676423678,0.527126476049299,33.89573912386755,2.689294504007458,0.0,306,2703
differential_sarsa,up_shift,0.1,0.03,1.0,0,2.540897586681585,0.5281830730134969,28.45249461779245,2.6279673245185236,2.567115851075013,0.5275589770590234,28.879275734086846,2.6055622803036,0.0,306,2703
differential_sarsa,up_shift,0.1,0.03,1.0,1,2.4417400813426036,0.5219287186088063,27.86638314165766,2.5814020808099203,2.5878548329534983,0.5202191608177142,29.29643154150348,2.642418742542346,0.0,306,2703
differential_sarsa,up_shift,0.1,0.03,1.0,2,2.6402399199866977,0.530359908970364,28.875484882898384,2.763246217638358,2.5991842641243252,0.5153949495138822,30.112015830791904,2.676635839912476,0.0,306,2703
differential_sarsa,up_shift,0.1,0.03,1.0,3,2.449071187323131,0.5049029258224105,26.9891513050826,2.6157205783370014,2.6435094670933306,0.5293348553793136,28.75888790426588,2.68192049100149,0.0,306,2703
differential_sarsa,up_shift,0.1,0.03,1.0,4,2.4635890477939713,0.5107308199051548,28.685203880874187,2.6977609637607416,2.5952249008084047,0.53031326527486,29.106250752744508,2.6338907546680543,0.0,306,2703
differential_sarsa,up_shift,0.1,0.03,1.0,5,2.5195734170473028,0.5265075853562204,27.685422554321846,2.6659189094540783,2.5927567625339853,0.5241085628476057,29.35115335190357,2.6391339557721176,0.0,306,2703
differential_sarsa,up_shift,0.1,0.03,1.0,6,2.6187499464283825,0.5246459260114554,29.33129210367103,2.775174109685996,2.5778933465106917,0.5291752099736677,30.109425790242106,2.6308631196380214,0.0,306,2703
differential_sarsa,up_shift,0.1,0.03,1.0,7,2.5737364719624067,0.518775926381658,27.554788078213996,2.7322118109113545,2.632954377526488,0.5299311714723454,29.044769653836784,2.650206456873622,0.0,306,2703
differential_sarsa,up_shift,0.1,0.03,1.0,8,2.6317695875495937,0.5296935635992223,27.813972835154903,2.6804132179305906,2.5602793685470453,0.5234814382775008,29.437311996563338,2.605624044683505,0.0,306,2703
differential_sarsa,up_shift,0.1,0.03,1.0,9,2.6020455360951673,0.53140311393085,28.01351583892785,2.69671521729298,2.6026616724046807,0.5293099423394091,29.604467373294376,2.6290506930019024,0.0,306,2703
differential_sarsa,up_shift,0.1,0.1,1.0,0,2.4572825953947466,0.5323113470301354,24.21837280449524,2.3643922715610923,2.5591295165832357,0.5318551904605946,24.936708738099675,2.44732300674174,0.0,306,2703
differential_sarsa,up_shift,0.1,0.1,1.0,1,2.4573806855237827,0.52127668148144,23.866605325339478,2.4246864703391418,2.5642022518115044,0.5330057660183705,25.1987376670118,2.4611819140139346,0.0,306,2703
differential_sarsa,up_shift,0.1,0.1,1.0,2,2.593827660552218,0.5410725047368453,24.378877524641993,2.4720253134420203,2.5643195101881693,0.524339393881517,26.05323146097385,2.469556497581996,0.0,306,2703
differential_sarsa,up_shift,0.1,0.1,1.0,3,2.393314973233289,0.5142387757869401,23.159584756418404,2.3862131517625227,2.614728471552978,0.5403560699404633,24.29004695765102,2.479379130520728,0.0,306,2703
differential_sarsa,up_shift,0.1,0.1,1.0,4,2.522886873403703,0.5096882884973926,24.30269100792236,2.507347759081377,2.580860483217891,0.5345176012333802,25.259414898217628,2.4665391348571846,0.0,306,2703
differential_sarsa,up_shift,0.1,0.1,1.0,5,2.5426218177287887,0.5379824690597169,24.06567301632232,2.434783351092905,2.5624358226485486,0.5304224225140365,25.690434216425732,2.4449522413682017,0.0,306,2703
differential_sarsa,up_shift,0.1,0.1,1.0,6,2.588074644752978,0.5303781354823295,24.51952674266443,2.5007847922946835,2.5897798677557886,0.5351517877676064,25.89825652029387,2.4752805816241845,0.0,306,2703
differential_sarsa,up_shift,0.1,0.1,1.0,7,2.4937961028383233,0.5297893171467709,23.159100727154858,2.48386182529145,2.5856543109549945,0.5411432065211423,24.92542300933171,2.4703561223973463,0.0,306,2703
differential_sarsa,up_shift,0.1,0.1,1.0,8,2.6638589230722185,0.5352106615832745,23.36575229847179,2.505538724464649,2.539264689337181,0.5363961302748311,24.95939226939155,2.4080732392702022,0.0,306,2703
differential_sarsa,up_shift,0.1,0.1,1.0,9,2.5550072956702157,0.5404925007228283,23.748100440753632,2.430878941778076,2.5695851411070953,0.5390852745638821,25.0296359348323,2.4511214758925277,0.0,306,2703
discounted_sarsa,down_shift,0.02,0.001,0.9,0,1.6768364598462526,0.5167054566859385,219.45533969108465,5.076571289396624,1.6764787086834485,0.5103246098702421,175.59706515207176,2.0380750076503213,0.0,102,901
discounted_sarsa,down_shift,0.02,0.001,0.9,1,1.6900119113419114,0.44129040866742225,229.48018501643017,5.090082779666552,2.0810929933854605,0.4688553126506357,183.6280368886398,2.5309602897424504,0.0,102,901
discounted_sarsa,down_shift,0.02,0.001,0.9,2,1.7356807785478914,0.4603458770322622,223.08862012446494,5.17108025376469,1.8457367427315,0.4711103846272856,183.91503837750707,2.304512884610613,0.0,102,901
discounted_sarsa,down_shift,0.02,0.001,0.9,3,1.7808361528535597,0.4797264861531252,221.21896921677384,5.137502687903827,1.8716804050743614,0.49103153094385665,184.0275357925188,2.313817894420438,0.0,102,901
discounted_sarsa,down_shift,0.02,0.001,0.9,4,1.5786195087759818,0.4439985726343939,221.90409576936523,5.086847384590377,1.6721076693057801,0.4681387977635883,177.02643619739652,2.1255032756960945,0.0,102,901
discounted_sarsa,down_shift,0.02,0.001,0.9,5,1.7715617146573337,0.5134099830083627,228.7400099557421,5.134748993298479,2.1130820501155942,0.5441422985434556,183.37435675243054,2.470578028507838,0.0,102,901
discounted_sarsa,down_shift,0.02,0.001,0.9,6,2.171506537988126,0.4572296824631654,230.2789256050588,5.099964727918806,2.0706710329296,0.4609396932084718,192.2281939832892,2.4642064385267104,0.0,102,901
discounted_sarsa,down_shift,0.02,0.001,0.9,7,1.1605666302015758,0.38302498080005715,204.53505785720768,4.96378112514712,1.4153311878968653,0.41369872379941175,167.5044292479188,1.9161322259203368,0.0,102,901
discounted_sarsa,down_shift,0.02,0.001,0.9,8,1.9033089575540865,0.4306016117128249,221.72675284278506,5.2542997100303515,1.7861080516064243,0.4314608904452876,183.8232104983427,2.370182094808315,0.0,102,901
discounted_sarsa,down_shift,0.02,0.001,0.9,9,1.424601015169759,0.3655299131828264,209.37436529797293,5.165496831116754,1.5503588875850505,0.41009292197158553,175.33921512716825,2.1377828808522663,0.0,102,901
discounted_sarsa,down_shift,0.02,0.001,0.97,0,1.8950693741902063,0.49317006303132854,314.9957732722924,5.16949649280349,2.0225447156969607,0.4946991162492022,291.68467902209954,2.4294454758519457,0.0,102,901
discounted_sarsa,down_shift,0.02,0.001,0.97,1,2.166677815441146,0.47328437327146644,297.5441984447927,5.208990793755042,2.0878292783531918,0.4778804125586321,282.12877622299965,2.6617478657825044,0.0,102,901
discounted_sarsa,down_shift,0.02,0.001,0.97,2,1.942690269737685,0.4774890801217085,289.27855890723214,5.1852686234284375,1.9856952765719305,0.4786250419966115,277.0285924861976,2.4335980366730356,0.0,102,901
discounted_sarsa,down_shift,0.02,0.001,0.97,3,1.2059212333750302,0.396646291786969,267.36017582805755,5.063060329660687,1.2962978949368575,0.4029001837185258,245.399673874391,1.7982463293002557,0.0,102,901
discounted_sarsa,down_shift,0.02,0.001,0.97,4,1.363869777590915,0.3680749804067846,271.20507555778534,5.169948158621192,1.5184913337197474,0.37003082312641594,252.801953534098,2.1911692039684127,0.0,102,901
discounted_sarsa,down_shift,0.02,0.001,0.97,5,1.6057747756929817,0.3827604222812268,279.6736299362042,5.185398360230981,1.6066008903257263,0.39396768574484414,260.7177261622457,2.1814700690081414,0.0,102,901
discounted_sarsa,down_shift,0.02,0.001,0.97,6,1.5353635408940853,0.45379880404064277,277.3803437945352,5.010089708279258,1.5750904341422656,0.4637269424509338,259.11700136271463,1.9426256812014329,0.0,102,901
discounted_sarsa,down_shift,0.02,0.001,0.97,7,1.6354234820555564,0.4185755638354807,274.98132927935114,5.033646234298696,1.646477311894069,0.4299235572948464,256.9374837964776,2.10137120000611,0.0,102,901
discounted_sarsa,down_shift,0.02,0.001,0.97,8,2.1258331441920757,0.4747538150938897,287.8630195595044,5.198101328767144,2.0054204360237318,0.4664973663411446,276.3228533742983,2.526840885896225,0.0,102,901
discounted_sarsa,down_shift,0.02,0.001,0.97,9,1.822984154504416,0.5197918275465666,296.57211908771745,5.219047461924817,1.8453456800500567,0.5150897998121452,276.90928945037683,2.1882437784780517,0.0,102,901
discounted_sarsa,down_shift,0.02,0.001,0.99,0,1.385907466435642,0.42901532831731226,308.32336082784735,4.943328021411324,1.314228022389557,0.415823343217994,296.03537683476566,1.7853339510876511,0.0,102,901
discounted_sarsa,down_shift,0.02,0.001,0.99,1,1.756309167056746,0.44743054708689195,320.7355726494781,5.03252571166489,1.82573505609311,0.4736742410538684,316.9047971198393,2.1776733179023395,0.0,102,901
discounted_sarsa,down_shift,0.02,0.001,0.99,2,1.2494037550327914,0.3995883159596421,276.66059776382303,5.059770138087339,1.2526851717222371,0.39236651504425235,266.90339167176745,1.7981147422325028,0.0,102,901
discounted_sarsa,down_shift,0.02,0.001,0.99,3,1.5245983493078468,0.4084840465530783,310.36934529291614,5.134642200763534,1.5615193673500523,0.4306446842582865,300.7194496179784,2.1303686468794214,0.0,102,901
discounted_sarsa,down_shift,0.02,0.001,0.99,4,1.199177986861245,0.3745305072947038,249.7553005066506,5.086545991877008,1.1382358808441386,0.3550091602365989,245.84955306820063,1.745262971201371,0.0,102,901
discounted_sarsa,down_shift,0.02,0.001,0.99,5,1.1022032234461985,0.35619752004471983,273.19237894609773,4.99679789117759,1.3015887225027176,0.3870134385466346,264.0263104693037,1.8554021871844117,0.0,102,901
discounted_sarsa,down_shift,0.02,0.001,0.99,6,2.0565061841967203,0.4482841156689483,321.5106902299026,5.113991165937667,2.0130822276902465,0.4529865431808134,319.91044226667873,2.5020961498886747,0.0,102,901
discounted_sarsa,down_shift,0.02,0.001,0.99,7,1.226787369238819,0.3934459474944159,289.02829617246545,4.980243843148427,1.33596856759424,0.4147795832243063,278.3960081864191,1.8268824771750154,0.0,102,901
discounted_sarsa,down_shift,0.02,0.001,0.99,8,1.8701619879703553,0.37528176386744305,313.9950882292849,5.306469087505969,1.9409119312611975,0.3761452161235818,310.57021683779465,2.7047346598329165,0.0,102,901
discounted_sarsa,down_shift,0.02,0.001,0.99,9,2.089051521900984,0.469896366749964,310.0108263203876,5.105473293797348,2.0375980511492977,0.4731937200044685,312.309589492377,2.467468552689785,0.0,102,901
discounted_sarsa,down_shift,0.02,0.003,0.9,0,1.7082212185008157,0.525943202103919,222.73440274713164,3.411141721002502,1.906824360052557,0.5299927706318663,179.9397999954303,2.0514620981336464,0.0,102,901
discounted_sarsa,down_shift,0.02,0.003,0.9,1,1.5201396621835057,0.46842833750329776,200.94739008960903,3.2411659813308438,1.6098974685683212,0.44968622742351877,171.0509292123714,1.913736981041453,0.0,102,901
discounted_sarsa,down_shift,0.02,0.003,0.9,2,1.7210471920127026,0.45627581069454376,223.80006926845186,3.577543294739388,1.8289452313084624,0.4720224313340618,183.3553042641725,2.1895744158910526,0.0,102,901
discounted_sarsa,down_shift,0.02,0.003,0.9,3,1.0204325389441076,0.3507420526076717,203.09858879050637,3.135684667392433,1.6389348679481912,0.43141050201329584,166.40780260450956,2.0094098286813327,0.0,102,901
discounted_sarsa,down_shift,0.02,0.003,0.9,4,1.4510612174308928,0.40143955432212813,218.46539319103184,3.420948051460774,1.7083456677536029,0.45798791462075217,176.04391437291844,2.008656190624551,0.0,102,901
discounted_sarsa,down_shift,0.02,0.003,0.9,5,1.7816322606064932,0.4447028506777744,221.2550075450095,3.6406571449345533,1.8004133323055445,0.4768496852804337,182.62139902248538,2.113909513058995,0.0,102,901
discounted_sarsa,down_shift,0.02,0.003,0.9,6,2.0594694275451437,0.5027352621335387,234.3547621828892,3.5805993992829417,2.2061443241733483,0.5257770259716568,190.79955516991302,2.4189472603963216,0.0,102,901
discounted_sarsa,down_shift,0.02,0.003,0.9,7,2.024648733268397,0.5304226314353914,232.65906218057862,3.583260887821164,2.0078410533001256,0.5178504935906887,187.5800319686476,2.1171760359659597,0.0,102,901
discounted_sarsa,down_shift,0.02,0.003,0.9,8,1.4200525278546101,0.4046568931037088,210.3572372487702,3.340032287209051,1.4478348194066042,0.39388038843906403,168.92674089729934,1.8721509704589603,0.0,102,901
discounted_sarsa,down_shift,0.02,0.003,0.9,9,1.553833564720801,0.4459286851992517,221.7512032968682,3.470332492988949,1.6208923617068254,0.4555901686729379,181.87025652023235,1.92687076981334,0.0,102,901
discounted_sarsa,down_shift,0.02,0.003,0.97,0,1.6685950560879474,0.5058769339950376,298.47514128692075,3.5786798490705976,1.7126109313467053,0.51616903921849,279.7617147693834,1.955262328593533,0.0,102,901
discounted_sarsa,down_shift,0.02,0.003,0.97,1,1.8449845086127121,0.41833073983333696,280.0336421246782,3.652717475806546,1.8511620914770615,0.4267793774260609,265.83895304792117,2.2635006272260827,0.0,102,901
discounted_sarsa,down_shift,0.02,0.003,0.97,2,1.2964091182393356,0.35786553737954363,245.67915544346207,3.3521675427835347,1.2455736402241584,0.3525764087618297,230.52942367290862,1.655957847448543,0.0,102,901
discounted_sarsa,down_shift,0.02,0.003,0.97,3,1.7694180515380558,0.5104691290118848,303.04226883043646,3.4718589339551933,1.8321621104792922,0.5379941181895626,282.82365010263203,1.9341013737691595,0.0,102,901
discounted_sarsa,down_shift,0.02,0.003,0.97,4,1.3491491296418183,0.3731188672304627,281.09517092207176,3.284858022029324,1.4495706179395118,0.37092874167456685,253.53106613685867,1.9103868249005032,0.0,102,901
discounted_sarsa,down_shift,0.02,0.003,0.97,5,2.2194753121790947,0.5253817111182433,324.53468710696586,3.8113878564454087,2.297715882827716,0.5270727804713795,306.42483262520386,2.4536164870537434,0.0,102,901
discounted_sarsa,down_shift,0.02,0.003,0.97,6,1.8216369536199895,0.4834056169185173,290.83407086160526,3.570379673029132,1.7634212923656245,0.4771596756841712,270.60310735095953,2.0393706675850196,0.0,102,901
discounted_sarsa,down_shift,0.02,0.003,0.97,7,2.1442820162850635,0.5259621944817277,315.39638485921955,3.8377007464286974,2.2172777827251,0.5354434049067179,300.6781774969451,2.428087109741186,0.0,102,901
discounted_sarsa,down_shift,0.02,0.003,0.97,8,2.559238475725505,0.5159819777926308,327.06875197451683,3.8409014752685975,2.5194691050738305,0.49851386546220766,315.0892393212645,2.806659575941218,0.0,102,901
discounted_sarsa,down_shift,0.02,0.003,0.97,9,1.6674977519515402,0.37960010420563917,280.41798443205124,3.667834354632528,1.9952571197336122,0.4343579408651821,267.2097377483883,2.429648344974464,0.0,102,901
discounted_sarsa,down_shift,0.02,0.003,0.99,0,1.653876119813343,0.4704704071180143,310.8529861200943,3.4103888825104445,1.740803205846313,0.4828465049286227,305.75836427110573,2.044761708953688,0.0,102,901
discounted_sarsa,down_shift,0.02,0.003,0.99,1,1.2771362762956422,0.4271761243416311,258.3073245782608,3.2137655004322063,1.2448155518903745,0.401540707780106,252.54351259446338,1.5662098862764013,0.0,102,901
discounted_sarsa,down_shift,0.02,0.003,0.99,2,2.061001072700535,0.5405796291695868,320.3589099560338,3.5901416837270013,1.9692540861121135,0.5112235825363916,318.64538043287087,2.1738215079117054,0.0,102,901
discounted_sarsa,down_shift,0.02,0.003,0.99,3,1.7186538965480047,0.45016527936914713,299.66934529040583,3.493406092144251,1.7752817754731218,0.4698328946062838,296.4751585264372,2.1063185461271865,0.0,102,901
discounted_sarsa,down_shift,0.02,0.003,0.99,4,1.5663047215480141,0.3419560399461978,293.5335429964952,3.5456844061747086,1.6454086154927396,0.35380021379753906,288.10999327112853,2.16034760725851,0.0,102,901
discounted_sarsa,down_shift,0.02,0.003,0.99,5,1.1227853276815374,0.34169577822981784,316.11973769208925,3.2820297245269785,1.1989715669992678,0.3357602234820468,297.0309607969333,1.6290910968872014,0.0,102,901
discounted_sarsa,down_shift,0.02,0.003,0.99,6,2.1326966475855036,0.49192071804154336,330.97115518501744,3.726704518169015,2.174998574212736,0.4982193215068278,331.7633195482852,2.4967734362518565,0.0,102,901
discounted_sarsa,down_shift,0.02,0.003,0.99,7,1.5518835119027172,0.38168087469215395,338.0984844416528,3.4575194735917765,1.643662458065164,0.3896147797673091,324.8054845456387,2.0269381140291047,0.0,102,901
discounted_sarsa,down_shift,0.02,0.003,0.99,8,1.9434400921208226,0.47207933572867283,313.1246124467024,3.7417320230069935,1.872902347484195,0.4652314239566305,310.43805736144554,2.2008687936657734,0.0,102,901
discounted_sarsa,down_shift,0.02,0.003,0.99,9,1.8454875401284212,0.4680693727226699,302.73840595174335,3.561117536167545,1.8213384391914507,0.47075555739197517,300.98822698571,2.103736782091946,0.0,102,901
discounted_sarsa,down_shift,0.02,0.01,0.9,0,1.7270946601523989,0.49407599760029897,226.44340682591024,2.359309448962174,1.9272431261159495,0.5048208468942074,184.39457015540805,2.0978598210968578,0.0,102,901
discounted_sarsa,down_shift,0.02,0.01,0.9,1,1.5407822675923444,0.43844657731203013,209.9160400944384,2.325605880450831,1.5526726497699397,0.4534038883566541,171.12662441043128,1.795186800291803,0.0,102,901
discounted_sarsa,down_shift,0.02,0.01,0.9,2,1.9621310287008529,0.49419612040433597,223.18828910176487,2.51300001367875,1.8614457730934462,0.46991035226945677,185.1791445211157,2.012473618404376,0.0,102,901
discounted_sarsa,down_shift,0.02,0.01,0.9,3,0.9853837943927793,0.3673918942171333,199.65691402856604,1.788295224070099,1.7545772558139985,0.4404421762610078,159.3099229308334,2.0706511694519842,0.0,102,901
discounted_sarsa,down_shift,0.02,0.01,0.9,4,2.2377726241988403,0.4053251194567472,230.81868702534524,3.059832503186204,2.2016700932040676,0.4047126217466193,191.46180574410667,2.706470407743424,0.0,102,901
discounted_sarsa,down_shift,0.02,0.01,0.9,5,2.035129225703719,0.472356288114982,229.02104443264327,2.7962322715120775,2.041970488179256,0.45966380169865506,192.56744727648896,2.414031151334498,0.0,102,901
discounted_sarsa,down_shift,0.02,0.01,0.9,6,1.5013932594983057,0.45830542983501565,210.0374100724705,2.2552206084349873,1.4516970411075973,0.4436729553139043,172.58859896341346,1.7280927216480015,0.0,102,901
discounted_sarsa,down_shift,0.02,0.01,0.9,7,1.8956777024547649,0.5176137804120682,227.301424938922,2.4073955766451203,2.1424287611725954,0.5274145069942358,187.8423207812581,2.23303453032897,0.0,102,901
discounted_sarsa,down_shift,0.02,0.01,0.9,8,1.6660448396242895,0.4982566612118872,225.67045030491917,2.356251730933512,1.905286334629148,0.5127607435766846,181.91420410293094,2.107243183131856,0.0,102,901
discounted_sarsa,down_shift,0.02,0.01,0.9,9,2.43565036490624,0.5027345240369422,241.33533855748394,3.1233597747588067,2.4544621716793316,0.49898811881766014,200.6990099458765,2.732915414673298,0.0,102,901
discounted_sarsa,down_shift,0.02,0.01,0.97,0,1.5913039763807455,0.4053110119318302,275.6095161105579,2.4129155974886998,1.67415094150313,0.40673202359939925,259.0016774535135,2.086098693479705,0.0,102,901
discounted_sarsa,down_shift,0.02,0.01,0.97,1,2.0773375548879223,0.4452799154883422,295.117145295864,2.861827343505278,2.17597510897148,0.45899282015795284,283.9842758094616,2.5172269656100212,0.0,102,901
discounted_sarsa,down_shift,0.02,0.01,0.97,2,1.5421800709347253,0.3812070425050282,273.7156068893859,2.449502813497279,1.5280927004950706,0.37893445591018565,251.6674480262514,1.9314389709761464,0.0,102,901
discounted_sarsa,down_shift,0.02,0.01,0.97,3,0.9186202125117537,0.24183623350040215,272.59478839362356,1.9575678957250795,0.9790734199390205,0.2601471950716675,239.09203502689866,1.4430788037724005,0.0,102,901
discounted_sarsa,down_shift,0.02,0.01,0.97,4,1.7575265836078142,0.46038694860833335,297.60302280753103,2.4298113928970166,1.9299496012943478,0.4773711477203871,280.74364781563963,2.1840025443175204,0.0,102,901
discounted_sarsa,down_shift,0.02,0.01,0.97,5,1.4213171007318233,0.45500051607758163,268.7016230215715,2.175820203072027,1.4355735716375422,0.4648694028393204,249.9288442491032,1.661385056425679,0.0,102,901
discounted_sarsa,down_shift,0.02,0.01,0.97,6,2.3981409403077585,0.45988664576075405,299.3275775944931,3.1985673824873526,2.299699672639075,0.4502383138205225,290.114345462718,2.735244841551671,0.0,102,901
discounted_sarsa,down_shift,0.02,0.01,0.97,7,1.8079303870086487,0.47931439603583703,285.77564132614737,2.5755442451598594,1.8248312484258664,0.46989157236896983,270.7284332229388,2.1400775479917216,0.0,102,901
discounted_sarsa,down_shift,0.02,0.01,0.97,8,0.7674475174683512,0.20556864401919867,280.34729336866246,1.8284326699601319,1.1830961586406727,0.27526801965476466,246.0335080749771,1.7078473972803714,0.0,102,901
discounted_sarsa,down_shift,0.02,0.01,0.97,9,1.475498755724083,0.46758578925765715,267.63993980024003,2.119830356120255,1.4647566911212748,0.4617260648373492,249.9527376633142,1.69151766473635,0.0,102,901
discounted_sarsa,down_shift,0.02,0.01,0.99,0,1.8316056146763242,0.47420953377840375,302.2420284062002,2.5791132867082203,1.877775433056531,0.47810820360279277,301.2465200597507,2.172314878685403,0.0,102,901
discounted_sarsa,down_shift,0.02,0.01,0.99,1,1.9418129629447003,0.5189053061734674,335.16269228459873,2.5534660674811764,2.1418944345621123,0.5178478028886593,335.6264409057197,2.2754693928292493,0.0,102,901
discounted_sarsa,down_shift,0.02,0.01,0.99,2,1.7554288172098138,0.4969178812325809,316.5735742239208,2.3434130007823892,1.8027700158042765,0.5000217275211545,313.78297024593246,1.9042660952618917,0.0,102,901
discounted_sarsa,down_shift,0.02,0.01,0.99,3,1.6838559900800625,0.44227029689360525,305.01275009445015,2.465269567329721,1.8216880008478773,0.4701466130388377,303.9969374358083,2.080475649815444,0.0,102,901
discounted_sarsa,down_shift,0.02,0.01,0.99,4,1.8796590262155188,0.41849379756280936,309.21862207755566,2.6911255427430416,1.9406727896722995,0.4369927927853525,307.4253077933514,2.307802288901202,0.0,102,901
discounted_sarsa,down_shift,0.02,0.01,0.99,5,1.2576766743293188,0.4321080125128875,276.28445225721316,2.134692593168101,1.337834107944273,0.43029185514942314,269.9726069651147,1.6286124835999298,0.0,102,901
discounted_sarsa,down_shift,0.02,0.01,0.99,6,1.6859582139281306,0.518468031914572,308.9624320858555,2.3105726512216163,1.6509195505048357,0.49741909207478796,302.8768104895835,1.8349187351591594,0.0,102,901
discounted_sarsa,down_shift,0.02,0.01,0.99,7,1.4713491075881369,0.4687279028905182,295.69502694365343,2.192782533666032,1.5364826139998333,0.4748313389837344,288.087855552853,1.7289882389959117,0.0,102,901
discounted_sarsa,down_shift,0.02,0.01,0.99,8,1.0615651123024645,0.29512534044553,356.94367325430807,2.08323430067012,1.0540991369396686,0.3014371548705782,330.75040788072545,1.4726807887895663,0.0,102,901
discounted_sarsa,down_shift,0.02,0.01,0.99,9,1.8349214408117185,0.5395501022638692,353.06639421903844,2.340092276442832,1.8878409785217654,0.5424171801863785,347.79650209297426,1.915617483299573,0.0,102,901
discounted_sarsa,down_shift,0.02,0.03,0.9,0,2.151577792216938,0.5076334427316339,237.18193995558252,2.4920138591709864,2.1187385257291034,0.49690533697342415,192.72679550962118,2.355178809405424,0.0,102,901
discounted_sarsa,down_shift,0.02,0.03,0.9,1,1.5855419373986972,0.4692132017808261,220.2190768935471,1.9541773262939048,1.751229802119109,0.4797220034647308,180.49759207154142,1.974652466727032,0.0,102,901
discounted_sarsa,down_shift,0.02,0.03,0.9,2,1.8852977967808375,0.47605997073701023,225.59802092855674,2.165109527323586,1.8892873596566042,0.47319375953867054,186.4647182053431,2.0385619838911526,0.0,102,901
discounted_sarsa,down_shift,0.02,0.03,0.9,3,1.6741729533583687,0.4906504436450251,222.30660222662536,1.9696551023499158,1.6895939245564677,0.5213746265408399,176.22612764079264,1.760509122411931,0.0,102,901
discounted_sarsa,down_shift,0.02,0.03,0.9,4,1.8360044256488528,0.49576963132153085,227.2751249828979,2.2125842940041367,2.1324859791142288,0.5268472928076204,187.08204734021217,2.3073599146269093,0.0,102,901
discounted_sarsa,down_shift,0.02,0.03,0.9,5,1.7099403922488334,0.4746550443273659,221.08346043833532,2.132754585171842,1.7740887536932222,0.46407022838928735,177.6340540784078,2.0475777459599227,0.0,102,901
discounted_sarsa,down_shift,0.02,0.03,0.9,6,1.6339980015536442,0.4537442661201282,223.05857975122206,1.9406667101468782,1.7214970582995048,0.4567522778237505,183.1789591609856,1.8970013541994064,0.0,102,901
discounted_sarsa,down_shift,0.02,0.03,0.9,7,1.4698124501706473,0.5369116343842658,222.4694668452643,1.6745101072268105,2.0373565184963414,0.5518647456285768,179.60862473364003,2.0941274147155258,0.0,102,901
discounted_sarsa,down_shift,0.02,0.03,0.9,8,1.482546918022893,0.4231828667157855,214.00397297511998,1.9252583430237977,1.7237196064684133,0.4353716279212244,169.36794370786322,2.0410833346288295,0.0,102,901
discounted_sarsa,down_shift,0.02,0.03,0.9,9,1.6600833736653355,0.4288900747079666,218.3962568656431,2.157002027801278,1.6769266577437918,0.451248557393155,176.97584336135267,1.9636974761494095,0.0,102,901
discounted_sarsa,down_shift,0.02,0.03,0.97,0,1.8448543798405028,0.5371344804103286,313.9072368208517,2.0892160362106367,1.9399599132056744,0.5472190997773925,292.0434192405001,2.0404601125458353,0.0,102,901
discounted_sarsa,down_shift,0.02,0.03,0.97,1,1.4729759739594108,0.45335236213182006,274.8679065534807,1.867137116528593,1.5835792904471706,0.46160215035106955,257.12702765829283,1.8187676196302178,0.0,102,901
discounted_sarsa,down_shift,0.02,0.03,0.97,2,1.3349449056114333,0.37001418537186664,281.0986362415212,1.7910675087925587,1.3775358044995991,0.37549294003267264,254.62122841284614,1.688009065634491,0.0,102,901
discounted_sarsa,down_shift,0.02,0.03,0.97,3,1.8690483407945833,0.4406500752323344,286.43858729453547,2.374806763355547,1.950414616849549,0.46024537071207205,272.26721973110745,2.2582269248276776,0.0,102,901
discounted_sarsa,down_shift,0.02,0.03,0.97,4,1.6230012046651525,0.49806256008505334,296.58042816851275,1.9092417443352718,1.735478673979502,0.5116149955343856,276.7829964185853,1.8349741792517664,0.0,102,901
discounted_sarsa,down_shift,0.02,0.03,0.97,5,1.1540514490456273,0.4020706988181483,279.56223121349086,1.5880628970257145,1.3984595565735949,0.3902439284324869,251.78040713520573,1.7665232208474162,0.0,102,901
discounted_sarsa,down_shift,0.02,0.03,0.97,6,1.7472846300353335,0.42840853556899344,280.85448528146054,2.2709860763047387,1.6453142090740998,0.41577380560855315,261.47850320424146,2.003931709617969,0.0,102,901
discounted_sarsa,down_shift,0.02,0.03,0.97,7,1.404232699831308,0.38640101243940267,294.14119070401557,1.9062222599777792,1.4397620200537387,0.38704187218244995,260.73856036238385,1.7705466056895258,0.0,102,901
discounted_sarsa,down_shift,0.02,0.03,0.97,8,1.1221322534538107,0.37063856704075687,248.06645853168737,1.571569021519916,1.0313163288667413,0.34725306563002023,228.16960130002732,1.302935004860145,0.0,102,901
discounted_sarsa,down_shift,0.02,0.03,0.97,9,1.8949423088829531,0.49469347824953713,310.2104158952893,2.260177598370002,1.983380458706796,0.49572849419567405,284.8842941328518,2.1852746033659423,0.0,102,901
discounted_sarsa,down_shift,0.02,0.03,0.99,0,1.5322234531303582,0.4478981278093391,285.84421406948985,1.874686296833348,1.6942233729816643,0.45640024799256407,284.192224343598,1.9082445819966405,0.0,102,901
discounted_sarsa,down_shift,0.02,0.03,0.99,1,1.7800899466624147,0.3932605314430931,332.9066179205679,2.448002391106258,1.9235560996247536,0.39953539091564694,325.3388882082476,2.4555557825214294,0.0,102,901
discounted_sarsa,down_shift,0.02,0.03,0.99,2,1.8840460147768456,0.48016107387055507,293.8039144954795,2.250623922441803,1.7934773059759532,0.4612279350355372,294.32467244206475,2.030119521790595,0.0,102,901
discounted_sarsa,down_shift,0.02,0.03,0.99,3,1.604237133342617,0.4290541998985933,298.1649787661522,2.1336505535123393,1.6879816944446022,0.453403709161939,292.05550674183075,1.9879654175416266,0.0,102,901
discounted_sarsa,down_shift,0.02,0.03,0.99,4,1.6504313307467138,0.40781258930410236,302.6680410991773,2.215150510170853,1.772932862586645,0.4129970330257633,295.88450956673694,2.2238928956148936,0.0,102,901
discounted_sarsa,down_shift,0.02,0.03,0.99,5,1.8085402975724658,0.5083167330567977,310.04911145401644,2.15393319928166,1.7305508026713141,0.4858059701685973,304.7582651557202,1.9190611915058582,0.0,102,901
discounted_sarsa,down_shift,0.02,0.03,0.99,6,2.1716008493062082,0.44561945873745995,340.2482586183054,2.5794813811734105,2.091089385864687,0.446202335397041,334.8605331464991,2.3515558013489617,0.0,102,901
discounted_sarsa,down_shift,0.02,0.03,0.99,7,1.0643828804478541,0.32562902882301953,259.02426523175217,1.5901712720409633,1.2084844735924636,0.3639052497416631,250.88212927199845,1.5423882497709447,0.0,102,901
discounted_sarsa,down_shift,0.02,0.03,0.99,8,1.8804644717269035,0.4313891725340771,296.7459654800198,2.4139906781391995,1.8132971364409363,0.433608251943346,293.7753753920385,2.17341897228757,0.0,102,901
discounted_sarsa,down_shift,0.02,0.03,0.99,9,1.818128808391032,0.4822896221157832,311.1405658133637,2.1237722378325103,1.8817610373646612,0.4738702909128635,309.5169003267205,2.0816751391592248,0.0,102,901
discounted_sarsa,down_shift,0.02,0.1,0.9,0,1.9982276957475398,0.46073975120036653,230.43874537424853,2.1258520028903862,2.1252865330038446,0.47046987122815837,189.4133050635365,2.1938759310722777,0.0,102,901
discounted_sarsa,down_shift,0.02,0.1,0.9,1,2.1158303582578872,0.5547663627434076,238.51697276326829,2.0864975154199605,2.3697903073590374,0.5484591882788273,195.1888022555114,2.2643173939323997,0.0,102,901
discounted_sarsa,down_shift,0.02,0.1,0.9,2,1.4973424859423436,0.45475936802384964,212.5639226731196,1.6770573599757739,1.4281170705846618,0.44797916678228233,173.78387814190086,1.5775203430324913,0.0,102,901
discounted_sarsa,down_shift,0.02,0.1,0.9,3,1.4891478498065842,0.4968040163425519,220.77157376166485,1.5948206101250308,1.7427549921783574,0.5377844737697741,175.61638272384363,1.723449530369783,0.0,102,901
discounted_sarsa,down_shift,0.02,0.1,0.9,4,1.7147895419901587,0.34412387616944246,221.74200569040187,2.1500743232322654,1.7280933191378236,0.36150787289198527,174.56731746481708,2.0703386315658987,0.0,102,901
discounted_sarsa,down_shift,0.02,0.1,0.9,5,1.3207965625640339,0.38969612430469214,208.22025040512207,1.6302353548550075,1.6170017066004632,0.4115872781358029,164.05378688524576,1.8690343505975435,0.0,102,901
discounted_sarsa,down_shift,0.02,0.1,0.9,6,1.2608095607773298,0.44011130638647594,208.2360621640349,1.3628489396536136,1.4687300361065916,0.45397484417971556,169.62949710099267,1.5423639617583873,0.0,102,901
discounted_sarsa,down_shift,0.02,0.1,0.9,7,1.7770386279064005,0.5104007734968068,225.549743422583,1.9181128053965817,1.976572772104302,0.5104433372042696,182.62846405023782,2.0561970413031014,0.0,102,901
discounted_sarsa,down_shift,0.02,0.1,0.9,8,2.3360034303238395,0.5673937278195301,236.37115645721417,2.1917007452601642,2.1519604157615495,0.5424095573941351,189.7458692803816,2.0825262254928782,0.0,102,901
discounted_sarsa,down_shift,0.02,0.1,0.9,9,1.0034196089044523,0.39831122908669214,194.31733218124154,1.1624520118225667,1.0564144692401956,0.3999956716016324,157.53497452454457,1.1873090282247194,0.0,102,901
discounted_sarsa,down_shift,0.02,0.1,0.97,0,1.0992849886299958,0.3836605418623729,271.1516337545179,1.3168187449295792,1.023482663254681,0.36872774525943824,246.90041528490784,1.1991013817111138,0.0,102,901
discounted_sarsa,down_shift,0.02,0.1,0.97,1,1.4484929249153808,0.40095082801240467,266.74440346325,1.700014062931697,1.4822215180225573,0.4090354001273308,247.75562556896847,1.655321914970559,0.0,102,901
discounted_sarsa,down_shift,0.02,0.1,0.97,2,1.9460483187777669,0.5191588301221515,296.0252601041744,2.0709582760730623,1.8581457035540383,0.5069815921873251,278.76589148417463,1.9390723407114028,0.0,102,901
discounted_sarsa,down_shift,0.02,0.1,0.97,3,1.7112433341564341,0.4780992471667334,302.73934224613663,1.8697247047151315,1.844147673784521,0.5143888171766015,280.6295945533162,1.858603683975922,0.0,102,901
discounted_sarsa,down_shift,0.02,0.1,0.97,4,2.038636201416865,0.49873330859249637,314.0940929747797,2.154782343011032,2.1566527723268414,0.5151703562553862,296.2670729210434,2.211143520891833,0.0,102,901
discounted_sarsa,down_shift,0.02,0.1,0.97,5,1.5022910252445525,0.36910016521979344,268.0585387430802,1.8891479794132289,1.469296543975839,0.37932601414886985,248.81722399275128,1.736891599365541,0.0,102,901
discounted_sarsa,down_shift,0.02,0.1,0.97,6,1.9411095173933566,0.537431330646613,309.5128192096873,1.980246925001247,1.8754055968325147,0.5347875316643772,286.4691663209631,1.8720377598842148,0.0,102,901
discounted_sarsa,down_shift,0.02,0.1,0.97,7,1.9795128086653502,0.48987056323986516,288.33682753056235,2.236279969408224,1.908841756256603,0.4736632876963292,273.51528436270274,2.0970399840966696,0.0,102,901
discounted_sarsa,down_shift,0.02,0.1,0.97,8,1.5541388921304162,0.5266008557523181,300.11026689512977,1.5486160376240754,1.6178240413265577,0.5465594887276466,273.473882347601,1.5244858002536663,0.0,102,901
discounted_sarsa,down_shift,0.02,0.1,0.97,9,2.155726838479137,0.5129426646346943,304.67583638282014,2.181090303101716,2.1994146868120406,0.5011137170833202,291.3910570683681,2.200560191812928,0.0,102,901
discounted_sarsa,down_shift,0.02,0.1,0.99,0,1.2414407838343475,0.37982226935364627,283.97028857297,1.4802728237400864,1.4300517583564052,0.4143118864857719,277.5204706038865,1.5773157241802238,0.0,102,901
discounted_sarsa,down_shift,0.02,0.1,0.99,1,1.4219938331402797,0.4455553714878952,288.27565124497215,1.6250325549946911,1.6393718910237733,0.4473888053373209,285.44740795465725,1.8175405100350044,0.0,102,901
discounted_sarsa,down_shift,0.02,0.1,0.99,2,1.437351116404463,0.42280904113600554,273.227066388444,1.6740486836893735,1.447229746387047,0.4255671503818823,267.78733368682055,1.6172645123390605,0.0,102,901
discounted_sarsa,down_shift,0.02,0.1,0.99,3,1.4149699524201294,0.5018732545658107,318.15312778208215,1.4260338311004688,1.5211066916211096,0.5242950797868954,305.65716856213396,1.4475097058874127,0.0,102,901
discounted_sarsa,down_shift,0.02,0.1,0.99,4,1.7387606718577688,0.45627791767104914,298.42040829384695,1.7947892438299544,1.7850128450232956,0.4588255560464354,298.0451985149724,1.8297513640727745,0.0,102,901
discounted_sarsa,down_shift,0.02,0.1,0.99,5,1.6058662300631696,0.44564857713179507,274.841299209126,1.714219091337682,1.5306867879226487,0.41355792691141113,271.3614081232703,1.644162892980566,0.0,102,901
discounted_sarsa,down_shift,0.02,0.1,0.99,6,1.6344137828505634,0.4536620714824872,335.7471586726245,1.8049678180578923,1.5724561880102836,0.446272942295913,321.3274683658847,1.7227805923955135,0.0,102,901
discounted_sarsa,down_shift,0.02,0.1,0.99,7,1.4352365308231818,0.43957944532824966,287.84184720522205,1.6092029417602622,1.5456057723948375,0.45989526197211106,281.67854940363765,1.6119550337938415,0.0,102,901
discounted_sarsa,down_shift,0.02,0.1,0.99,8,1.4385887746294965,0.40528860323290355,280.4130129648218,1.6615201139785183,1.5145968223018427,0.4116831781725768,274.9992740363885,1.6902332353471152,0.0,102,901
discounted_sarsa,down_shift,0.02,0.1,0.99,9,2.1054687905601486,0.5158492113656266,335.0124672480491,2.1390006987147308,2.115458279964092,0.5125210025671402,334.2076641564628,2.1547739864651336,0.0,102,901
discounted_sarsa,down_shift,0.05,0.001,0.9,0,1.5055113702835752,0.44052104745683396,333.0016217811569,5.0328695593393205,2.184005483674825,0.469950278309377,241.4279207446735,2.6745457202992533,0.0,102,901
discounted_sarsa,down_shift,0.05,0.001,0.9,1,1.6542978375763124,0.4210779949850178,357.51037502686177,5.225339034481199,2.1879714580478384,0.5064755788746074,283.0332730272403,2.626761753281278,0.0,102,901
discounted_sarsa,down_shift,0.05,0.001,0.9,2,1.8632443906849296,0.4052660505917925,354.7942791093936,5.184608587849294,2.045048368276479,0.4302839119182532,263.32170873276027,2.626423683960631,0.0,102,901
discounted_sarsa,down_shift,0.05,0.001,0.9,3,1.7579566678211853,0.5048918368462505,357.99907969969337,5.06495654091384,2.3350500517694415,0.5384378120208959,266.94417667218704,2.5718184440272127,0.0,102,901
discounted_sarsa,down_shift,0.05,0.001,0.9,4,1.791080053852016,0.5048388268536339,365.7014097263725,5.113472363927078,2.3091706695099052,0.526814560142704,268.47216412944726,2.5866705469435383,0.0,102,901
discounted_sarsa,down_shift,0.05,0.001,0.9,5,2.1053190616757886,0.45677365342432613,368.7681463678479,5.159947086712898,2.240527831800478,0.4948301262594835,273.4820317123891,2.741300836939198,0.0,102,901
discounted_sarsa,down_shift,0.05,0.001,0.9,6,1.83250773967167,0.4783249782874205,363.9227234949246,5.147110750669438,2.2528822595574014,0.50836509585539,267.8940282258936,2.637838736286012,0.0,102,901
discounted_sarsa,down_shift,0.05,0.001,0.9,7,2.1216842989746585,0.4859915778128845,372.6751457378575,5.228117515593767,2.3018862021341033,0.5005709973315992,275.89904152200455,2.7133063088183107,0.0,102,901
discounted_sarsa,down_shift,0.05,0.001,0.9,8,2.0486087671798225,0.5186101369397845,367.81755091389743,5.355558892871448,2.3030715584380723,0.5387576693152182,263.22271947120095,2.6130516817919607,0.0,102,901
discounted_sarsa,down_shift,0.05,0.001,0.9,9,1.4129257425300885,0.45885336122866105,354.06469519596885,5.099880402502625,2.237820894968768,0.5105987097372037,262.88070588859404,2.5519347411630515,0.0,102,901
discounted_sarsa,down_shift,0.05,0.001,0.97,0,1.8373627900161347,0.5031857699484001,555.0945284017025,5.033429278816145,1.9200912224466744,0.49114468931667504,507.46585049376154,2.3094853514176754,0.0,102,901
discounted_sarsa,down_shift,0.05,0.001,0.97,1,0.9894272724888986,0.28932965064103544,506.2430783181694,4.966265536812844,1.378261702356531,0.35150363297690596,444.5075090960652,2.0689010764007234,0.0,102,901
discounted_sarsa,down_shift,0.05,0.001,0.97,2,1.8541751570114477,0.49753691950556866,582.0937373673015,5.10602939124965,2.079612759240865,0.5050963513883784,529.338142482086,2.4283532609678833,0.0,102,901
discounted_sarsa,down_shift,0.05,0.001,0.97,3,1.9292431784222224,0.45287577914975374,574.3298834157198,5.212939338262259,2.195936007862703,0.5093697703575233,527.5841795737318,2.5075417930976585,0.0,102,901
discounted_sarsa,down_shift,0.05,0.001,0.97,4,1.872672397704003,0.5251853856246227,562.3959744898406,5.062507886394267,2.080520214214803,0.5289088745842572,508.4470638426869,2.390108444484202,0.0,102,901
discounted_sarsa,down_shift,0.05,0.001,0.97,5,0.972037446998689,0.29953895415532317,506.21448858476936,5.065775885839089,1.541703617874509,0.37358796654767756,445.93609734183923,2.1427967370065453,0.0,102,901
discounted_sarsa,down_shift,0.05,0.001,0.97,6,1.7999126568755042,0.4550680948969567,572.2924547643182,5.061166907650575,1.998856707452131,0.4995244090076074,522.960144385143,2.384831671245888,0.0,102,901
discounted_sarsa,down_shift,0.05,0.001,0.97,7,1.070374557789983,0.25782984497979694,500.44565375034824,5.1720822471160135,1.669696141844167,0.35011187477289507,453.4929261565135,2.429985316456097,0.0,102,901
discounted_sarsa,down_shift,0.05,0.001,0.97,8,2.070418854955127,0.4779152892274727,596.4481612869728,5.214152086386181,2.0228328932257753,0.47258172934509324,539.9842532770123,2.5246476468781465,0.0,102,901
discounted_sarsa,down_shift,0.05,0.001,0.97,9,1.6244144720729292,0.4367175521162114,542.6348303881538,5.172755072867089,1.927037617118858,0.479710150631812,492.8242856929838,2.4016856635786263,0.0,102,901
discounted_sarsa,down_shift,0.05,0.001,0.99,0,1.8123669483555769,0.4159069066579657,658.5800077237056,5.146112444251487,2.223820196235607,0.4616789218380162,662.3713015674224,2.678575874160588,0.0,102,901
discounted_sarsa,down_shift,0.05,0.001,0.99,1,1.664228084199433,0.42808598117388835,592.575520159777,4.950098118959347,1.4155559035728074,0.3583261455221728,558.5937669823169,2.060826006220968,0.0,102,901
discounted_sarsa,down_shift,0.05,0.001,0.99,2,1.6343439339878612,0.48261704457822285,639.0975317521668,5.06495870148533,1.7928027798188595,0.489410419975029,626.5985623399088,2.2270373180533656,0.0,102,901
discounted_sarsa,down_shift,0.05,0.001,0.99,3,1.456354321954684,0.4676340232812949,640.9572866954055,4.9261129917245245,1.7255392887387244,0.4977354188175561,622.8708660569029,2.0536511327379596,0.0,102,901
discounted_sarsa,down_shift,0.05,0.001,0.99,4,1.4796055860821564,0.46956652870059457,654.6253371675027,5.118160804734981,1.8001154717377732,0.5329075021427803,643.3319159719263,2.0542571147355653,0.0,102,901
discounted_sarsa,down_shift,0.05,0.001,0.99,5,1.5823517249525432,0.47953620221991017,647.0134122457089,5.047715917961736,1.6851509586236646,0.4893704094127007,630.135370068997,2.092565746753385,0.0,102,901
discounted_sarsa,down_shift,0.05,0.001,0.99,6,1.5351213498225598,0.4605885236868562,627.8313754891808,5.057882678413441,1.7678435074427812,0.48181241032933114,619.8245323289439,2.2032885856020514,0.0,102,901
discounted_sarsa,down_shift,0.05,0.001,0.99,7,2.032902718871626,0.5404706376402011,755.8093348030372,5.21440012924911,2.248113349502273,0.5506393276484445,752.5184882741053,2.5080997221848533,0.0,102,901
discounted_sarsa,down_shift,0.05,0.001,0.99,8,1.4164446080884423,0.4851425873707372,634.4984043673021,4.952783707812738,1.6056707120520552,0.47329204106255185,611.821129632578,2.026009981508565,0.0,102,901
discounted_sarsa,down_shift,0.05,0.001,0.99,9,0.7890508400428431,0.2587787918026403,579.1973682588724,5.041419907846393,1.271030213397696,0.3037928249850341,548.0452363029697,1.9809442970241566,0.0,102,901
discounted_sarsa,down_shift,0.05,0.003,0.9,0,2.0886505852157016,0.4890707446231089,379.4941845519423,3.7586743755233685,2.321095643677167,0.516271446468445,288.5357356285313,2.5416021920572445,0.0,102,901
discounted_sarsa,down_shift,0.05,0.003,0.9,1,1.8397901034356607,0.4633419790926031,367.6453056433622,3.7046914977970573,2.2812364926838917,0.5153512913453673,273.99911720733047,2.507745295284585,0.0,102,901
discounted_sarsa,down_shift,0.05,0.003,0.9,2,1.468283609894077,0.3928103745013354,348.00945745774993,3.553089420413495,2.1442222661968606,0.49306730392508247,277.6490636866773,2.3932019459452034,0.0,102,901
discounted_sarsa,down_shift,0.05,0.003,0.9,3,1.7999593277408996,0.41400753548303526,360.1890582821962,3.823066339717077,2.327789772971149,0.4946779184727527,281.3054482959724,2.5605574381119567,0.0,102,901
discounted_sarsa,down_shift,0.05,0.003,0.9,4,1.6547357776267162,0.43255076674674625,337.574825682503,3.5135609923894333,2.1290711648409726,0.45694122741589616,235.94702773316243,2.472312414762168,0.0,102,901
discounted_sarsa,down_shift,0.05,0.003,0.9,5,1.6538625622089407,0.4706836086054117,330.81176425918676,3.4760779724515043,2.2816926133080044,0.48943519612189407,240.455317678646,2.543484328227781,0.0,102,901
discounted_sarsa,down_shift,0.05,0.003,0.9,6,2.056912816515863,0.42754142334124834,366.5792473766317,3.7236184210852534,2.083392081983378,0.4641137666712763,269.4339812595762,2.4361758914595826,0.0,102,901
discounted_sarsa,down_shift,0.05,0.003,0.9,7,1.4385432257364152,0.4352893605110601,347.4554452316172,3.4403491349032165,2.1568072426392644,0.49600206516819995,265.27794979068034,2.3697984231051783,0.0,102,901
discounted_sarsa,down_shift,0.05,0.003,0.9,8,1.8506165466411766,0.4852474398843374,366.51663995216114,3.586952011184521,2.2902657944942897,0.5026693412851467,271.3858135868551,2.559668386518876,0.0,102,901
discounted_sarsa,down_shift,0.05,0.003,0.9,9,1.7588244838591984,0.47652891833412603,359.30547756624003,3.6023594894023074,2.376352511872985,0.5294536212420873,270.4674617300974,2.524481084862523,0.0,102,901
discounted_sarsa,down_shift,0.05,0.003,0.97,0,1.9796420998214497,0.454289448382606,568.3880372113857,3.6395752495331455,2.115355028987983,0.45047964800332596,519.7860601488093,2.4312877976634426,0.0,102,901
discounted_sarsa,down_shift,0.05,0.003,0.97,1,1.6205090983364054,0.49551536900309023,577.8056627866038,3.375485857945596,2.1198110811554125,0.4905302137061602,515.0711950043592,2.3957957567488553,0.0,102,901
discounted_sarsa,down_shift,0.05,0.003,0.97,2,0.966422009970172,0.3298523784022832,497.8238146165483,3.0919168160893444,1.360601074435239,0.36586754906573915,437.90439659385737,1.7810008810953313,0.0,102,901
discounted_sarsa,down_shift,0.05,0.003,0.97,3,1.610486069113437,0.48524004001056925,567.0501793272324,3.47208341098404,1.8344950840652556,0.5127203684951437,504.0759312196987,2.0236934340677446,0.0,102,901
discounted_sarsa,down_shift,0.05,0.003,0.97,4,2.015405950615774,0.49709289926018374,612.8218852249785,3.6260197315188725,2.2029423421875736,0.521069589325426,553.9317577620274,2.4515693260218088,0.0,102,901
discounted_sarsa,down_shift,0.05,0.003,0.97,5,1.9296990147609212,0.4849162219154316,590.39682859566,3.6762240801231876,2.1544028601450393,0.5294984256819824,537.1948107806278,2.305524627048934,0.0,102,901
discounted_sarsa,down_shift,0.05,0.003,0.97,6,0.8717897749295892,0.2897053943069962,530.5917085729346,3.0136541611001113,1.512005483519662,0.3123575743239817,450.3276185704276,2.1146489217019373,0.0,102,901
discounted_sarsa,down_shift,0.05,0.003,0.97,7,1.3071924134037718,0.3846378915735714,554.5648574686718,3.359891029465327,1.554152570965458,0.402318736715829,475.83237611793595,1.9397854442279885,0.0,102,901
discounted_sarsa,down_shift,0.05,0.003,0.97,8,1.807779904901507,0.47052510198341857,567.239555306713,3.513858814368874,1.9343860152685624,0.5038799697780622,515.225086344349,2.0854677270926087,0.0,102,901
discounted_sarsa,down_shift,0.05,0.003,0.97,9,1.6640684002383865,0.4396858377091036,550.020689764657,3.5396633924465735,2.007483898770553,0.4922983882469584,503.3427872526726,2.206609273828123,0.0,102,901
discounted_sarsa,down_shift,0.05,0.003,0.99,0,1.464809189942655,0.420255370314459,643.8894429072692,3.227306667243653,1.6677743630980029,0.4425019604826266,628.5401576571111,1.9368149076396037,0.0,102,901
discounted_sarsa,down_shift,0.05,0.003,0.99,1,1.5977957990264349,0.46590625171766925,665.2649006668927,3.344287218341826,1.9754203527854148,0.5010085589151009,657.4142532795373,2.1588708626856126,0.0,102,901
discounted_sarsa,down_shift,0.05,0.003,0.99,2,2.0163069535345666,0.4794011014083755,702.6537381154249,3.658752112037168,1.995541850913907,0.4662350906333727,692.8365818878516,2.2886962999144997,0.0,102,901
discounted_sarsa,down_shift,0.05,0.003,0.99,3,1.1981869077725424,0.44323039892688193,659.3238345697458,3.210252766795405,1.6092266389865513,0.47925668868185106,626.8221540781341,1.8578830587628419,0.0,102,901
discounted_sarsa,down_shift,0.05,0.003,0.99,4,1.6501728244850689,0.44389030624350806,648.8498532400641,3.496361963648289,1.9263522989109252,0.4716508185066219,638.8621123767714,2.24516837260688,0.0,102,901
discounted_sarsa,down_shift,0.05,0.003,0.99,5,1.2680647624654209,0.4622594875027327,616.141258030849,3.0106093670198044,1.5002707799827402,0.48815823170203,597.8246850659425,1.6565409175427261,0.0,102,901
discounted_sarsa,down_shift,0.05,0.003,0.99,6,1.6226694956332137,0.42381991359833704,648.4995392014814,3.4643420784919843,1.8324901755274234,0.45095860183395364,639.2190980369575,2.2075852252630948,0.0,102,901
discounted_sarsa,down_shift,0.05,0.003,0.99,7,1.0966621279032354,0.30630517783132,741.1573754463948,3.3311008411051386,1.2336284846466319,0.3144568488723464,683.7709178461455,1.7303142180120166,0.0,102,901
discounted_sarsa,down_shift,0.05,0.003,0.99,8,1.3911621957378408,0.46312027180200743,614.8097610709934,3.20521056700573,1.653665441609728,0.4872719262199931,605.150477579603,1.822578571122385,0.0,102,901
discounted_sarsa,down_shift,0.05,0.003,0.99,9,2.011654486084689,0.5362597405011731,697.6661037584539,3.4612945173581062,1.9378629437390933,0.5149152191283638,684.9863660530059,2.0214419219931186,0.0,102,901
discounted_sarsa,down_shift,0.05,0.01,0.9,0,1.5914917309821837,0.424770101554141,340.4630721888466,2.4084452113865042,2.130261623056542,0.4894479302611938,257.7833923130571,2.346961202326348,0.0,102,901
discounted_sarsa,down_shift,0.05,0.01,0.9,1,1.5311868727890834,0.5196603686381825,348.6692122478974,2.2270912371903844,2.089349988469705,0.5289085337666322,252.0722562847741,2.239674845445372,0.0,102,901
discounted_sarsa,down_shift,0.05,0.01,0.9,2,1.2290898830357588,0.3815822036044604,345.59657257351466,2.1323204067334602,2.0178150511037627,0.4996761867109404,272.8189286851313,2.2812750319845607,0.0,102,901
discounted_sarsa,down_shift,0.05,0.01,0.9,3,1.584207283230574,0.4397690939845157,353.7114595473943,2.274693851485963,2.0793297881549964,0.4913546232255135,280.1523599992772,2.2781486987761994,0.0,102,901
discounted_sarsa,down_shift,0.05,0.01,0.9,4,2.0317478229025374,0.538214175725831,364.1861935200227,2.6043602638298546,2.3388208150011436,0.5451562005372955,252.03950452750408,2.47435513806698,0.0,102,901
discounted_sarsa,down_shift,0.05,0.01,0.9,5,1.8398990409459897,0.5069274748051648,368.574426136788,2.637212791244379,2.3501368710636092,0.5112627722707244,274.6093713127471,2.5732741415042923,0.0,102,901
discounted_sarsa,down_shift,0.05,0.01,0.9,6,1.3503089603794702,0.40541291132638685,335.7969311952408,2.203796901194842,1.8670700048108364,0.46187387939556357,247.60833729914893,2.1562757712179854,0.0,102,901
discounted_sarsa,down_shift,0.05,0.01,0.9,7,1.9766132110544792,0.48203447895562723,368.4168045423547,2.674058156724003,2.3942458852947404,0.5210910629965372,280.4873273564053,2.5607718670701414,0.0,102,901
discounted_sarsa,down_shift,0.05,0.01,0.9,8,1.6075862598472415,0.436607336297299,362.4570915535018,2.384572067566597,2.2551121685599567,0.49117002007998783,281.22473134407113,2.5153391152744176,0.0,102,901
discounted_sarsa,down_shift,0.05,0.01,0.9,9,1.819023165142808,0.5294953516110027,356.5998791433715,2.429898332619246,2.3786748407700817,0.5336924686791568,262.87876939984153,2.5118081378583286,0.0,102,901
discounted_sarsa,down_shift,0.05,0.01,0.97,0,1.2955431550258567,0.45416711863692594,551.1263986992046,2.0620630522813173,1.9935645248128728,0.501432340163336,499.5432887514741,2.269059172398368,0.0,102,901
discounted_sarsa,down_shift,0.05,0.01,0.97,1,1.8929858264509904,0.462380125701924,598.4245309533148,2.727426899179291,1.936676636015395,0.45924512371510323,521.5219226274055,2.256386762254303,0.0,102,901
discounted_sarsa,down_shift,0.05,0.01,0.97,2,1.3508530467669664,0.48880152955861467,546.4540515645598,2.0162456520140237,1.889200516783604,0.5137579518880776,493.8936328287039,2.0663653215360323,0.0,102,901
discounted_sarsa,down_shift,0.05,0.01,0.97,3,1.8826415417801907,0.5014313589621311,587.697707035431,2.4628463948022845,2.0685136707475156,0.5316478623788053,528.434091396902,2.1612939272692926,0.0,102,901
discounted_sarsa,down_shift,0.05,0.01,0.97,4,1.0320884215582955,0.39392893678935786,508.5184668991328,1.8763759283299577,1.5820132842662524,0.41342056729630383,451.7396946025016,1.9279617118970138,0.0,102,901
discounted_sarsa,down_shift,0.05,0.01,0.97,5,1.19133497887975,0.38188094396042027,518.4123903072837,2.0197127507815753,1.8630025281318265,0.46130311809250235,477.2854255722823,2.1262741752105896,0.0,102,901
discounted_sarsa,down_shift,0.05,0.01,0.97,6,1.6707714303101,0.4506978559690829,549.2623669030337,2.409968057183067,1.9495110397842732,0.4984931175106435,497.4147606128697,2.1994746308354376,0.0,102,901
discounted_sarsa,down_shift,0.05,0.01,0.97,7,1.2248283506071314,0.4680265123544147,552.2748242968088,1.901549304206324,1.9940074089336641,0.4831615913920146,499.3600857720385,2.2638275396852716,0.0,102,901
discounted_sarsa,down_shift,0.05,0.01,0.97,8,0.8816233763132777,0.2529898520958939,509.71266980133703,1.9121568693095947,1.1916821860675875,0.29440217427705395,437.6397598469021,1.6836021915464867,0.0,102,901
discounted_sarsa,down_shift,0.05,0.01,0.97,9,1.7952409163070215,0.48819459476870825,566.8056001268488,2.4037732317413485,2.2972171372276744,0.498411046611775,528.355373054349,2.5168372556708225,0.0,102,901
discounted_sarsa,down_shift,0.05,0.01,0.99,0,2.219915237117935,0.5447108284878022,748.9878495143147,2.8585771620110707,2.1825117937334895,0.5367039162440315,751.179403023822,2.3960354226798417,0.0,102,901
discounted_sarsa,down_shift,0.05,0.01,0.99,1,1.499626868098984,0.4030049106999893,629.4035055820005,2.3560440526475204,1.727116411637391,0.43351801715899246,613.6664707178725,2.0536109821278945,0.0,102,901
discounted_sarsa,down_shift,0.05,0.01,0.99,2,1.5716277458595047,0.48513595739598075,667.0335647634784,2.386964297678945,1.9904138205123953,0.5183610884526989,661.2743874142892,2.2760294074129552,0.0,102,901
discounted_sarsa,down_shift,0.05,0.01,0.99,3,1.044972234289501,0.2883855643566912,608.4124529966501,2.0154423170446822,1.288964977314706,0.3277863399727031,572.8004611211971,1.7680321103097603,0.0,102,901
discounted_sarsa,down_shift,0.05,0.01,0.99,4,1.699228878314195,0.5020591351117949,705.4642705283673,2.355591392573303,1.8822925653882019,0.5415703671036635,690.6510694869633,2.004591555497556,0.0,102,901
discounted_sarsa,down_shift,0.05,0.01,0.99,5,1.7240703010622773,0.4282997922523926,618.9892185143216,2.4757426763944865,1.7857363632395564,0.44745445741952466,605.0906406900907,2.111761025186376,0.0,102,901
discounted_sarsa,down_shift,0.05,0.01,0.99,6,2.0572279368315516,0.41041005296140387,662.9181671638445,2.8501094435228573,2.0791012823048827,0.4270792501377053,651.8702962731049,2.4630329545880754,0.0,102,901
discounted_sarsa,down_shift,0.05,0.01,0.99,7,1.3158990984532444,0.4228587724872723,639.7138137283301,2.164430937862622,1.713739924477962,0.46254855603084527,621.2821586197828,2.018808183214554,0.0,102,901
discounted_sarsa,down_shift,0.05,0.01,0.99,8,2.1190520837537306,0.5104584679672097,717.1417333280096,2.721718930019931,2.0881703334801824,0.49959863303965374,710.5847748602491,2.3289532872647256,0.0,102,901
discounted_sarsa,down_shift,0.05,0.01,0.99,9,1.4100370129552802,0.5271685210862614,657.0531008614751,1.9050108510158954,1.7338210145400705,0.5397815444286319,638.7032021803344,1.7945328729414405,0.0,102,901
discounted_sarsa,down_shift,0.05,0.03,0.9,0,1.4474163563187654,0.4817660940237534,341.48986294062223,1.7164071279077238,2.2287980749172926,0.5104832906143781,255.37343641302445,2.3361447302680562,0.0,102,901
discounted_sarsa,down_shift,0.05,0.03,0.9,1,2.0186687041066835,0.49118921802143506,359.449454926087,2.404078442863496,1.9175990366296474,0.5038322058708418,256.2885731582392,2.088912795376577,0.0,102,901
discounted_sarsa,down_shift,0.05,0.03,0.9,2,1.7008396470362772,0.44643623478719957,360.4750171250521,2.124374396325692,2.368931097461025,0.49624039581277524,289.2882248370825,2.5411541848211976,0.0,102,901
discounted_sarsa,down_shift,0.05,0.03,0.9,3,1.1386424504422694,0.3728069739036781,339.09640070022544,1.5686888607541436,2.186497047955551,0.4827651152275923,268.9916278103647,2.3295838651825744,0.0,102,901
discounted_sarsa,down_shift,0.05,0.03,0.9,4,1.6316518707834498,0.3993150733129653,366.9878245295358,2.119086295703083,2.2152034078603355,0.4797434493991982,284.56452983411396,2.4043062093641576,0.0,102,901
discounted_sarsa,down_shift,0.05,0.03,0.9,5,1.7882890360301646,0.40493781238391124,366.73870936114605,2.3217888644513063,2.350982623499553,0.5070011523238013,294.3286446457598,2.5310268675987797,0.0,102,901
discounted_sarsa,down_shift,0.05,0.03,0.9,6,2.1116684974072,0.4841692885755007,374.33215064048983,2.5327515512781265,2.1192524504336863,0.5053370761085969,279.9070196927955,2.3044853598671553,0.0,102,901
discounted_sarsa,down_shift,0.05,0.03,0.9,7,1.7353962863790562,0.48371228757400464,367.48351870903605,2.0987226902123495,2.3223847582601578,0.5169007937071701,276.4065079815746,2.4993231795531514,0.0,102,901
discounted_sarsa,down_shift,0.05,0.03,0.9,8,1.4194838741583757,0.3827395656973057,341.96941879843195,1.9641396851223527,1.8954325068330953,0.46746411399291354,262.3114932950964,2.137463585653395,0.0,102,901
discounted_sarsa,down_shift,0.05,0.03,0.9,9,2.3642261577712405,0.45840222477159015,383.6345484669436,2.894342914387805,2.4493731282208375,0.506397163705514,289.5997315657188,2.6146562827616497,0.0,102,901
discounted_sarsa,down_shift,0.05,0.03,0.97,0,1.8418310239621982,0.4954540773305589,584.0318098165521,2.1622026665236187,2.1278067460031185,0.5466256495626358,539.2732325085087,2.2005124932152573,0.0,102,901
discounted_sarsa,down_shift,0.05,0.03,0.97,1,1.595221716735832,0.387201570931606,555.1878322203946,2.201010633030691,1.6555812800044492,0.42146664490819796,486.3480743846024,2.0327576116820545,0.0,102,901
discounted_sarsa,down_shift,0.05,0.03,0.97,2,1.281892163507497,0.28906262043113784,519.0379456928055,1.9472948127290746,1.6321624991700088,0.37089040572188287,463.2636631650557,2.0441840482385354,0.0,102,901
discounted_sarsa,down_shift,0.05,0.03,0.97,3,1.2505027578611208,0.3344959233190258,515.9605978174854,1.7749686624344865,1.8886177161277649,0.3934506784790632,470.95695480399553,2.333448068136638,0.0,102,901
discounted_sarsa,down_shift,0.05,0.03,0.97,4,1.6727495855183192,0.48123731720670654,574.1762609962719,2.0799089536664175,2.0410295567884487,0.5046755257253464,519.5194130103349,2.2944034006063614,0.0,102,901
discounted_sarsa,down_shift,0.05,0.03,0.97,5,0.8746132646134452,0.1576433247519798,508.0820784171282,1.6309411554321827,1.5079412107692876,0.30921892252074196,450.2973561060595,2.0003399164594726,0.0,102,901
discounted_sarsa,down_shift,0.05,0.03,0.97,6,1.7643516349848862,0.4993250529019497,571.9760155357912,2.0064560040021653,1.997118566252456,0.521795928598607,514.8949287808974,2.103855871361704,0.0,102,901
discounted_sarsa,down_shift,0.05,0.03,0.97,7,1.8435016592218187,0.5261062883239934,600.7708362905073,2.1289554546508254,2.2599504433909736,0.5495072995599289,545.1232454207959,2.350087335827639,0.0,102,901
discounted_sarsa,down_shift,0.05,0.03,0.97,8,1.4346842953754593,0.44232899829963984,556.565322344008,1.773963393730213,1.9164394169001713,0.4456380083299663,493.30098012109005,2.213122410388598,0.0,102,901
discounted_sarsa,down_shift,0.05,0.03,0.97,9,1.8019421342248743,0.38363908376567024,572.0905109299362,2.4151575725065237,1.8347553398870249,0.39366739654614613,508.66410363259416,2.2666470635554274,0.0,102,901
discounted_sarsa,down_shift,0.05,0.03,0.99,0,1.673343737550497,0.4133446712975568,702.082151979252,2.1521260837109115,1.744994454100585,0.4032815674898576,668.9916141309494,2.159402174157918,0.0,102,901
discounted_sarsa,down_shift,0.05,0.03,0.99,1,1.824084601714748,0.4946431793737655,685.1558618664337,2.1912835174493055,2.11820177488368,0.504934908119214,688.3200353605558,2.357519737709715,0.0,102,901
discounted_sarsa,down_shift,0.05,0.03,0.99,2,2.0990708773490456,0.5089997764981691,730.0236589489101,2.4615923120209144,1.9952274356868172,0.5096217652707296,725.6243050513331,2.18376892975243,0.0,102,901
discounted_sarsa,down_shift,0.05,0.03,0.99,3,1.5327074554190232,0.43229657983393843,676.748789753927,1.938402319785713,1.6944618235933235,0.44161321409233467,650.8986629061944,1.9330151461917715,0.0,102,901
discounted_sarsa,down_shift,0.05,0.03,0.99,4,1.6562984020993579,0.47690346000043915,656.035061236962,1.997274469529653,1.9189005818053724,0.5344057772436075,653.9528181595855,2.0145385648495218,0.0,102,901
discounted_sarsa,down_shift,0.05,0.03,0.99,5,1.62294445198576,0.4817037190390315,637.9553424143758,1.9436974532645086,1.6401719064861366,0.47507527463208926,624.0149313555359,1.8032852225842393,0.0,102,901
discounted_sarsa,down_shift,0.05,0.03,0.99,6,2.130019870479488,0.5395066561260534,753.0110902134329,2.341855687934409,2.151639993315265,0.5543542652882706,740.8788301737751,2.195152367633518,0.0,102,901
discounted_sarsa,down_shift,0.05,0.03,0.99,7,1.813502355483911,0.522431778584172,678.302956796268,2.2047015498347253,1.8614341087271717,0.49909098779768357,667.5047786763764,2.0876132188459806,0.0,102,901
discounted_sarsa,down_shift,0.05,0.03,0.99,8,1.7942515118411528,0.42798984479565755,635.5073407432005,2.3750922623654698,1.9922612263893027,0.47003020508879934,630.6845401714669,2.339696009349555,0.0,102,901
discounted_sarsa,down_shift,0.05,0.03,0.99,9,1.9457037894129783,0.523548559222846,711.9549363114598,2.1926949392270587,2.1465597380636146,0.5165894185945307,703.0460031302672,2.303857400092305,0.0,102,901
discounted_sarsa,down_shift,0.05,0.1,0.9,0,1.6359020187537998,0.42362090612148806,343.3526337853517,1.891423930564546,2.2570265575238313,0.47457975531512603,253.16393802041966,2.336700254003939,0.0,102,901
discounted_sarsa,down_shift,0.05,0.1,0.9,1,1.6763059234710493,0.4684908501297119,356.40498056880324,1.8485277323054174,2.2857086841370906,0.5052560689300222,269.1682377251945,2.3067891694630394,0.0,102,901
discounted_sarsa,down_shift,0.05,0.1,0.9,2,1.754246438201531,0.49389273441449105,362.07722779780636,1.8417868259171781,2.251511927106787,0.5020930385218214,275.6227921308531,2.260926551231602,0.0,102,901
discounted_sarsa,down_shift,0.05,0.1,0.9,3,1.9107659635006853,0.5102316199927965,364.4924332837651,2.07870246845902,2.4150303660708183,0.5483581189280845,259.0518382789887,2.333127072318188,0.0,102,901
discounted_sarsa,down_shift,0.05,0.1,0.9,4,1.5325665921716323,0.4590070428255798,357.86861630262,1.711783766953071,2.236721938260464,0.5167448105989858,274.25593824871845,2.236648903068192,0.0,102,901
discounted_sarsa,down_shift,0.05,0.1,0.9,5,1.45864737910468,0.4685594076012568,349.47656645442447,1.6311018376759543,2.2181958918015563,0.4974170876334295,263.7098352727726,2.2384156469742695,0.0,102,901
discounted_sarsa,down_shift,0.05,0.1,0.9,6,2.2326449185316677,0.5704797967489211,358.27191368117025,2.182037012812214,2.318652258388301,0.543939543653363,245.69499541322114,2.2367717510541683,0.0,102,901
discounted_sarsa,down_shift,0.05,0.1,0.9,7,1.4197479044670114,0.43479787772795675,353.4725951982118,1.5871492890136563,2.281893227071134,0.4859239182315777,273.31376792514016,2.3806975733438396,0.0,102,901
discounted_sarsa,down_shift,0.05,0.1,0.9,8,0.9147036871405944,0.30373945660043367,325.7618172439275,1.2222279671118894,1.8674084833450366,0.39340085475857894,256.0858353465608,2.1689622269718827,0.0,102,901
discounted_sarsa,down_shift,0.05,0.1,0.9,9,2.0956807772599113,0.5411664383687409,364.3560470523131,2.0276496024941744,2.417536657276195,0.5388605350135403,264.85586300522885,2.306425090574104,0.0,102,901
discounted_sarsa,down_shift,0.05,0.1,0.97,0,1.4877595981306293,0.41356614975801326,554.4462190849521,1.7097322566380044,1.8169381297313052,0.4059470060466448,487.7733994893958,2.080408266772754,0.0,102,901
discounted_sarsa,down_shift,0.05,0.1,0.97,1,1.8852017983326834,0.44559846401326425,584.7581809060555,2.122656876487246,2.034621944588349,0.4702535423401126,525.2854602952564,2.149940192052228,0.0,102,901
discounted_sarsa,down_shift,0.05,0.1,0.97,2,1.730322891754718,0.5139056751320601,579.7610892327532,1.8516001586192956,2.067207729137261,0.5209190072948828,521.9161884102015,2.0886274023932194,0.0,102,901
discounted_sarsa,down_shift,0.05,0.1,0.97,3,1.2511159587379805,0.448787444308516,532.8306637938632,1.3992240288950681,1.7357459885986202,0.47571418106514207,478.5652980825682,1.7748360169505177,0.0,102,901
discounted_sarsa,down_shift,0.05,0.1,0.97,4,2.0128941229573116,0.43312385079599264,585.3396701330288,2.2582277052818625,2.1613064888312663,0.46142786892774845,536.7528018388984,2.274525012002855,0.0,102,901
discounted_sarsa,down_shift,0.05,0.1,0.97,5,1.2639987094000327,0.42750254637328367,527.9938837530484,1.4359965591120596,1.8071116256751696,0.45758184352583725,476.10187888503174,1.9099552997450566,0.0,102,901
discounted_sarsa,down_shift,0.05,0.1,0.97,6,2.307061339338089,0.4790728133185296,609.3408126977589,2.339815635468102,2.362079261758844,0.5136447060035559,560.8639087722335,2.2929489495793747,0.0,102,901
discounted_sarsa,down_shift,0.05,0.1,0.97,7,1.9773542817294096,0.5499105025544806,605.1588648819335,2.030555776357639,2.170541344023027,0.5408691509302497,541.0602858303429,2.1210862510587223,0.0,102,901
discounted_sarsa,down_shift,0.05,0.1,0.97,8,1.5613462249743455,0.4386317192692214,542.9092314077353,1.7477039473687594,1.8307366891105366,0.47670228907734363,492.7628340232644,1.9028006704164986,0.0,102,901
discounted_sarsa,down_shift,0.05,0.1,0.97,9,1.6373365525810106,0.4639800444589486,543.5753374911945,1.7851221173685163,1.8324046765492519,0.4843356487256033,495.21059132727845,1.885210895968836,0.0,102,901
discounted_sarsa,down_shift,0.05,0.1,0.99,0,2.063718825287351,0.515375893652017,730.5877289877841,2.2019599032562116,2.145902139513129,0.521572658969348,723.831820796496,2.242822898177271,0.0,102,901
discounted_sarsa,down_shift,0.05,0.1,0.99,1,1.8874773908201778,0.4114172471410904,625.0400908379311,2.1879893514194237,1.838710883380021,0.41770926855538504,617.5253886575045,2.089001568227629,0.0,102,901
discounted_sarsa,down_shift,0.05,0.1,0.99,2,1.3278295059028078,0.48766035567924687,604.3875189097809,1.4222703839132964,1.5181576120652727,0.47723912969945603,586.1471944783301,1.6205208810483205,0.0,102,901
discounted_sarsa,down_shift,0.05,0.1,0.99,3,2.218747824924387,0.4634510106570533,674.0614394825219,2.3709245901682694,2.2744404566308205,0.47850894375806735,680.581238388531,2.2859443309094756,0.0,102,901
discounted_sarsa,down_shift,0.05,0.1,0.99,4,1.9551619865769203,0.4281189599213516,654.0760877424171,2.260094570247159,2.1025824947331664,0.4492908989091519,648.4682544912426,2.3476611431537853,0.0,102,901
discounted_sarsa,down_shift,0.05,0.1,0.99,5,1.3373318916483812,0.34818201953542083,595.4263748868517,1.6663814591730026,1.6714748572267846,0.38687349491575684,577.5846098280514,1.891085093006103,0.0,102,901
discounted_sarsa,down_shift,0.05,0.1,0.99,6,1.300027854954071,0.36033001805278947,539.4494280378501,1.414015827734967,1.3369676561699353,0.3435767495692862,517.8673423066922,1.49607237548597,0.0,102,901
discounted_sarsa,down_shift,0.05,0.1,0.99,7,1.994916839398389,0.5128015131166199,703.4509150643202,2.08157180337902,2.112753542531404,0.5280483260950871,701.8067645896601,2.0653213800008596,0.0,102,901
discounted_sarsa,down_shift,0.05,0.1,0.99,8,2.440427184354956,0.5111810567893607,756.5324573490122,2.5083606499383917,2.338271098576447,0.5197386999334972,751.0420602825277,2.3369125971184994,0.0,102,901
discounted_sarsa,down_shift,0.05,0.1,0.99,9,1.8178862313463988,0.42697200337117286,636.3667334336269,2.106142694465402,2.012804417113638,0.4395206355846622,634.2769596153267,2.2473969774842817,0.0,102,901
discounted_sarsa,down_shift,0.1,0.001,0.9,0,2.2669783159488732,0.5276143668753362,485.61895006237336,5.124213878092492,2.362223760510064,0.5049078407534829,304.0332588346073,2.7203485763859447,0.0,102,901
discounted_sarsa,down_shift,0.1,0.001,0.9,1,1.906442565302821,0.44529876832279197,473.39335419733555,4.984864836479979,2.352592709297128,0.4874183315288358,316.51012957636243,2.7342868320231526,0.0,102,901
discounted_sarsa,down_shift,0.1,0.001,0.9,2,2.181859530773435,0.5408795912444542,460.52532487640144,4.994793438829349,2.377603977037006,0.5111727452728461,282.3421710922283,2.7446103552514343,0.0,102,901
discounted_sarsa,down_shift,0.1,0.001,0.9,3,1.4356278548663406,0.4513953117838257,462.39580395483586,4.949847649848784,2.381254478617633,0.5015583147981436,314.973350839145,2.715294778002619,0.0,102,901
discounted_sarsa,down_shift,0.1,0.001,0.9,4,1.534393148264956,0.4059686881963026,411.80798441590287,4.9480362966540765,2.1306425793743284,0.45442871374462374,264.3108844598965,2.6471575068959674,0.0,102,901
discounted_sarsa,down_shift,0.1,0.001,0.9,5,1.8186559230075086,0.3976839369268492,486.26763980149366,5.254014640346034,2.2365500394096376,0.47809869082670126,343.7661315723122,2.7108542227577486,0.0,102,901
discounted_sarsa,down_shift,0.1,0.001,0.9,6,1.655336058929737,0.3679662218564944,436.3596929453391,4.987239688686182,2.186129489586208,0.40790422953532524,294.8544321244029,2.8363886509640204,0.0,102,901
discounted_sarsa,down_shift,0.1,0.001,0.9,7,2.023464968223985,0.4820621809551609,489.66431184042347,5.132751810300506,2.3896594135229154,0.5020093601189272,335.58393088939033,2.7580962375174383,0.0,102,901
discounted_sarsa,down_shift,0.1,0.001,0.9,8,1.8859922256512844,0.5047935606466504,475.90305899269856,5.032951915552645,2.2794692273291868,0.5040109878104012,306.27953097381936,2.637378273467228,0.0,102,901
discounted_sarsa,down_shift,0.1,0.001,0.9,9,1.9898373725899978,0.509929116288326,483.5217920235768,5.014271239452473,2.3515895789431283,0.5043639330446851,324.9828845992367,2.7059384259775774,0.0,102,901
discounted_sarsa,down_shift,0.1,0.001,0.97,0,1.9850117815809931,0.44358799928216275,914.4725303873572,5.235563544779532,2.3677347798150703,0.472455004377111,821.3813114419563,2.8068223136314145,0.0,102,901
discounted_sarsa,down_shift,0.1,0.001,0.97,1,2.0848748798132015,0.503440695624635,958.7354655147259,5.150666579296338,2.3754522883444333,0.5102121634579592,823.0113049649095,2.7191840759774952,0.0,102,901
discounted_sarsa,down_shift,0.1,0.001,0.97,2,2.2451503152235106,0.49528995306161633,966.86411866366,5.211601141216267,2.311532300019739,0.4968769261022181,817.7079359974384,2.7570067899778543,0.0,102,901
discounted_sarsa,down_shift,0.1,0.001,0.97,3,1.286396321496114,0.34556662640304564,845.6845979381972,4.958011173125437,1.706983977489447,0.43288116033715945,726.9558732014273,2.1959288755116813,0.0,102,901
discounted_sarsa,down_shift,0.1,0.001,0.97,4,1.6370121683062637,0.463533801460216,909.1989418791535,5.130969224905638,2.2662152237134574,0.5291477717989714,792.3492872602698,2.5976105058051786,0.0,102,901
discounted_sarsa,down_shift,0.1,0.001,0.97,5,1.5854356291272802,0.45042244595987935,881.3079049657882,4.9822030037134075,2.3038690296754347,0.49732890225968135,778.1025105207902,2.6920371289111666,0.0,102,901
discounted_sarsa,down_shift,0.1,0.001,0.97,6,1.9699334707559097,0.5381912093483444,952.2833170758273,5.021419977341608,2.314753187656898,0.5311606214948319,786.6894615910745,2.6288661513830145,0.0,102,901
discounted_sarsa,down_shift,0.1,0.001,0.97,7,2.2594629981513195,0.5141559507528196,988.7216755328062,5.3035688401747,2.353233449469374,0.5235497264961967,844.5472571426401,2.686303446574565,0.0,102,901
discounted_sarsa,down_shift,0.1,0.001,0.97,8,1.404893414771906,0.5083966421852377,891.913183081908,4.979877162077272,2.3169255602249472,0.533626509766265,760.6395217256146,2.5869905485540263,0.0,102,901
discounted_sarsa,down_shift,0.1,0.001,0.97,9,1.5404780244894085,0.395325480655831,853.1450864623482,5.017167760339681,2.240619576226932,0.4736772237022227,766.1436698935848,2.670736302286365,0.0,102,901
discounted_sarsa,down_shift,0.1,0.001,0.99,0,2.1533460871474266,0.4839941324301877,1256.3338185683385,5.265320164360657,2.215552096558638,0.5107689470419193,1253.2281748815021,2.5410681002311133,0.0,102,901
discounted_sarsa,down_shift,0.1,0.001,0.99,1,1.6274176969480296,0.465450065029197,1160.4711035976986,4.9919033938998725,2.2501705751674534,0.5189405402448559,1153.802006943198,2.5412271105973967,0.0,102,901
discounted_sarsa,down_shift,0.1,0.001,0.99,2,2.1675373374198754,0.45281615199926634,1240.434302214268,5.3142037085159295,2.100944442748566,0.47290050536812983,1198.7848231213611,2.6033448084945787,0.0,102,901
discounted_sarsa,down_shift,0.1,0.001,0.99,3,1.3436393097545511,0.392883122514867,1108.2178928756935,5.204229289934503,1.905688203014364,0.4096331836166567,1090.637705402748,2.578397954359932,0.0,102,901
discounted_sarsa,down_shift,0.1,0.001,0.99,4,1.646466953414054,0.4911811506007051,1197.4874158264531,5.003827374883588,2.2662993070443114,0.5475666545590627,1179.6686129041898,2.5152570686083116,0.0,102,901
discounted_sarsa,down_shift,0.1,0.001,0.99,5,1.3161147720725648,0.44246808639545443,1080.1305845432437,4.986740048279318,1.786422055283751,0.5171874848546673,1055.729900084903,2.0319957034734597,0.0,102,901
discounted_sarsa,down_shift,0.1,0.001,0.99,6,1.7337824652829166,0.41672336692744427,1143.2375021635148,5.081841523563383,1.9860450722214156,0.4230905057527207,1124.1306757870234,2.5798245619072104,0.0,102,901
discounted_sarsa,down_shift,0.1,0.001,0.99,7,1.6962139094826099,0.5189186583977067,1252.478939277905,5.325622170121664,2.2932032426280196,0.5466609985254942,1228.6574430297776,2.630593755760214,0.0,102,901
discounted_sarsa,down_shift,0.1,0.001,0.99,8,1.6352762167610597,0.36701402580211806,1172.346638203327,5.2600699875859105,1.6545673333869724,0.383873200927811,1095.9399939321586,2.3392548030810953,0.0,102,901
discounted_sarsa,down_shift,0.1,0.001,0.99,9,2.286111060283623,0.5010121832619134,1295.8514490684622,5.279859405957507,2.3689774990258803,0.5310039312851424,1275.651316603131,2.7042662928317656,0.0,102,901
discounted_sarsa,down_shift,0.1,0.003,0.9,0,2.1927933549212275,0.5187096349756619,480.4116079140121,3.7797522134765824,2.284979385062295,0.49724783380646603,290.3496320382288,2.528592702989717,0.0,102,901
discounted_sarsa,down_shift,0.1,0.003,0.9,1,2.0485115312231654,0.4949200089193074,477.81310482887847,3.591637875100736,2.359807324888795,0.5061529775901906,298.335637660882,2.5912431903378947,0.0,102,901
discounted_sarsa,down_shift,0.1,0.003,0.9,2,1.9411365207570217,0.524449782293514,470.9980371509096,3.5648331724714866,2.3072736900444104,0.500673116360677,311.73962072694525,2.554209909100491,0.0,102,901
discounted_sarsa,down_shift,0.1,0.003,0.9,3,2.187321395799931,0.4848433754261395,488.36627632318306,3.740219771751447,2.387645162651208,0.5144348682041203,321.7337889101675,2.593011075753622,0.0,102,901
discounted_sarsa,down_shift,0.1,0.003,0.9,4,2.026770283784064,0.5109232106088409,499.21340366208295,3.5551103023870128,2.3641715818664406,0.5081627917833346,336.1448279648764,2.5799047837919944,0.0,102,901
discounted_sarsa,down_shift,0.1,0.003,0.9,5,1.4158783447259304,0.35588539938751595,432.82988967575045,3.3937627693867873,2.10056348780579,0.4279956882774773,304.9194828259786,2.4875628191500083,0.0,102,901
discounted_sarsa,down_shift,0.1,0.003,0.9,6,1.944265703044701,0.44801986804299154,470.56832438148814,3.6563657605592543,2.275604618714786,0.46979279664187623,311.9566745945265,2.603931155805942,0.0,102,901
discounted_sarsa,down_shift,0.1,0.003,0.9,7,2.2314619522280257,0.48852034371278513,508.62812902695094,3.7901715819074404,2.387419347401003,0.5031547858456202,346.01699554673365,2.6277174946801702,0.0,102,901
discounted_sarsa,down_shift,0.1,0.003,0.9,8,2.0934681062345475,0.5116487924267634,495.7058524938273,3.644857846470541,2.2734198027540446,0.4948208085402765,317.9777086239151,2.5233729030090166,0.0,102,901
discounted_sarsa,down_shift,0.1,0.003,0.9,9,2.015200161108118,0.4958443523804156,482.2143530300394,3.660351208869295,2.3088074543130555,0.5073775064382882,311.90769400007895,2.532314541107445,0.0,102,901
discounted_sarsa,down_shift,0.1,0.003,0.97,0,1.257805556903569,0.434882865162645,846.5678404351835,3.186590533248588,2.205951076016295,0.5025924331270576,756.8251393878913,2.4451361214744574,0.0,102,901
discounted_sarsa,down_shift,0.1,0.003,0.97,1,1.1063267157969001,0.4645808743045403,843.6375060666655,2.910031171691948,2.194744750450026,0.483865171561193,734.895783284871,2.4542867313186236,0.0,102,901
discounted_sarsa,down_shift,0.1,0.003,0.97,2,2.04988720341982,0.4863952778589678,946.2377360193472,3.613021945047125,2.289434453792799,0.50962400162294,818.1891436467031,2.525465039934413,0.0,102,901
discounted_sarsa,down_shift,0.1,0.003,0.97,3,1.965732234486391,0.4379367310575466,894.9837991202871,3.8661179044957747,2.4343021010952257,0.49627473986475,803.7260165827687,2.7011592977186707,0.0,102,901
discounted_sarsa,down_shift,0.1,0.003,0.97,4,1.7125757099933836,0.4720691358703676,922.9764176441748,3.3936387177724194,2.260162354817832,0.5146917585782464,774.4547615634036,2.462385296205222,0.0,102,901
discounted_sarsa,down_shift,0.1,0.003,0.97,5,2.04894548883486,0.5236856237154697,961.3550663062108,3.5319125914231972,2.2917756855046107,0.5313082538642475,808.6279884201558,2.4499004858266877,0.0,102,901
discounted_sarsa,down_shift,0.1,0.003,0.97,6,1.6408223354924711,0.44548500610500685,876.2453973703451,3.565700153221426,2.3469737283472756,0.4994097731976417,775.8197871629555,2.6093597894932827,0.0,102,901
discounted_sarsa,down_shift,0.1,0.003,0.97,7,2.061487287995104,0.503746751215699,965.9250426969037,3.912523347781787,2.437658048511438,0.5224677230636033,834.5476973788141,2.6247889829186,0.0,102,901
discounted_sarsa,down_shift,0.1,0.003,0.97,8,0.9109423922420625,0.29723187085800085,795.9658453489832,3.0041537440300767,1.3396133165690864,0.3205486738594877,647.5899827568559,1.8729292657357346,0.0,102,901
discounted_sarsa,down_shift,0.1,0.003,0.97,9,2.0963243914182477,0.4838526692834826,949.9683019935763,3.8472943335005154,2.3232605718624932,0.5282792819522274,817.9572560361046,2.5107229082749964,0.0,102,901
discounted_sarsa,down_shift,0.1,0.003,0.99,0,1.944431666340985,0.4617662028260038,1191.7338237222548,3.673840231765269,2.1808934430909037,0.5262392394995018,1189.4661314952634,2.407075433020765,0.0,102,901
discounted_sarsa,down_shift,0.1,0.003,0.99,1,1.983628478080889,0.541234341717226,1327.1739267666856,3.6445653492285066,2.183901324148857,0.5534214547882871,1272.7989154979182,2.3150274125459007,0.0,102,901
discounted_sarsa,down_shift,0.1,0.003,0.99,2,2.056449992528335,0.4793084708365424,1151.608382670438,3.6643718583953806,2.2844181184100947,0.5282331468559617,1157.7172880834378,2.4239769018103856,0.0,102,901
discounted_sarsa,down_shift,0.1,0.003,0.99,3,1.875268651536595,0.4996659688765339,1285.8544210885377,3.624003213149373,2.3112836633033362,0.5486312202776066,1252.0274919785782,2.4612195182909096,0.0,102,901
discounted_sarsa,down_shift,0.1,0.003,0.99,4,2.088886027277615,0.4782954337035006,1242.777928640465,3.6461961552553266,2.268847354322877,0.5240621007904226,1212.7854301760447,2.476728881772684,0.0,102,901
discounted_sarsa,down_shift,0.1,0.003,0.99,5,1.6449682847634144,0.41501549673792343,1111.0248000657466,3.5176985530992972,2.114183678147519,0.4987634837333281,1106.235612598105,2.3168602737935142,0.0,102,901
discounted_sarsa,down_shift,0.1,0.003,0.99,6,2.0387194730054308,0.5155524215986346,1228.7353073550394,3.6933890579224893,2.1930403597367687,0.5404066125769458,1200.0370162273719,2.294602634813086,0.0,102,901
discounted_sarsa,down_shift,0.1,0.003,0.99,7,2.1514984040865017,0.5312853413323145,1254.1359890921392,3.7419684340118713,2.2612031171437805,0.5500884890637585,1234.7033297312637,2.402326326488357,0.0,102,901
discounted_sarsa,down_shift,0.1,0.003,0.99,8,1.52005780774384,0.46173456147704106,1145.2310314353717,3.2718851624018197,2.0033494379249794,0.5315160372418618,1132.005760605111,2.123043945758095,0.0,102,901
discounted_sarsa,down_shift,0.1,0.003,0.99,9,1.9712558705378236,0.44475897681827775,1187.564244385051,3.9529891445407883,2.0472292645834513,0.4661293193942779,1172.4774461449094,2.3984266851147136,0.0,102,901
discounted_sarsa,down_shift,0.1,0.01,0.9,0,1.878150081266503,0.47185643315817555,497.59970662747395,2.595982241621866,2.2802066855064247,0.48861641391268157,341.68898201661887,2.521437793083198,0.0,102,901
discounted_sarsa,down_shift,0.1,0.01,0.9,1,1.5824801030333127,0.4378565318752609,443.31915668381293,2.4142141560518255,2.2383563133939237,0.47671089314691223,303.6078051254304,2.5034574974190686,0.0,102,901
discounted_sarsa,down_shift,0.1,0.01,0.9,2,2.121250036538774,0.4931237598529023,499.9649171460951,2.812753506195234,2.292313434789103,0.49694939325380266,358.8067322081728,2.506886891330616,0.0,102,901
discounted_sarsa,down_shift,0.1,0.01,0.9,3,1.773763633697501,0.43544532721595747,481.4352831786912,2.562600137826286,2.3142806739892623,0.5058220306347726,332.13492397703783,2.519086585314281,0.0,102,901
discounted_sarsa,down_shift,0.1,0.01,0.9,4,2.120438717771666,0.5231771567097256,470.04198743461717,2.6681898278800706,2.3676375795524622,0.5273692286933175,271.53576628739376,2.514815685205942,0.0,102,901
discounted_sarsa,down_shift,0.1,0.01,0.9,5,1.7346964647152712,0.4739302777402722,477.0383093335347,2.544431995215075,2.311577040228346,0.4953895747288189,332.92607723476726,2.5515928970758095,0.0,102,901
discounted_sarsa,down_shift,0.1,0.01,0.9,6,2.2235743900222364,0.50865017956346,487.7761609000292,2.8635467250147384,2.312462410272854,0.5193337549698395,297.4383490808826,2.4804326267291694,0.0,102,901
discounted_sarsa,down_shift,0.1,0.01,0.9,7,2.2366830693372624,0.5368712817179446,478.6596783326741,2.804851583700582,2.361026280104352,0.526528399883178,277.1755717393828,2.503815545477623,0.0,102,901
discounted_sarsa,down_shift,0.1,0.01,0.9,8,1.8666908381929528,0.4768891895851812,466.2132687822089,2.617060781463158,2.340214513737569,0.497169622270855,313.9651198712652,2.57718233161604,0.0,102,901
discounted_sarsa,down_shift,0.1,0.01,0.9,9,1.3967656656915046,0.3848578036628979,434.20462534304374,2.195581940234416,2.26316257014674,0.4762829141014078,320.6524169105823,2.488479451567565,0.0,102,901
discounted_sarsa,down_shift,0.1,0.01,0.97,0,1.3740607342906606,0.4876933000130831,879.5802487442983,2.0951412406618726,2.2506460078632586,0.513873830101356,767.0672929497006,2.4393348040213754,0.0,102,901
discounted_sarsa,down_shift,0.1,0.01,0.97,1,1.7963575141075336,0.47725010937226037,928.4651005147646,2.588414674094158,2.3505048010265783,0.5156755164669379,811.5891072389769,2.54698141437001,0.0,102,901
discounted_sarsa,down_shift,0.1,0.01,0.97,2,2.081397700681023,0.5273708813465373,976.8199663202182,2.6921729129669663,2.31918855694063,0.5316482836604112,821.7763249885356,2.4604146815497954,0.0,102,901
discounted_sarsa,down_shift,0.1,0.01,0.97,3,1.632211623164058,0.4219942565180234,904.9741363199392,2.4625024268113243,2.4593362429016437,0.49766770035869495,812.3279042618643,2.6792924781623144,0.0,102,901
discounted_sarsa,down_shift,0.1,0.01,0.97,4,1.6836424874397118,0.47878581694693106,924.2127761124989,2.444008832632153,2.2829099930736736,0.5246835906310229,797.1655289700442,2.4810316689083938,0.0,102,901
discounted_sarsa,down_shift,0.1,0.01,0.97,5,1.7474342162449072,0.5009564485126629,919.5874872009026,2.5400691708628473,2.3468117574277745,0.5083777562106833,784.2790264531118,2.588253837692649,0.0,102,901
discounted_sarsa,down_shift,0.1,0.01,0.97,6,1.8477065245215158,0.5064916035779982,924.6842664831727,2.579299840347556,2.377555737378412,0.536730355353591,806.7438603894815,2.505107562339254,0.0,102,901
discounted_sarsa,down_shift,0.1,0.01,0.97,7,2.0426255608310635,0.4927700716710989,951.8800908192006,2.6788536961914113,2.3468551226200614,0.5272156941715931,827.1455403614851,2.4981858932882237,0.0,102,901
discounted_sarsa,down_shift,0.1,0.01,0.97,8,1.174853771263483,0.3946295898036326,837.0525855252324,2.0281436983199965,2.0751871608539116,0.4587324656758405,743.7459761108491,2.4128497012480032,0.0,102,901
discounted_sarsa,down_shift,0.1,0.01,0.97,9,1.960475660611517,0.4652099876394503,918.7109673571962,2.6942024851319735,2.4182832912007246,0.5204455728939326,824.7448666955171,2.570635673739815,0.0,102,901
discounted_sarsa,down_shift,0.1,0.01,0.99,0,1.9902359305512922,0.5555219685562921,1240.9172914262235,2.4289441976490243,2.170857319134069,0.5476412160888512,1210.1825964827037,2.26996692115713,0.0,102,901
discounted_sarsa,down_shift,0.1,0.01,0.99,1,1.489457779035233,0.38023079415387173,1099.2889821900965,2.3563781848935483,1.7336183428791516,0.40109898641942,1072.6115380241818,2.171690340797024,0.0,102,901
discounted_sarsa,down_shift,0.1,0.01,0.99,2,2.3406609955898188,0.5529045394344866,1353.584204024368,2.832773380198341,2.2418111008887522,0.5573952133911952,1306.4590483262307,2.3362857554391447,0.0,102,901
discounted_sarsa,down_shift,0.1,0.01,0.99,3,1.3190457521211874,0.36311918378002306,1090.1871128173016,2.220048608327588,1.7136123917216124,0.418797938033155,1031.04222925749,2.083955723243691,0.0,102,901
discounted_sarsa,down_shift,0.1,0.01,0.99,4,1.8930147806676008,0.49303113544651495,1251.6772083417602,2.537432790254961,2.284042908478719,0.5554215076900016,1240.0755602631455,2.367423176110203,0.0,102,901
discounted_sarsa,down_shift,0.1,0.01,0.99,5,2.171443554478714,0.45338970948195084,1271.2213264380052,2.943293891561389,2.002705814600462,0.4475755561957672,1193.064644082809,2.3473764649735416,0.0,102,901
discounted_sarsa,down_shift,0.1,0.01,0.99,6,2.2246382713079416,0.4750769670356785,1243.075710646512,2.9954493096115544,2.2186462604849337,0.5075544895359877,1221.3542672684857,2.427600528257376,0.0,102,901
discounted_sarsa,down_shift,0.1,0.01,0.99,7,2.117901563482057,0.48734245541232274,1211.1862969049596,2.8189973042657908,2.2192725901034778,0.5003293238888464,1196.7119586643742,2.4802960955196203,0.0,102,901
discounted_sarsa,down_shift,0.1,0.01,0.99,8,1.5470805684202078,0.3936562720098219,1095.3966010057388,2.36917065148629,1.8749250005225644,0.43704499735611024,1068.8249580571726,2.246966705841644,0.0,102,901
discounted_sarsa,down_shift,0.1,0.01,0.99,9,1.9422174478768488,0.4579995001585758,1171.5651886983276,2.6328278033527397,2.2279019019190747,0.4848407424890886,1149.4903962408634,2.5139944983952045,0.0,102,901
discounted_sarsa,down_shift,0.1,0.03,0.9,0,1.8431737397208992,0.4788570129038911,464.10963894444706,2.183418811827197,2.342398037067647,0.49812736590564755,300.75349284715355,2.505890245614127,0.0,102,901
discounted_sarsa,down_shift,0.1,0.03,0.9,1,2.155134965208898,0.492938040149721,486.0484768854387,2.5336557436755562,2.328786306967889,0.4958558802348824,316.96599781226195,2.5270958693000987,0.0,102,901
discounted_sarsa,down_shift,0.1,0.03,0.9,2,2.140416244218951,0.5159823322582773,478.4561944349449,2.4018387973913473,2.281263920198161,0.5165276534173638,301.5422656467137,2.423047094011637,0.0,102,901
discounted_sarsa,down_shift,0.1,0.03,0.9,3,2.0004121763418303,0.5151525699010706,453.29226616778675,2.311538486012068,2.323441140998847,0.5278265877491355,275.44649416323335,2.4026063923092695,0.0,102,901
discounted_sarsa,down_shift,0.1,0.03,0.9,4,1.835790457104817,0.4093692577105779,436.1717220139774,2.3773034301667884,2.407435484910159,0.46856029668507904,282.0930687643517,2.680480024299364,0.0,102,901
discounted_sarsa,down_shift,0.1,0.03,0.9,5,1.6889836286559452,0.36427580755809974,466.1443237375129,2.3482429910435707,2.1451163416547763,0.4373252903888564,321.50490400817506,2.530123520383953,0.0,102,901
discounted_sarsa,down_shift,0.1,0.03,0.9,6,1.8743868629599751,0.4630577449910418,468.3337156197713,2.329284384116877,2.3234741976098867,0.4892839967576866,325.3356114130111,2.5375123243520346,0.0,102,901
discounted_sarsa,down_shift,0.1,0.03,0.9,7,1.9718542582614038,0.4760817752665875,491.25169245347075,2.3249928247177976,2.3750522882579586,0.507586936049433,330.79875914087296,2.5056789776497688,0.0,102,901
discounted_sarsa,down_shift,0.1,0.03,0.9,8,2.061598183628363,0.49137335963675594,493.96938487231677,2.4576901373277313,2.2862252175896662,0.48427181333187613,339.6613641281969,2.497948804698452,0.0,102,901
discounted_sarsa,down_shift,0.1,0.03,0.9,9,1.3967406042711326,0.37992922896294806,460.45354450395456,1.9113388367889683,2.2119301932085227,0.48450732455755574,348.9769661300466,2.396494777908766,0.0,102,901
discounted_sarsa,down_shift,0.1,0.03,0.97,0,1.7981513298712957,0.40614578463487927,895.1291205415179,2.256685848170556,2.338080455613395,0.48999307360602545,807.7444282539888,2.528259060347227,0.0,102,901
discounted_sarsa,down_shift,0.1,0.03,0.97,1,1.3355705100650594,0.4927058407277859,901.7145587839526,1.6042596071676463,2.285431346262574,0.5096690390079742,771.3887565375528,2.4491328669477817,0.0,102,901
discounted_sarsa,down_shift,0.1,0.03,0.97,2,1.518958512492832,0.49511772526370507,895.3312142781376,1.7624760305702887,2.2708122382172617,0.5190592954033114,772.3521732865257,2.39233478838942,0.0,102,901
discounted_sarsa,down_shift,0.1,0.03,0.97,3,1.2348494875776281,0.40639041521417824,858.3467832855301,1.6522010236231068,2.274731157397608,0.5145712593621424,766.4805324440301,2.42268385852135,0.0,102,901
discounted_sarsa,down_shift,0.1,0.03,0.97,4,1.8046541727064482,0.510750806849202,941.8783077053656,2.13645658973512,2.306532500495365,0.5298720273923684,801.5913101148828,2.433661978446124,0.0,102,901
discounted_sarsa,down_shift,0.1,0.03,0.97,5,1.6410978775575182,0.4569267151392157,911.2133869569644,2.036526455069055,2.168076389498991,0.4528265803723072,749.3511189360013,2.4889268221090455,0.0,102,901
discounted_sarsa,down_shift,0.1,0.03,0.97,6,1.5690398509423438,0.41756977040346344,873.7052003455257,2.0201181339221557,2.3403495633171323,0.5022704787905309,778.4647145494486,2.521529599690906,0.0,102,901
discounted_sarsa,down_shift,0.1,0.03,0.97,7,1.970762261108784,0.5015608713214351,909.6074255503408,2.4106410146478883,2.3143193759855696,0.512660670094775,799.7187408689025,2.4741227276183744,0.0,102,901
discounted_sarsa,down_shift,0.1,0.03,0.97,8,2.2652651651851845,0.5502956816277568,1003.8774489592168,2.463678677272859,2.2640436559768715,0.5317808278623236,807.2814812244079,2.3760853652620315,0.0,102,901
discounted_sarsa,down_shift,0.1,0.03,0.97,9,1.3550396006061083,0.33972574476583484,854.45751326711,1.956419339400132,1.9749616044796579,0.4669067591217,740.763392654387,2.2223980231951628,0.0,102,901
discounted_sarsa,down_shift,0.1,0.03,0.99,0,1.4543460646001432,0.4807585002990637,1182.8298531312435,1.7444090912563952,2.1562184732583005,0.5019959243961937,1159.941085124544,2.3402015910500946,0.0,102,901
discounted_sarsa,down_shift,0.1,0.03,0.99,1,1.7616159726346163,0.4373503570081397,1183.9109752480065,2.3105261907161165,1.9526748324779395,0.46484140485307873,1154.178243911991,2.280073572351857,0.0,102,901
discounted_sarsa,down_shift,0.1,0.03,0.99,2,1.1734660344794658,0.3138805807712226,1183.4542599135868,1.6919038563964246,2.3098375836884095,0.5309838241704024,1169.5988337010685,2.429102420562429,0.0,102,901
discounted_sarsa,down_shift,0.1,0.03,0.99,3,1.6483506940389219,0.4498544661857485,1130.3965731254625,2.0639142158837918,2.242510805139894,0.5440705389629855,1132.6104334770732,2.2626963587129687,0.0,102,901
discounted_sarsa,down_shift,0.1,0.03,0.99,4,1.6591416835778945,0.4762932031136901,1219.1246697635231,1.971508694361126,2.2050048770482054,0.5366427253934212,1193.2849896019527,2.2342728031968977,0.0,102,901
discounted_sarsa,down_shift,0.1,0.03,0.99,5,1.8402158781343099,0.4153395015961631,1152.12439730449,2.4467651003165116,2.1953984055819733,0.4632555202436226,1142.0982104075538,2.548260809772594,0.0,102,901
discounted_sarsa,down_shift,0.1,0.03,0.99,6,1.5922806846230773,0.4232425755260022,1147.2448993352548,2.116113865732969,2.030042378581815,0.45368608258040616,1132.234795225879,2.3058675273788367,0.0,102,901
discounted_sarsa,down_shift,0.1,0.03,0.99,7,0.8926373100814533,0.24127980219701464,980.427090861692,1.4182536597755893,1.1608389150833704,0.24269463521164486,908.308229342017,1.6630777664972214,0.0,102,901
discounted_sarsa,down_shift,0.1,0.03,0.99,8,0.9707551973496359,0.3405193554704246,1115.0902280753992,1.4747778331711898,1.4991013701773845,0.33877259539432375,1023.3341125788411,1.990205094064448,0.0,102,901
discounted_sarsa,down_shift,0.1,0.03,0.99,9,1.4425133229600422,0.40792930039202674,1103.6151464874574,2.005049978694178,1.8678774077965097,0.44145214933878657,1077.480370552433,2.210157114839276,0.0,102,901
discounted_sarsa,down_shift,0.1,0.1,0.9,0,2.090631221560676,0.534657381174475,482.00800737273624,2.0716284610165285,2.3180137283761155,0.48900766598773576,310.78012325562105,2.358803218618081,0.0,102,901
discounted_sarsa,down_shift,0.1,0.1,0.9,1,1.8054773746545378,0.4533277451719684,489.2848461465625,1.984430135739548,2.326085965889781,0.4916728546196243,339.64007213779416,2.359901720585613,0.0,102,901
discounted_sarsa,down_shift,0.1,0.1,0.9,2,2.2038450451415663,0.5458798037548706,479.3843863784758,2.1958180135657654,2.3422583800986074,0.5247883496084914,286.1528957050358,2.297953327426071,0.0,102,901
discounted_sarsa,down_shift,0.1,0.1,0.9,3,1.839912502436004,0.4744877512196732,474.1643409296713,2.019311122355355,2.440030297750833,0.5107363237737003,317.7895811880187,2.4078959872268806,0.0,102,901
discounted_sarsa,down_shift,0.1,0.1,0.9,4,1.8306148602045056,0.44493335558049857,462.0971172430273,1.9963579532295033,2.2745986346484095,0.4915981711710971,300.2190907594962,2.3073585618572854,0.0,102,901
discounted_sarsa,down_shift,0.1,0.1,0.9,5,2.09511690332572,0.5300408799033518,463.7326463993989,2.1211635068190113,2.3364749583943993,0.5216034999875032,266.1263653595838,2.274782052199331,0.0,102,901
discounted_sarsa,down_shift,0.1,0.1,0.9,6,2.4115093837848223,0.5167664450346224,496.6134775231447,2.3961763675020284,2.293228913047467,0.513686074023972,301.8655392917868,2.277038341804501,0.0,102,901
discounted_sarsa,down_shift,0.1,0.1,0.9,7,1.935204628781743,0.45540516647894824,501.9224787075853,2.1242898061676705,2.343398752491978,0.5002359733191277,355.7593516195375,2.3435796075787074,0.0,102,901
discounted_sarsa,down_shift,0.1,0.1,0.9,8,2.176950078714076,0.5157305107111902,493.795523171245,2.1711863876147497,2.297323272709629,0.49449159144760974,307.4324030540943,2.3222577597507064,0.0,102,901
discounted_sarsa,down_shift,0.1,0.1,0.9,9,1.858750427339122,0.46172595928356963,463.883430307955,2.127366425079171,2.364319362261465,0.5028150940245266,320.5243207674117,2.360730110833851,0.0,102,901
discounted_sarsa,down_shift,0.1,0.1,0.97,0,1.6521474537773402,0.5069247563249961,913.1707680188225,1.7936608823617273,2.330719314306546,0.5224861756473228,775.6343671198007,2.306970059573497,0.0,102,901
discounted_sarsa,down_shift,0.1,0.1,0.97,1,1.8764458307865703,0.4684727042681308,922.3108819307765,1.9596069312186495,2.296025765081006,0.5213429475080648,798.3625805025409,2.2274730434437626,0.0,102,901
discounted_sarsa,down_shift,0.1,0.1,0.97,2,1.6848589182511122,0.4784556702453126,892.6308862178595,1.9105461045545824,2.280030116376513,0.49629402630078745,789.4119406572986,2.3509815859684955,0.0,102,901
discounted_sarsa,down_shift,0.1,0.1,0.97,3,0.7456120237770945,0.24461537608271808,803.0588655241432,1.1166333585835742,1.6370048160592556,0.3321100762614925,670.4998367842869,2.0125281870584875,0.0,102,901
discounted_sarsa,down_shift,0.1,0.1,0.97,4,1.3020430466356887,0.42258174221393735,838.7709169489439,1.4449122962886904,2.261991354606686,0.523659941134178,753.5852262041271,2.241535691932092,0.0,102,901
discounted_sarsa,down_shift,0.1,0.1,0.97,5,1.6863142271145626,0.44661724667783886,897.3949170468882,1.9848073584237187,2.3588131448761764,0.4801894732710145,789.4907184536054,2.449381964417935,0.0,102,901
discounted_sarsa,down_shift,0.1,0.1,0.97,6,2.351445651104972,0.543529181612052,1002.0959351269317,2.2990940198860703,2.2008265630019266,0.5314957697468169,811.0179387559442,2.1423074759259815,0.0,102,901
discounted_sarsa,down_shift,0.1,0.1,0.97,7,1.51386840415612,0.40349271442160356,882.9874999602898,1.755030987186148,1.9042938815087662,0.41114417543157145,701.2982641497549,2.150444268017952,0.0,102,901
discounted_sarsa,down_shift,0.1,0.1,0.97,8,2.1862018698769856,0.5518496853725339,978.4024566379231,2.197844939674385,2.313316410507573,0.5466933409084165,813.4902804209454,2.2205330084535833,0.0,102,901
discounted_sarsa,down_shift,0.1,0.1,0.97,9,2.48320202791122,0.48641386544566606,978.7148569925664,2.582008484174701,2.3577217286846266,0.5032444894269238,834.7421931868639,2.3671196880594954,0.0,102,901
discounted_sarsa,down_shift,0.1,0.1,0.99,0,2.0694683036864463,0.443485473852987,1171.672014852804,2.276087830791983,2.0864566425390416,0.45798080352777293,1156.1188214346544,2.2311816796336728,0.0,102,901
discounted_sarsa,down_shift,0.1,0.1,0.99,1,1.3765357515555892,0.4389795132435986,1098.8093015806003,1.546645464181579,2.2714316903549867,0.5146499504545982,1094.6170403167941,2.232855747571047,0.0,102,901
discounted_sarsa,down_shift,0.1,0.1,0.99,2,1.7088942978504982,0.4787088241610236,1173.9013325938279,1.7587450806624758,2.1725287694554116,0.4986277554225958,1154.2266232931481,2.196246913474229,0.0,102,901
discounted_sarsa,down_shift,0.1,0.1,0.99,3,1.7273232491963597,0.4243132005646696,1196.8839918880028,2.0053899507322934,2.3005321366024387,0.4849627954809725,1180.8917258954743,2.3735493685043028,0.0,102,901
discounted_sarsa,down_shift,0.1,0.1,0.99,4,1.6872764590624043,0.4464115318715409,1178.9662917641258,1.8236569793055517,1.9060545253216605,0.46287948825998393,1135.3808197078183,2.054233888292936,0.0,102,901
discounted_sarsa,down_shift,0.1,0.1,0.99,5,1.4392311099069492,0.42683348192575793,1107.827751294128,1.6502097760085561,2.0998928482490173,0.5318107994404654,1097.350306085993,2.094423473833659,0.0,102,901
discounted_sarsa,down_shift,0.1,0.1,0.99,6,2.034792614182269,0.4901572590762672,1229.4800853235206,2.214710582949224,2.090541137964364,0.5437695648709104,1199.7474532635367,2.051320312711213,0.0,102,901
discounted_sarsa,down_shift,0.1,0.1,0.99,7,1.4285155241906504,0.3798822629791983,1166.9732465703669,1.7985151607006764,1.5986789909063364,0.39143973702762613,1077.8969177362094,1.8797765562753819,0.0,102,901
discounted_sarsa,down_shift,0.1,0.1,0.99,8,2.0069400596867393,0.47144287365077814,1238.6307246823076,2.217899686923515,2.225887144847716,0.4753839766567135,1219.4340285511505,2.3311723915299294,0.0,102,901
discounted_sarsa,down_shift,0.1,0.1,0.99,9,1.832465305357843,0.48382209247735586,1191.7332560494303,1.9902110682337992,2.2713832337886863,0.5282903184125207,1173.1061926989225,2.214543210584956,0.0,102,901
discounted_sarsa,sign_shift,0.02,0.001,0.9,0,2.4320258886595303,0.5329029728351303,36.82191042357005,7.2841182514861105,2.4769689241078465,0.5391971731689683,149.32629688470823,2.59755896821249,0.0,102,901
discounted_sarsa,sign_shift,0.02,0.001,0.9,1,2.3337123770846566,0.4548733815071108,39.56769638989139,7.242355020967506,2.3528190739962707,0.4467156564359203,142.56305321624242,2.7700305515453714,0.0,102,901
discounted_sarsa,sign_shift,0.02,0.001,0.9,2,2.556416252055035,0.521929357404548,38.08611411971702,7.3486487072473725,2.468686576655598,0.4999052124001299,146.06558722814486,2.7863832531091624,0.0,102,901
discounted_sarsa,sign_shift,0.02,0.001,0.9,3,2.303800117464293,0.4656622271071471,38.82023908807288,7.18176668980357,2.4337499088585735,0.4945464272295439,146.7131022614213,2.7277893821482184,0.0,102,901
discounted_sarsa,sign_shift,0.02,0.001,0.9,4,2.2262240110324396,0.4722777942103639,40.09412184768571,7.181942606643611,2.380556697777886,0.4848450378092807,145.3247512861668,2.735490270824769,0.0,102,901
discounted_sarsa,sign_shift,0.02,0.001,0.9,5,2.515526835578497,0.5141942024164267,37.4767995592617,7.325706437823065,2.614252362219405,0.5085479824408957,149.87167168834895,2.7963727344816496,0.0,102,901
discounted_sarsa,sign_shift,0.02,0.001,0.9,6,2.5314039808450737,0.5308563592110895,38.627668630925314,7.380090660403115,2.532638129124038,0.5192664793543461,147.01881592268415,2.7115323613808453,0.0,102,901
discounted_sarsa,sign_shift,0.02,0.001,0.9,7,2.4831354600651845,0.47830957611354585,40.291348157412685,7.179108939258611,2.5673030180878786,0.48552706989270017,148.60594460477708,2.8263446925887585,0.0,102,901
discounted_sarsa,sign_shift,0.02,0.001,0.9,8,2.5663278332445034,0.5443643667086001,36.369553118153334,7.206583697953145,2.483592974136541,0.5472830790623144,151.62279830736318,2.5848443712575655,0.0,102,901
discounted_sarsa,sign_shift,0.02,0.001,0.9,9,2.361370415727206,0.5204352019960443,36.97612428176436,7.2441571894823396,2.321991006499948,0.5263660767953415,142.27947629279748,2.55712619141522,0.0,102,901
discounted_sarsa,sign_shift,0.02,0.001,0.97,0,2.284733618366246,0.5210797561863301,42.06574126734244,7.2019290765959765,2.350376397709363,0.5344096151105318,169.68427481127975,2.51587012767941,0.0,102,901
discounted_sarsa,sign_shift,0.02,0.001,0.97,1,2.3755320928286614,0.4555704203001696,45.506568260672104,7.307946520280158,2.455861303104914,0.4442375333708015,161.15361320550477,2.8917812142049812,0.0,102,901
discounted_sarsa,sign_shift,0.02,0.001,0.97,2,2.345417240703095,0.5209273192476044,42.71577733903349,7.213387324999159,2.22567938589328,0.5113165515808126,164.43617554205164,2.5596469823704586,0.0,102,901
discounted_sarsa,sign_shift,0.02,0.001,0.97,3,2.4274710154073227,0.47492325047401407,44.37770251154751,7.267192831673072,2.605048882408474,0.5075286756329156,172.75653352353908,2.7938411674320043,0.0,102,901
discounted_sarsa,sign_shift,0.02,0.001,0.97,4,2.396162028138718,0.5068844785458994,44.734876996725895,7.345137073039939,2.5285257477772376,0.5274192756636,177.569587497088,2.721132712469491,0.0,102,901
discounted_sarsa,sign_shift,0.02,0.001,0.97,5,2.5487325223251562,0.48905791511799696,42.42414119301703,7.3766333067538445,2.5309131373116363,0.4885729391822722,163.58411243741418,2.74360607002211,0.0,102,901
discounted_sarsa,sign_shift,0.02,0.001,0.97,6,2.142191627131456,0.4771864840295075,51.88130677133299,7.100191426132125,1.9870849926530842,0.4605671078008031,184.78185511543052,2.3643341396362065,0.0,102,901
discounted_sarsa,sign_shift,0.02,0.001,0.97,7,2.411416775791748,0.5259706553074189,40.78712023296174,7.252716571178513,2.492092996774568,0.5277151559793205,169.13186593981408,2.6725717759172234,0.0,102,901
discounted_sarsa,sign_shift,0.02,0.001,0.97,8,2.4986100015306554,0.5084042588653278,42.36994395434199,7.18802341566071,2.3820031332573017,0.49614026740284917,162.77591695485663,2.641847639333841,0.0,102,901
discounted_sarsa,sign_shift,0.02,0.001,0.97,9,2.4809269226630764,0.4867057468047938,45.35385897905799,7.391343240204454,2.437903786573262,0.4907362991742861,160.20287763684962,2.7659162985495254,0.0,102,901
discounted_sarsa,sign_shift,0.02,0.001,0.99,0,2.3224683373234085,0.4811017562946264,46.28874644144677,7.263634668828924,2.407636112306007,0.4870768796678008,171.30747391907565,2.6730094367702284,0.0,102,901
discounted_sarsa,sign_shift,0.02,0.001,0.99,1,2.219685379557458,0.5344732234252628,43.99931662932464,7.229902807351792,2.403247777167734,0.5412462078816366,182.41083905389584,2.53255858810427,0.0,102,901
discounted_sarsa,sign_shift,0.02,0.001,0.99,2,2.44164680203244,0.5407449658839143,44.25117102461568,7.253580697121603,2.33817073962664,0.5311792127767403,174.2157054470682,2.6301275119276184,0.0,102,901
discounted_sarsa,sign_shift,0.02,0.001,0.99,3,2.376230706445343,0.48881491224180945,44.93614485960239,7.344702141695979,2.5147428254910906,0.5350564464675599,176.6639024283094,2.609343662401926,0.0,102,901
discounted_sarsa,sign_shift,0.02,0.001,0.99,4,2.385362154553988,0.47724142819160176,47.17530236062807,7.37564278975332,2.515714355844239,0.49256830498548576,173.25431734185923,2.7843827726153516,0.0,102,901
discounted_sarsa,sign_shift,0.02,0.001,0.99,5,2.339131758369649,0.468031537016154,47.87329392365388,7.2716274260586236,2.4459543534756487,0.453390771986025,176.51542318236784,2.8235803071486067,0.0,102,901
discounted_sarsa,sign_shift,0.02,0.001,0.99,6,2.393439544669844,0.4969934732321311,48.56958265402227,7.27913549537996,2.344819640748401,0.4943205242618037,165.37797770747017,2.5977625361602112,0.0,102,901
discounted_sarsa,sign_shift,0.02,0.001,0.99,7,2.553305879800888,0.49874904840845335,44.73276486325624,7.341333709880884,2.6469438603598294,0.49405866136925897,174.1100591075141,2.8766783370914277,0.0,102,901
discounted_sarsa,sign_shift,0.02,0.001,0.99,8,2.618357517923289,0.4883374378204756,50.422093981834315,7.345922684800922,2.4328207736977014,0.4571029208955269,167.38810756207215,2.8312517486734117,0.0,102,901
discounted_sarsa,sign_shift,0.02,0.001,0.99,9,2.5589599861888495,0.5107342219450378,45.26406105037748,7.476687919097071,2.5869357667704693,0.5396913046385979,185.41912461590707,2.677954409515327,0.0,102,901
discounted_sarsa,sign_shift,0.02,0.003,0.9,0,2.2640168764319673,0.5462919280179236,35.73673850002817,4.210887319582386,2.2963700978054398,0.5472502350881678,146.98117890113582,2.4973744168780936,0.0,102,901
discounted_sarsa,sign_shift,0.02,0.003,0.9,1,2.37954142607613,0.48168020842192427,37.08794006020116,4.341770752993352,2.58763008163938,0.5085013829953902,147.59831597645973,2.773934403403445,0.0,102,901
discounted_sarsa,sign_shift,0.02,0.003,0.9,2,2.5672520192802937,0.5215540208453225,39.31841882796696,4.329678581673067,2.518317833198026,0.5029227923075051,147.8479183377815,2.681634999440318,0.0,102,901
discounted_sarsa,sign_shift,0.02,0.003,0.9,3,2.400569271556193,0.44874382695104414,40.142470285949734,4.431138797522293,2.4584517312935463,0.4734874091435718,144.12907126511155,2.7922992676239153,0.0,102,901
discounted_sarsa,sign_shift,0.02,0.003,0.9,4,2.383196522622234,0.4778575604007747,40.82382744571631,4.3496330306091435,2.496296781808107,0.4819584608075431,147.8325455033495,2.76566099306155,0.0,102,901
discounted_sarsa,sign_shift,0.02,0.003,0.9,5,2.468461616135524,0.5330050303606516,36.48348272411743,4.292839609076301,2.460112328854828,0.5320734760224255,148.09389430606734,2.5137503277939763,0.0,102,901
discounted_sarsa,sign_shift,0.02,0.003,0.9,6,2.3591619056065856,0.4889360485143397,42.34696443401911,4.277602187559,2.349357796933325,0.48363884634064047,146.16249592479946,2.718607126848022,0.0,102,901
discounted_sarsa,sign_shift,0.02,0.003,0.9,7,2.434684967137214,0.5455293479191405,35.74217051823563,4.206854979000659,2.5016515277913807,0.553677599227427,151.65784463050656,2.5846284169058684,0.0,102,901
discounted_sarsa,sign_shift,0.02,0.003,0.9,8,2.6756336321899847,0.5340886394231462,37.67291173743655,4.384640726661573,2.514360611523647,0.5213307683418602,145.83648784954536,2.6388289779303475,0.0,102,901
discounted_sarsa,sign_shift,0.02,0.003,0.9,9,2.4051169547880953,0.5193754826687611,36.7864425762811,4.267513679084075,2.3918509242335215,0.5429551373044103,146.7086557092867,2.5334849535358255,0.0,102,901
discounted_sarsa,sign_shift,0.02,0.003,0.97,0,2.355536732756343,0.4877162633236216,43.12280371244311,4.302787692235279,2.4401901393726626,0.4934237818379142,159.03420282067094,2.6792794666375874,0.0,102,901
discounted_sarsa,sign_shift,0.02,0.003,0.97,1,2.17141429197833,0.4877292863438088,44.641029335194155,4.194723803761609,2.2583245883557153,0.49542274345290116,164.2780590704362,2.486867545366073,0.0,102,901
discounted_sarsa,sign_shift,0.02,0.003,0.97,2,2.6179772573420017,0.4826853306237868,45.86411735311469,4.463958857890643,2.605146446433257,0.45242642402364325,163.28189145228185,2.900295696420681,0.0,102,901
discounted_sarsa,sign_shift,0.02,0.003,0.97,3,2.4555202979005073,0.45959539779925634,43.82131519321149,4.451823368753147,2.498848454136108,0.48946521735944704,165.13986383699498,2.7697644961937358,0.0,102,901
discounted_sarsa,sign_shift,0.02,0.003,0.97,4,2.288853505004776,0.4907754938193483,44.26600620062834,4.2843731645418,2.4370493883580404,0.5032804950434098,161.4058626638143,2.71380177045082,0.0,102,901
discounted_sarsa,sign_shift,0.02,0.003,0.97,5,2.3268195801958185,0.5182616780003804,41.8842487400312,4.255044104415462,2.344648593110378,0.5171932680075086,165.77593215929318,2.5508186935574026,0.0,102,901
discounted_sarsa,sign_shift,0.02,0.003,0.97,6,2.562942242494433,0.5306768332764181,45.148291473845966,4.344982852134666,2.4891385051301382,0.5207829696997247,165.39188160263762,2.5842796460548767,0.0,102,901
discounted_sarsa,sign_shift,0.02,0.003,0.97,7,2.2484264318308695,0.523213767309708,41.26121942727016,4.105126474941645,2.3545320517789325,0.5294695694620348,163.59474128133286,2.5087366899879866,0.0,102,901
discounted_sarsa,sign_shift,0.02,0.003,0.97,8,2.5951688826192587,0.4891664861161866,43.72997784142423,4.396716783049537,2.639413412567642,0.4930621023534395,168.38083553140785,2.7860731387743285,0.0,102,901
discounted_sarsa,sign_shift,0.02,0.003,0.97,9,2.345400973453684,0.5237680190792846,43.84407789716201,4.334560132211899,2.396233239634889,0.5283591963806255,166.36128427400553,2.512095072419027,0.0,102,901
discounted_sarsa,sign_shift,0.02,0.003,0.99,0,2.5315855672352674,0.5089015595087197,44.97849706595921,4.4277952423841915,2.612722739413022,0.5074922182847073,179.34330471491046,2.727120551720268,0.0,102,901
discounted_sarsa,sign_shift,0.02,0.003,0.99,1,2.321927732080884,0.43803455189074164,51.36230454194939,4.403742264807512,2.385912442654347,0.4536354660672342,189.8176406435636,2.829179998528006,0.0,102,901
discounted_sarsa,sign_shift,0.02,0.003,0.99,2,2.5116479354839427,0.496957658425913,46.838394855260894,4.396846428335682,2.456438753538619,0.46265191508861453,166.69728686121,2.7993911132047797,0.0,102,901
discounted_sarsa,sign_shift,0.02,0.003,0.99,3,2.3187851461709883,0.47678558499131846,46.43549940592467,4.316670706340754,2.571161898111118,0.5102689833250239,178.25981661629842,2.8111080551805143,0.0,102,901
discounted_sarsa,sign_shift,0.02,0.003,0.99,4,2.3945150551626293,0.4789411243738619,46.96516003804387,4.390807624855931,2.606839529201547,0.5005101886160026,173.78435134311502,2.765289868560459,0.0,102,901
discounted_sarsa,sign_shift,0.02,0.003,0.99,5,2.2644602408476944,0.4670491414556196,47.48606465973805,4.247617059532031,2.3309426269436093,0.46856752710574817,160.53691987317174,2.6889506015514177,0.0,102,901
discounted_sarsa,sign_shift,0.02,0.003,0.99,6,2.533949630888312,0.5015136698513908,45.7334145931066,4.417374811081911,2.557535455053898,0.5212070835917223,176.8409276466519,2.611967725181169,0.0,102,901
discounted_sarsa,sign_shift,0.02,0.003,0.99,7,2.1464896866233736,0.4445209237452593,51.84383575500253,4.117974412188021,2.10786969071007,0.4226274442104236,193.13289295470207,2.578102227369971,0.0,102,901
discounted_sarsa,sign_shift,0.02,0.003,0.99,8,2.5326652043524516,0.4989548293099034,44.52758264031535,4.2640272731479945,2.4588876987667576,0.4858138211901662,167.10873000985072,2.7349343410647475,0.0,102,901
discounted_sarsa,sign_shift,0.02,0.003,0.99,9,2.5546531407908812,0.5429447989578179,45.69092430793417,4.463529581996005,2.6112328221946957,0.5369867845811142,184.87957033042704,2.633838959831506,0.0,102,901
discounted_sarsa,sign_shift,0.02,0.01,0.9,0,2.3815924741948824,0.5595727303760782,35.410377270590004,2.928678322678953,2.350350855208918,0.5633020469368909,151.47547817042394,2.344151167052906,0.0,102,901
discounted_sarsa,sign_shift,0.02,0.01,0.9,1,2.343228658582911,0.48590089662632996,39.910825646261934,3.0154403374666634,2.5207147818522904,0.4860683381061822,147.78601900456817,2.723092170588436,0.0,102,901
discounted_sarsa,sign_shift,0.02,0.01,0.9,2,2.5365923221739313,0.5081010131844756,38.33595401370214,3.1790156466303774,2.4495127629353677,0.49102817153763006,144.05551088305896,2.6328641516536706,0.0,102,901
discounted_sarsa,sign_shift,0.02,0.01,0.9,3,2.446724956772889,0.5150127193097339,37.23106975568868,3.0793750144413212,2.5931410765339424,0.5512407080712134,151.70264482743204,2.599277727554399,0.0,102,901
discounted_sarsa,sign_shift,0.02,0.01,0.9,4,2.2216721918496076,0.47304860742060373,39.67390241471945,3.0759274983063754,2.452441025311989,0.4918359274818056,145.58859660760479,2.772846477590784,0.0,102,901
discounted_sarsa,sign_shift,0.02,0.01,0.9,5,2.426925417501599,0.5071967117430947,38.63168385771392,3.0856725358069137,2.5381092139225063,0.5277468059073889,150.1417374843847,2.7058661894778724,0.0,102,901
discounted_sarsa,sign_shift,0.02,0.01,0.9,6,2.3988366732063735,0.5359654659399495,40.496922802447585,3.1252991078054255,2.3596868129135564,0.5232614835972214,147.27214697976072,2.6438509042834974,0.0,102,901
discounted_sarsa,sign_shift,0.02,0.01,0.9,7,2.38607433315448,0.5375579570838733,35.92919781848483,3.0071117161544145,2.4745291384668375,0.5425378533513266,148.39928509310462,2.5883180454657313,0.0,102,901
discounted_sarsa,sign_shift,0.02,0.01,0.9,8,2.4935289075830473,0.48055495774449025,37.35637341533169,3.2384944980854358,2.3200456001531164,0.4459203007736298,137.57252451375257,2.722999427288835,0.0,102,901
discounted_sarsa,sign_shift,0.02,0.01,0.9,9,2.5130585301112704,0.5150704520329672,37.68360883824975,3.190562148351912,2.533374922689204,0.5246190297967296,146.04801041635568,2.721180437000561,0.0,102,901
discounted_sarsa,sign_shift,0.02,0.01,0.97,0,2.196557019747004,0.45585753157919096,48.61859399675538,2.9698084639095526,2.2061087269052573,0.44935468920764177,165.13830224342374,2.5096674710603377,0.0,102,901
discounted_sarsa,sign_shift,0.02,0.01,0.97,1,2.35267237909633,0.508002497316448,43.51445048104161,3.0561521761065884,2.4846170388911735,0.5249372026947324,171.65017711094129,2.672193361952165,0.0,102,901
discounted_sarsa,sign_shift,0.02,0.01,0.97,2,2.5276396374727073,0.5065823079903354,45.666359403640435,3.2411939048488616,2.3947452514350167,0.4827200476328432,161.93138665919471,2.692916853949182,0.0,102,901
discounted_sarsa,sign_shift,0.02,0.01,0.97,3,2.4360928713248944,0.4914464539574806,43.32327372292815,3.131532834584476,2.56147396317818,0.5079919306185864,168.6190024964723,2.6961318169052633,0.0,102,901
discounted_sarsa,sign_shift,0.02,0.01,0.97,4,2.324903227739177,0.47596939846314995,46.740425453114845,3.1534752130704193,2.4260257587562495,0.48237882132776455,174.3207535374459,2.753971319431989,0.0,102,901
discounted_sarsa,sign_shift,0.02,0.01,0.97,5,2.395177278191775,0.489377274570401,47.10075288093303,3.190168355915797,2.4523800675888463,0.47100658204215484,170.09577719063103,2.8501487593211223,0.0,102,901
discounted_sarsa,sign_shift,0.02,0.01,0.97,6,2.5903098037963987,0.5060696869886708,47.1924079040719,3.2747558577912503,2.651106356505259,0.50123759017614,169.36394363629014,2.825803608731265,0.0,102,901
discounted_sarsa,sign_shift,0.02,0.01,0.97,7,2.4448305899319442,0.5142072986518356,42.07794526167633,3.0866916882792257,2.522013980612323,0.522387642334252,167.94957056219002,2.6627904805955973,0.0,102,901
discounted_sarsa,sign_shift,0.02,0.01,0.97,8,2.3336048458288547,0.5345246009493904,40.96183828892114,3.045172412175346,2.3159867809844084,0.5388174083456824,171.8427728056964,2.5479838763785674,0.0,102,901
discounted_sarsa,sign_shift,0.02,0.01,0.97,9,2.354358810932597,0.51443807143042,44.10914868480506,3.033476278144896,2.386421656357253,0.5121503100966166,164.71242485219489,2.606515065164513,0.0,102,901
discounted_sarsa,sign_shift,0.02,0.01,0.99,0,2.230424647405116,0.5282815489426589,42.73285525937694,2.930387143787974,2.2157790596220073,0.5539208890534861,181.91425127948804,2.399438202710806,0.0,102,901
discounted_sarsa,sign_shift,0.02,0.01,0.99,1,2.1659361445620484,0.4778188870717228,49.452850039870896,2.9983148085825673,2.3856115093079557,0.4878333073927715,169.86885572090927,2.7266656563503453,0.0,102,901
discounted_sarsa,sign_shift,0.02,0.01,0.99,2,2.4312107283219513,0.5443810762168287,44.00661573870192,3.0256023655724813,2.4371900712610337,0.532569736077146,179.31317953352072,2.5344257547041837,0.0,102,901
discounted_sarsa,sign_shift,0.02,0.01,0.99,3,2.0956448817754794,0.5035638543808546,44.280753899224685,2.810577604175854,2.3222353315938165,0.5457329975188495,177.37191452016575,2.4244809827322507,0.0,102,901
discounted_sarsa,sign_shift,0.02,0.01,0.99,4,2.3868747882027943,0.4633580607776197,50.090637627217255,3.191413765605034,2.3968767835708484,0.4457222198610491,168.92631900405044,2.7585628245553084,0.0,102,901
discounted_sarsa,sign_shift,0.02,0.01,0.99,5,2.502625658021641,0.4750365255780084,46.90216004174881,3.227129827513751,2.534387294653952,0.4824484960998724,171.03988385956035,2.8046955710614325,0.0,102,901
discounted_sarsa,sign_shift,0.02,0.01,0.99,6,2.47671026375827,0.48026285420086423,51.85949293791606,3.2523402127417183,2.55832081635652,0.47258333061565305,181.56684395822964,2.8526453647826533,0.0,102,901
discounted_sarsa,sign_shift,0.02,0.01,0.99,7,2.6097379567411862,0.48906210279953904,46.23279547182303,3.2403000376720215,2.671471232858813,0.50361112142967,182.7368164881908,2.810222163524127,0.0,102,901
discounted_sarsa,sign_shift,0.02,0.01,0.99,8,2.4052795133096416,0.4662111022128206,49.72418813007592,3.22085955421805,2.4609138181253245,0.4556844467180387,174.20327138087217,2.8199188959805888,0.0,102,901
discounted_sarsa,sign_shift,0.02,0.01,0.99,9,2.356659044744959,0.4555919727369934,51.12736988873645,3.2653972364708603,2.203327117202891,0.4477377069860817,168.77442727543794,2.7546456017470646,0.0,102,901
discounted_sarsa,sign_shift,0.02,0.03,0.9,0,2.399150413418276,0.539145802103771,35.91788810598091,2.5601480803639887,2.415999667677113,0.5457977879235885,148.91962947861094,2.397968957513397,0.0,102,901
discounted_sarsa,sign_shift,0.02,0.03,0.9,1,2.3059201596690113,0.46772764552604246,38.634840715773365,2.7001373322343927,2.441564268637693,0.46741435962086,142.20596361819517,2.6625693535127852,0.0,102,901
discounted_sarsa,sign_shift,0.02,0.03,0.9,2,2.5342078879423626,0.5020618597846875,40.749366139976416,2.9363851202221034,2.4743576309463404,0.4854070130195299,146.96859952715857,2.7509142917168785,0.0,102,901
discounted_sarsa,sign_shift,0.02,0.03,0.9,3,2.402260166135784,0.4734346058059528,39.70145706085164,2.853998954422924,2.484468019074751,0.5072864883602243,145.6007288105924,2.6548576845831557,0.0,102,901
discounted_sarsa,sign_shift,0.02,0.03,0.9,4,2.1155667255001074,0.4823233557396146,38.968751755744144,2.4642729200025792,2.2206010954982527,0.5091602782903231,144.18226501700565,2.291126914319766,0.0,102,901
discounted_sarsa,sign_shift,0.02,0.03,0.9,5,2.483873321246171,0.47195886949661775,39.394650192099995,2.8600492482025395,2.4517851451508914,0.45660737946035734,145.3287552152591,2.7277490822733204,0.0,102,901
discounted_sarsa,sign_shift,0.02,0.03,0.9,6,2.623338613136732,0.48701623956636175,40.13107687084869,2.949631909088859,2.623829622678326,0.4918084495277345,148.94516344481949,2.723593630121222,0.0,102,901
discounted_sarsa,sign_shift,0.02,0.03,0.9,7,2.42142459923818,0.5084416211119578,36.886138228995975,2.7868595613802523,2.484767310612337,0.4928552531149743,141.63927037693696,2.69048900436574,0.0,102,901
discounted_sarsa,sign_shift,0.02,0.03,0.9,8,2.5829777623154846,0.5054470592649072,37.15100505780266,2.814814023368941,2.488694300550764,0.5007353126644106,144.8245141404451,2.5820418254577966,0.0,102,901
discounted_sarsa,sign_shift,0.02,0.03,0.9,9,2.4591595079638693,0.4889471990841517,41.36705569955866,2.819561578447366,2.507672775409656,0.47340128362782363,146.13088605326632,2.7307429351568406,0.0,102,901
discounted_sarsa,sign_shift,0.02,0.03,0.97,0,2.2900400471446276,0.4805976098541182,44.18946660510553,2.6470244715999383,2.3925634300346768,0.49923639484812526,162.27452698692028,2.514522496617551,0.0,102,901
discounted_sarsa,sign_shift,0.02,0.03,0.97,1,2.1835813603621648,0.5205397453875701,44.338084759181555,2.3538216930008713,2.2065282101109966,0.5153649142919946,166.0125426446339,2.2297916130524156,0.0,102,901
discounted_sarsa,sign_shift,0.02,0.03,0.97,2,2.4408324526373297,0.52234795049068,43.22367227732498,2.7270297637732006,2.415633706954498,0.5153177360806088,166.4754375979601,2.5407670098809945,0.0,102,901
discounted_sarsa,sign_shift,0.02,0.03,0.97,3,2.303869440385215,0.4637453946846598,45.10914617024279,2.771757121645007,2.5607514639361293,0.49200626038001516,167.14802985709616,2.7662478213807065,0.0,102,901
discounted_sarsa,sign_shift,0.02,0.03,0.97,4,2.3452350650629668,0.4740663047697648,47.36256334036636,2.884868993812279,2.368249665834948,0.47590112500600124,166.9016629035261,2.74802022875183,0.0,102,901
discounted_sarsa,sign_shift,0.02,0.03,0.97,5,2.305779226591931,0.5348426524739482,40.67910809420415,2.591015954552431,2.33936123390495,0.5358402226030531,169.27748885112953,2.473609550984522,0.0,102,901
discounted_sarsa,sign_shift,0.02,0.03,0.97,6,2.5240219260465193,0.46617181220382464,50.74171020832703,2.9625422436762703,2.490739334155915,0.4609734448931474,167.17145120708238,2.783144763995325,0.0,102,901
discounted_sarsa,sign_shift,0.02,0.03,0.97,7,2.30787700394199,0.4431735894049686,49.55515207523487,2.790259754576296,2.4379401062339943,0.4384670040942874,170.41909926810084,2.7902806391028947,0.0,102,901
discounted_sarsa,sign_shift,0.02,0.03,0.97,8,2.6231803372189337,0.5516732429352041,41.736852642565744,2.665235078751563,2.432449009145873,0.5448403116379433,172.01750908900217,2.3917894767726375,0.0,102,901
discounted_sarsa,sign_shift,0.02,0.03,0.97,9,2.519023628293043,0.47082307521560274,45.44614483207221,2.9641339702543013,2.5054749036076926,0.4760728685155083,161.64583173564,2.7477764538657885,0.0,102,901
discounted_sarsa,sign_shift,0.02,0.03,0.99,0,2.4016402298532227,0.5192021375441521,44.313126341666305,2.581455053023923,2.434419000088341,0.5253417345103528,174.59059469248515,2.418500123705558,0.0,102,901
discounted_sarsa,sign_shift,0.02,0.03,0.99,1,2.216715879567795,0.4565327793386024,46.93323426754106,2.657354740161054,2.2046781156252306,0.44183632100927017,163.7567700983993,2.5623360067542307,0.0,102,901
discounted_sarsa,sign_shift,0.02,0.03,0.99,2,2.522085762661717,0.5296012100279438,44.74923508664757,2.8458473732056024,2.476787214987759,0.5157764000767125,176.95060078139542,2.6595336327197976,0.0,102,901
discounted_sarsa,sign_shift,0.02,0.03,0.99,3,2.32736506011801,0.4776296104485579,44.911910429334064,2.664123821502018,2.5053008287183385,0.5110855445627915,174.19846550717938,2.5585603602586944,0.0,102,901
discounted_sarsa,sign_shift,0.02,0.03,0.99,4,2.2227306778179163,0.455923405144264,49.46583718339857,2.7435085195895135,2.3433255205717525,0.46738385339658256,168.4949037153953,2.673377430859931,0.0,102,901
discounted_sarsa,sign_shift,0.02,0.03,0.99,5,2.6537178949506526,0.49582585357841874,45.41162215555365,2.92552275421242,2.616118592541606,0.5100929068491781,181.8458528052796,2.676385066292243,0.0,102,901
discounted_sarsa,sign_shift,0.02,0.03,0.99,6,2.4829897886812318,0.4819614786172346,47.7903048187278,2.872071555893067,2.431092557984454,0.46736582476605687,163.37739742498437,2.668787620022288,0.0,102,901
discounted_sarsa,sign_shift,0.02,0.03,0.99,7,2.3936855938143338,0.4415755987507382,49.244079983769645,3.0233349111741474,2.3230442744338147,0.4162205912443379,174.66974140530925,2.842617619717946,0.0,102,901
discounted_sarsa,sign_shift,0.02,0.03,0.99,8,2.56275842083969,0.5064571925939088,47.72783214315625,2.791688388075076,2.425976154074587,0.48776699435558035,164.35298425578296,2.5886972126742154,0.0,102,901
discounted_sarsa,sign_shift,0.02,0.03,0.99,9,2.462462090682304,0.5380471581498714,44.48674463466517,2.650112842844299,2.5026710528614844,0.5420863276433535,184.10415894043535,2.4881224567186275,0.0,102,901
discounted_sarsa,sign_shift,0.02,0.1,0.9,0,2.334341404576197,0.49218994752203765,37.56534269553673,2.4388705952255934,2.390181448837114,0.4917074282491647,142.90970278132602,2.4339567645214815,0.0,102,901
discounted_sarsa,sign_shift,0.02,0.1,0.9,1,2.4604813409622572,0.4915584901165198,38.55889841203368,2.562751645539368,2.609324919878899,0.5058615356301182,151.49617017103378,2.555794835367136,0.0,102,901
discounted_sarsa,sign_shift,0.02,0.1,0.9,2,2.509729750393069,0.5517807251391174,36.627556917213845,2.3515727926973713,2.479223712979994,0.5384480995643105,150.2926831197865,2.278635184821006,0.0,102,901
discounted_sarsa,sign_shift,0.02,0.1,0.9,3,2.2544685264794415,0.5003439210420991,37.17577952339861,2.363446599621886,2.3846831037132152,0.5264767375439943,144.44719177320883,2.3982615588462393,0.0,102,901
discounted_sarsa,sign_shift,0.02,0.1,0.9,4,2.3278705648635825,0.5231441847569963,37.043481682895376,2.3214258531907945,2.503190595112119,0.5404296449454179,148.64575944293406,2.397240741184299,0.0,102,901
discounted_sarsa,sign_shift,0.02,0.1,0.9,5,2.382386280752552,0.5100711226959234,37.58637341873496,2.498656911561978,2.475450695079824,0.5054758823130762,145.82902997474477,2.489331455944108,0.0,102,901
discounted_sarsa,sign_shift,0.02,0.1,0.9,6,2.5828832121381025,0.5068851491345635,40.03468301630912,2.6240415879528167,2.5615288812312857,0.5209460580740535,151.22819588155878,2.4870233485575604,0.0,102,901
discounted_sarsa,sign_shift,0.02,0.1,0.9,7,2.4344853114740768,0.5470143775195326,35.91020176275906,2.315472127958556,2.5349949543678876,0.5613833877400728,152.42559462270782,2.375480955190678,0.0,102,901
discounted_sarsa,sign_shift,0.02,0.1,0.9,8,2.585909288740329,0.5084925362626468,36.26348005124863,2.5171232646741806,2.4905389968002627,0.5113912331169065,146.63367095234776,2.41087237799709,0.0,102,901
discounted_sarsa,sign_shift,0.02,0.1,0.9,9,2.393699319897004,0.5297372009773027,38.43879073190387,2.4150197028951363,2.4411457511969603,0.5260917552691369,145.5235973675175,2.4205550171154733,0.0,102,901
discounted_sarsa,sign_shift,0.02,0.1,0.97,0,2.409987009637679,0.5017450751080034,42.695059310848976,2.442406760526641,2.477980251624126,0.5020365711495445,161.09304314138546,2.4466086660629762,0.0,102,901
discounted_sarsa,sign_shift,0.02,0.1,0.97,1,2.469465765865262,0.48984832072794954,43.04342922763173,2.5280161207823175,2.5453721211470186,0.4954632427409017,162.4223953550572,2.5160178965124915,0.0,102,901
discounted_sarsa,sign_shift,0.02,0.1,0.97,2,2.4914253590013646,0.5185927284598083,44.39089760930728,2.5265588271390724,2.456421203807225,0.5010224978271579,167.06188553372792,2.456621990937762,0.0,102,901
discounted_sarsa,sign_shift,0.02,0.1,0.97,3,2.381657008382132,0.4786861460879057,43.67653488107337,2.487103819411017,2.6249853334040005,0.5147195080296747,169.6767003485541,2.5270265815141557,0.0,102,901
discounted_sarsa,sign_shift,0.02,0.1,0.97,4,1.8645630174178232,0.5181653304144636,42.90998390447501,1.8761044786224952,1.831222224071446,0.5333977388925277,158.34624025204064,1.8298431640652104,0.0,102,901
discounted_sarsa,sign_shift,0.02,0.1,0.97,5,2.4311341261476582,0.5065070278953969,43.3618832275928,2.577211077013228,2.3709265820537895,0.5188264964951829,173.63061691757926,2.4426195722798685,0.0,102,901
discounted_sarsa,sign_shift,0.02,0.1,0.97,6,2.516291787662314,0.47694101975264275,47.34027895134187,2.680843641419771,2.40911355126039,0.46473749300949996,166.23460047557836,2.548945996892428,0.0,102,901
discounted_sarsa,sign_shift,0.02,0.1,0.97,7,2.3649054983220448,0.466862070529255,47.16662943657278,2.568367362543488,2.4920184460391854,0.4692874826221279,168.46389395444294,2.6472694344926735,0.0,102,901
discounted_sarsa,sign_shift,0.02,0.1,0.97,8,2.3148042205705943,0.5264874563207848,42.0579917084363,2.243853243695476,2.309497360196285,0.5200291497511386,167.36572641287125,2.2906839821404352,0.0,102,901
discounted_sarsa,sign_shift,0.02,0.1,0.97,9,2.3338622490725607,0.474297046968921,45.978067226856574,2.439997957012725,2.4118161959503306,0.48009689631402996,156.15995634510512,2.455679589398616,0.0,102,901
discounted_sarsa,sign_shift,0.02,0.1,0.99,0,2.3636223940829004,0.5333288130498227,42.94211171269805,2.2799439781375583,2.4143220687750317,0.5326868344707467,176.97314870290757,2.2785236438861163,0.0,102,901
discounted_sarsa,sign_shift,0.02,0.1,0.99,1,2.097677724740862,0.4729141564576613,48.03112550198463,2.3110346736497562,2.2482135791937123,0.4690344844101067,165.49205034945248,2.438275235642172,0.0,102,901
discounted_sarsa,sign_shift,0.02,0.1,0.99,2,2.4489241402145865,0.5161369013843512,47.69392805693003,2.542543698694652,2.4213353599309593,0.49844181524320474,183.60249991602663,2.476130834689,0.0,102,901
discounted_sarsa,sign_shift,0.02,0.1,0.99,3,2.373394460366798,0.4435882060134368,47.76332949047506,2.6339195872755257,2.3192574044252297,0.45526959780282766,164.4291805725029,2.4744891537328138,0.0,102,901
discounted_sarsa,sign_shift,0.02,0.1,0.99,4,2.3243204050250923,0.4568522523184057,49.39393060817681,2.5852998640099503,2.2752456204496037,0.4390132609280605,164.2421158022261,2.5145530664418403,0.0,102,901
discounted_sarsa,sign_shift,0.02,0.1,0.99,5,1.978311174617061,0.43696571958606006,54.17037715947762,2.1449525940167886,1.8914215306671076,0.42194161006000225,201.78946332808667,2.06772153556405,0.0,102,901
discounted_sarsa,sign_shift,0.02,0.1,0.99,6,2.4687794136010996,0.49559584806088,46.829368727093275,2.5345388931417547,2.406522049649319,0.494173958455025,166.23092465883616,2.4359352171915516,0.0,102,901
discounted_sarsa,sign_shift,0.02,0.1,0.99,7,2.4938417457005486,0.459238135230039,48.54897965745679,2.624850036260778,2.5325703099339343,0.4619514563781002,175.9266833911396,2.6319463458846255,0.0,102,901
discounted_sarsa,sign_shift,0.02,0.1,0.99,8,2.405586411802381,0.4987103297716637,46.71389734624618,2.463489050239233,2.5026763429155126,0.49303644973492095,177.94853972633675,2.534449271539481,0.0,102,901
discounted_sarsa,sign_shift,0.02,0.1,0.99,9,2.3252913911411346,0.5079515636953716,48.22136443548825,2.3831512028946276,2.308135658452746,0.5028140947767153,174.0960877833621,2.348488862947358,0.0,102,901
discounted_sarsa,sign_shift,0.05,0.001,0.9,0,2.555030635331489,0.5031220920531124,60.44235440770571,7.3552581883981984,2.6261822376317623,0.5053353689545674,265.772156049756,2.776661282822335,0.0,102,901
discounted_sarsa,sign_shift,0.05,0.001,0.9,1,2.570962566156388,0.4992753415526511,61.810089559996435,7.364243762179585,2.5757641601605976,0.5145868191393322,262.927672349993,2.749523059812367,0.0,102,901
discounted_sarsa,sign_shift,0.05,0.001,0.9,2,2.414283579156295,0.5171855751491669,60.147110539915296,7.230764883943383,2.3601343428194452,0.5002946661356565,258.99439213831494,2.608564265479687,0.0,102,901
discounted_sarsa,sign_shift,0.05,0.001,0.9,3,2.3731735635443045,0.5193874909321707,59.391618991274186,7.252016968464507,2.523709563947434,0.5475565339021725,262.22376009581455,2.6580672411839594,0.0,102,901
discounted_sarsa,sign_shift,0.05,0.001,0.9,4,2.5081324921027504,0.5022384960907876,61.288074408320774,7.351115282934613,2.544579259929615,0.5031586536482694,261.7886506790208,2.735860676576806,0.0,102,901
discounted_sarsa,sign_shift,0.05,0.001,0.9,5,2.5002132510709174,0.49454620402525895,59.627657511037725,7.271418188275411,2.4988509583897907,0.5004564194258748,262.5676676566184,2.7585172866848455,0.0,102,901
discounted_sarsa,sign_shift,0.05,0.001,0.9,6,2.4714331806058483,0.5105337880423292,66.1793325645139,7.260867748131599,2.3373166074257092,0.5062127404789053,256.66177330199906,2.6202834042458263,0.0,102,901
discounted_sarsa,sign_shift,0.05,0.001,0.9,7,2.5154372473049156,0.5265410223327115,58.071714171265356,7.245625013324978,2.5471326875604015,0.5310665073137271,264.87556677359765,2.7161391200007534,0.0,102,901
discounted_sarsa,sign_shift,0.05,0.001,0.9,8,2.5967254927588863,0.48830538310182525,59.726450922815566,7.215524826540607,2.5303508659477614,0.4848327313351891,262.8887721139904,2.7710654315771888,0.0,102,901
discounted_sarsa,sign_shift,0.05,0.001,0.9,9,2.5332852864995563,0.484428850070681,61.07050651994027,7.384636586304614,2.563852473455745,0.46980783960133504,261.7364175520985,2.843554593352994,0.0,102,901
discounted_sarsa,sign_shift,0.05,0.001,0.97,0,2.2472719846782687,0.47571167442287615,80.36720090715545,7.180814495415322,2.3047321214972807,0.49486579522023094,317.102540873181,2.647068859208321,0.0,102,901
discounted_sarsa,sign_shift,0.05,0.001,0.97,1,2.404848896634671,0.49037374988239096,80.84221765521461,7.362245843574968,2.410479308303755,0.4975550960201611,327.5938651344827,2.6646682683391685,0.0,102,901
discounted_sarsa,sign_shift,0.05,0.001,0.97,2,2.5724321008082773,0.48788873678341005,84.98572989058974,7.43261273456941,2.5988127861145762,0.48515570186811396,346.3856680897724,2.8704088382265174,0.0,102,901
discounted_sarsa,sign_shift,0.05,0.001,0.97,3,2.202081515144723,0.43194380390474485,84.3331936326981,7.163594616708585,2.237032586843641,0.4637470244726922,321.6587142793914,2.536888892535023,0.0,102,901
discounted_sarsa,sign_shift,0.05,0.001,0.97,4,2.194257795135532,0.40468708965217076,96.974546434258,7.218615974411188,2.2138354973797396,0.39290689004025503,335.45055992952956,2.824006796683733,0.0,102,901
discounted_sarsa,sign_shift,0.05,0.001,0.97,5,2.3297790831903384,0.4986349536974909,78.19589801640744,7.276428998347872,2.500612693328782,0.5415003908435181,353.8280536504155,2.556364871207713,0.0,102,901
discounted_sarsa,sign_shift,0.05,0.001,0.97,6,2.064167528174728,0.49307249939594017,83.16510556278605,7.0949810544286285,1.9352380405660723,0.4999658620497243,319.03479903599157,2.2102555610376093,0.0,102,901
discounted_sarsa,sign_shift,0.05,0.001,0.97,7,1.7973174448685079,0.3895376563293702,92.79384429381096,6.7997111626236615,1.6100776418514038,0.3237822517375621,335.99654538806794,2.2527709444176613,0.0,102,901
discounted_sarsa,sign_shift,0.05,0.001,0.97,8,2.5914118808358086,0.5128522870793517,78.64285384623801,7.298518983459276,2.4904826079904465,0.5152832727810001,338.53760388644014,2.6350109362997043,0.0,102,901
discounted_sarsa,sign_shift,0.05,0.001,0.97,9,2.631359024337172,0.4831440287442346,82.38209612223659,7.5397608732234325,2.67637003918785,0.49717974797886566,338.8816835722256,2.845622285847851,0.0,102,901
discounted_sarsa,sign_shift,0.05,0.001,0.99,0,2.3813013190113885,0.5250242486090998,87.4396572673838,7.242070783585816,2.3200399786018773,0.5079660844665905,366.92339997087396,2.587103537343205,0.0,102,901
discounted_sarsa,sign_shift,0.05,0.001,0.99,1,2.3446958982716617,0.4584492817207427,93.06093162174716,7.329228833122709,2.3460575322878356,0.4538100889990038,355.8743838164493,2.8261176866251256,0.0,102,901
discounted_sarsa,sign_shift,0.05,0.001,0.99,2,2.2483048974624436,0.43981411980245444,95.32675623047221,7.177845002887934,2.22201267504126,0.438135698080157,331.2852669496723,2.657603545298815,0.0,102,901
discounted_sarsa,sign_shift,0.05,0.001,0.99,3,2.4556035792582183,0.462752936019553,92.51670978318492,7.37788711143174,2.6210733254495415,0.4850069181113043,364.1103536242987,2.87176068549564,0.0,102,901
discounted_sarsa,sign_shift,0.05,0.001,0.99,4,1.6605172269664883,0.36290207805353,109.64671445503356,6.907955438571872,1.498642139485053,0.3384047869252725,366.04037559635094,2.077679142093038,0.0,102,901
discounted_sarsa,sign_shift,0.05,0.001,0.99,5,2.5141341396258388,0.4546134080574514,89.79446317753856,7.421842655701282,2.4887288428389995,0.4530074823484164,349.3502999076458,2.9021414383386,0.0,102,901
discounted_sarsa,sign_shift,0.05,0.001,0.99,6,2.2926080843852095,0.4065626888822822,112.0095952158726,7.323235860229049,2.2561280894486875,0.3950051783061545,337.94537276094724,2.798048922649066,0.0,102,901
discounted_sarsa,sign_shift,0.05,0.001,0.99,7,1.9761925251094152,0.39689330033679276,99.96901226214155,6.954999197045425,1.9363625508014093,0.3742192693846433,350.86008466892116,2.4805795212976673,0.0,102,901
discounted_sarsa,sign_shift,0.05,0.001,0.99,8,2.5749315365183567,0.5032013102840678,92.38406792861119,7.344956329992709,2.380909017734636,0.48574226451554503,345.1897744857577,2.690694341925758,0.0,102,901
discounted_sarsa,sign_shift,0.05,0.001,0.99,9,2.3039110496057007,0.4212323537360584,96.05366946186005,7.335603708342179,2.3662265845676047,0.45081432995392473,335.7331236079271,2.7537224245819183,0.0,102,901
discounted_sarsa,sign_shift,0.05,0.003,0.9,0,2.383676177593034,0.5541664670249942,60.199518664006035,4.220921516088102,2.3335222122810593,0.5548644351911541,260.0170861339571,2.3595555492869806,0.0,102,901
discounted_sarsa,sign_shift,0.05,0.003,0.9,1,2.558399589789763,0.49531046972781106,59.64993069969798,4.43211224990139,2.606086221995205,0.5083878899048254,263.9734707370885,2.7227212131664755,0.0,102,901
discounted_sarsa,sign_shift,0.05,0.003,0.9,2,2.635709704118537,0.5330903625726081,59.63568987028839,4.386703479295682,2.565358717748373,0.5101098386422207,264.0396910444523,2.6561114367147916,0.0,102,901
discounted_sarsa,sign_shift,0.05,0.003,0.9,3,2.3656200051694602,0.4907865733126564,62.80541633851933,4.339003444354296,2.5939866291147857,0.5151957802777416,264.6219776728875,2.819101954166052,0.0,102,901
discounted_sarsa,sign_shift,0.05,0.003,0.9,4,2.5558253452174267,0.5045299003796928,63.951790862446614,4.403606944638228,2.547406867887925,0.5105324065863875,262.7078891605585,2.7202684236182924,0.0,102,901
discounted_sarsa,sign_shift,0.05,0.003,0.9,5,2.591018214314435,0.47768746163038756,61.29637695539699,4.388592284688847,2.6055385145518746,0.4944817927831505,266.5277310786403,2.812190023709956,0.0,102,901
discounted_sarsa,sign_shift,0.05,0.003,0.9,6,2.582813670682069,0.46081154246461564,66.70615078403507,4.453248790728029,2.495876378214061,0.464515974719126,261.93672893329807,2.8591006503974774,0.0,102,901
discounted_sarsa,sign_shift,0.05,0.003,0.9,7,2.5195216128568108,0.51421127201531,58.27003099949157,4.290172975506504,2.6061452929761657,0.5089191270339251,264.4854532514795,2.7714042050822267,0.0,102,901
discounted_sarsa,sign_shift,0.05,0.003,0.9,8,2.6744300357913917,0.5250474899748788,60.24381869815774,4.309919705237239,2.574368394869402,0.528304862398145,264.3656118103295,2.6125722062661736,0.0,102,901
discounted_sarsa,sign_shift,0.05,0.003,0.9,9,2.4046735915609205,0.49509885358230243,61.462977165697104,4.324387734795309,2.5185436955432206,0.5000123250354012,262.2148154655311,2.69207584049726,0.0,102,901
discounted_sarsa,sign_shift,0.05,0.003,0.97,0,2.4402873338235374,0.493044658740126,80.0921593101067,4.378466603993044,2.5369000287878865,0.48892402556577286,330.4871527804506,2.716308001779852,0.0,102,901
discounted_sarsa,sign_shift,0.05,0.003,0.97,1,2.1080073068561402,0.38853569516966674,94.65853821929983,4.240877461807009,2.3449015014412167,0.3957479346331596,325.3501658671558,2.9153925050289566,0.0,102,901
discounted_sarsa,sign_shift,0.05,0.003,0.97,2,2.229905454881678,0.4874906997067,79.53636972821717,4.173087193678929,2.2414668638612496,0.487713160451953,317.4073568364601,2.4923467255194605,0.0,102,901
discounted_sarsa,sign_shift,0.05,0.003,0.97,3,2.2793186929012568,0.4935300036776658,83.11423915459827,4.310292867160269,2.3749424417875153,0.5473939362655481,347.3250255418516,2.4493086049289947,0.0,102,901
discounted_sarsa,sign_shift,0.05,0.003,0.97,4,2.051744441909784,0.43477936859283794,88.27984743725722,4.163373193423132,2.1272261386683127,0.44259482152744406,307.22237663363006,2.478997800094472,0.0,102,901
discounted_sarsa,sign_shift,0.05,0.003,0.97,5,2.184666077437423,0.47029106809628746,82.96880573572804,4.222098120705492,2.234045354993729,0.45464043377583857,312.6094635012232,2.658944462465506,0.0,102,901
discounted_sarsa,sign_shift,0.05,0.003,0.97,6,2.4355561569661726,0.45018448293801877,91.29315232769518,4.412266407807518,2.263735215760861,0.4266331309062848,319.5899912401852,2.796451438507202,0.0,102,901
discounted_sarsa,sign_shift,0.05,0.003,0.97,7,2.3063408910947714,0.5182311188097181,77.04802697731144,4.240781660085241,2.404910422840458,0.53367116193379,346.0216602397364,2.551479335156444,0.0,102,901
discounted_sarsa,sign_shift,0.05,0.003,0.97,8,2.208891354476815,0.39598413958456535,94.6084493798703,4.197052953084905,2.2391373956264733,0.3669728696522137,332.4484501444536,2.866464120462666,0.0,102,901
discounted_sarsa,sign_shift,0.05,0.003,0.97,9,2.4414354248794212,0.44948356802365164,89.05182048396914,4.387489707744718,2.488317054398298,0.4406604456835603,312.3191448829964,2.8553673114053972,0.0,102,901
discounted_sarsa,sign_shift,0.05,0.003,0.99,0,2.2936600011692563,0.4447508067617801,97.08723448678455,4.224999328927236,2.216514087203076,0.425168612237108,347.37995018625776,2.6163704998008197,0.0,102,901
discounted_sarsa,sign_shift,0.05,0.003,0.99,1,1.9545001020145796,0.4771279185534215,93.9633337389903,4.0936237466624705,2.038469750499802,0.47331533200120207,330.92393825942054,2.2588149109060844,0.0,102,901
discounted_sarsa,sign_shift,0.05,0.003,0.99,2,1.8559809818859447,0.33747499430943034,121.35142962736946,3.9630889411822587,1.636855975569755,0.2947750197898782,408.15799533421915,2.352206848278969,0.0,102,901
discounted_sarsa,sign_shift,0.05,0.003,0.99,3,2.1448656590493558,0.4899927805922248,91.0392505449383,4.231684452751241,2.3590109003583946,0.5482105209759599,376.24372693152134,2.581201365252889,0.0,102,901
discounted_sarsa,sign_shift,0.05,0.003,0.99,4,2.279474146660161,0.45446876379139234,91.59336108789171,4.2947505943635464,2.463155668220019,0.477135481104255,338.14141494527877,2.7156629382204027,0.0,102,901
discounted_sarsa,sign_shift,0.05,0.003,0.99,5,2.530754609944906,0.45238159739701034,90.91379567236064,4.459229627525246,2.45056339628992,0.4539816031292184,348.6123677803346,2.831262507365419,0.0,102,901
discounted_sarsa,sign_shift,0.05,0.003,0.99,6,2.2073118794872637,0.39941105500533125,103.9501228968934,4.224145200806161,2.095717347086621,0.367253469530721,346.5318448272288,2.6799970647905704,0.0,102,901
discounted_sarsa,sign_shift,0.05,0.003,0.99,7,2.197020929896187,0.41156176814521933,102.85570299187235,4.1333207895919974,2.2819678923627507,0.3976238259576525,352.93681937334094,2.8327791445848134,0.0,102,901
discounted_sarsa,sign_shift,0.05,0.003,0.99,8,1.7740197086157186,0.4075365692507698,104.68806532697327,3.8419514465585,1.702694411626204,0.39191696664813713,355.6888197905508,2.1750804280845446,0.0,102,901
discounted_sarsa,sign_shift,0.05,0.003,0.99,9,2.349963752844613,0.5235501231929717,92.06108716764679,4.3799184321445495,2.41678535373216,0.5343120393218227,373.91947560245137,2.537002429022853,0.0,102,901
discounted_sarsa,sign_shift,0.05,0.01,0.9,0,2.416762152936463,0.5298730485205864,60.03412186459878,3.036871831235575,2.4597493302411824,0.5313940324740868,258.77971338048513,2.5716043230918553,0.0,102,901
discounted_sarsa,sign_shift,0.05,0.01,0.9,1,2.384447551224614,0.4917081651213708,57.86201072588734,3.042097846973551,2.489248470686917,0.49823008010340025,260.45114953113773,2.6081509506251,0.0,102,901
discounted_sarsa,sign_shift,0.05,0.01,0.9,2,2.5913191671101194,0.5332722279026281,61.41432615721696,3.193268388512518,2.5094585265319176,0.5209976747038612,266.9428614485001,2.657296328935796,0.0,102,901
discounted_sarsa,sign_shift,0.05,0.01,0.9,3,2.4028471383700545,0.4955829050328249,60.48778957461318,3.0773179091820175,2.6242585476449842,0.52815115593328,265.751269051262,2.701559669001871,0.0,102,901
discounted_sarsa,sign_shift,0.05,0.01,0.9,4,2.32156460164548,0.485791070543018,60.75223295668622,3.1073212091363858,2.4411137324021412,0.5094657584334837,259.5957662113197,2.678506031957188,0.0,102,901
discounted_sarsa,sign_shift,0.05,0.01,0.9,5,2.50204095533062,0.5028668648214238,61.45913686529451,3.22358332716761,2.4288303962985314,0.5080276572489869,259.45084190057963,2.6725849775933486,0.0,102,901
discounted_sarsa,sign_shift,0.05,0.01,0.9,6,2.4883211279667323,0.44348117831076295,72.1215801747596,3.3462529680946607,2.4650108630888794,0.4435267068802204,262.23304428884893,2.8278680727557015,0.0,102,901
discounted_sarsa,sign_shift,0.05,0.01,0.9,7,2.5209138637776367,0.5376736664180117,60.869512648542695,3.044409292551634,2.6025015961548084,0.5433156791445515,266.20775680632636,2.61968194496916,0.0,102,901
discounted_sarsa,sign_shift,0.05,0.01,0.9,8,2.564106230566427,0.5290180274549998,61.34981819804858,3.084532877325013,2.4509146444879315,0.5419392402891564,262.17724846983316,2.4414216467260093,0.0,102,901
discounted_sarsa,sign_shift,0.05,0.01,0.9,9,2.4669356041266544,0.4576614460984788,63.48292637170398,3.302110368455775,2.3770526270005434,0.45622682647016327,258.1709579254814,2.7751566397881415,0.0,102,901
discounted_sarsa,sign_shift,0.05,0.01,0.97,0,2.2792043139538016,0.4890409338872098,83.23350042817623,2.9612147401121502,2.256646007863205,0.49325298749908586,333.4973077125947,2.4031883374106155,0.0,102,901
discounted_sarsa,sign_shift,0.05,0.01,0.97,1,2.1867494514178465,0.4484391960386968,82.89074601564491,2.9873316789485886,2.1645160518986106,0.4449191901321071,316.67678519935515,2.523886692233287,0.0,102,901
discounted_sarsa,sign_shift,0.05,0.01,0.97,2,2.42695728390539,0.4866911255594512,78.66939836562507,3.14054443741361,2.512866109653728,0.494660143165985,335.30109782796296,2.6982709044956295,0.0,102,901
discounted_sarsa,sign_shift,0.05,0.01,0.97,3,2.213942735226249,0.46168872685484663,81.79282743389237,3.0317533038865996,2.4014413400977923,0.4920641556048219,328.5124404804646,2.7385324184583317,0.0,102,901
discounted_sarsa,sign_shift,0.05,0.01,0.97,4,2.394665751361881,0.4431508553458851,87.46228452303791,3.2367387818496356,2.3560521064596176,0.44276852878366535,320.5978840181079,2.781564261587457,0.0,102,901
discounted_sarsa,sign_shift,0.05,0.01,0.97,5,2.4326748767868716,0.501431590359335,76.87735190751971,3.1012142786482464,2.4274838158001053,0.5210776445090437,342.7800648979435,2.5400572812588638,0.0,102,901
discounted_sarsa,sign_shift,0.05,0.01,0.97,6,2.4625843567780774,0.4447012443616609,89.67817383203487,3.3538329399664817,2.4037893814550264,0.43598499621197045,324.9582993095581,2.83553354040643,0.0,102,901
discounted_sarsa,sign_shift,0.05,0.01,0.97,7,2.091569803973656,0.36419045779969966,97.01067696134304,3.1244244333678117,2.076120444686619,0.3393873764056597,353.40582971522554,2.792505879191959,0.0,102,901
discounted_sarsa,sign_shift,0.05,0.01,0.97,8,2.4592932042128868,0.40613365063911705,89.80382760357257,3.396743307108711,2.309045737693044,0.38519988859408183,332.81719240102154,2.881828635563847,0.0,102,901
discounted_sarsa,sign_shift,0.05,0.01,0.97,9,2.0191194921092768,0.4063384777468187,95.94354629146383,2.8865028094049507,1.87236100740095,0.37215803459829067,335.34156962171295,2.446186880721214,0.0,102,901
discounted_sarsa,sign_shift,0.05,0.01,0.99,0,2.2527225056625664,0.4792644568241545,90.3693839529381,2.975589417757281,2.339255761206771,0.48529797551214343,337.4838436280753,2.5886683169588567,0.0,102,901
discounted_sarsa,sign_shift,0.05,0.01,0.99,1,1.9616101690481593,0.3881263210117014,104.94348269573145,2.85969989067493,2.1125178226156907,0.4086750183754001,323.94496675205215,2.5526054075229534,0.0,102,901
discounted_sarsa,sign_shift,0.05,0.01,0.99,2,2.4082692420614893,0.5058447459169731,87.43365401602766,3.122321466873726,2.4150649619440956,0.5072002574777362,362.0677750375635,2.6063083186423057,0.0,102,901
discounted_sarsa,sign_shift,0.05,0.01,0.99,3,2.313569556647821,0.4711826736212507,91.8086815753032,3.077295270704216,2.4281874232732945,0.49822888011093486,368.0425342789427,2.6638411910820854,0.0,102,901
discounted_sarsa,sign_shift,0.05,0.01,0.99,4,2.137778037916641,0.4311673530955511,97.82676984230719,3.063903918247371,2.3333859912558506,0.45253977007850194,346.8592340895263,2.7520524414311227,0.0,102,901
discounted_sarsa,sign_shift,0.05,0.01,0.99,5,2.1913292118874597,0.4819478244176451,88.07423503408047,2.934477317839159,2.343265009272261,0.5245271417836147,365.7306329034614,2.454376271960733,0.0,102,901
discounted_sarsa,sign_shift,0.05,0.01,0.99,6,2.5303499049317466,0.5158463981896246,94.08762280312986,3.142160742571753,2.5704687767386325,0.5154598525214477,368.7439654083903,2.632975117815291,0.0,102,901
discounted_sarsa,sign_shift,0.05,0.01,0.99,7,1.3305420203501017,0.3160091638080637,120.68484608226747,2.2055443508314427,1.3164802330990901,0.29263235757361084,441.7320171425805,1.9117105632645488,0.0,102,901
discounted_sarsa,sign_shift,0.05,0.01,0.99,8,2.402503420515748,0.47516572857002426,91.18783341148536,3.145834228159178,2.3722476518038578,0.45231498297195794,337.4256533127079,2.7306043343362334,0.0,102,901
discounted_sarsa,sign_shift,0.05,0.01,0.99,9,2.262128598726525,0.47643904583222724,96.13249854643676,3.041736319230356,2.2831721486188465,0.4631571149392106,340.00260192818564,2.606807114595082,0.0,102,901
discounted_sarsa,sign_shift,0.05,0.03,0.9,0,2.3453974017001102,0.5022466912616114,63.16954159907936,2.612773125674974,2.340846207570765,0.5011567697916657,256.5127247688802,2.462756781652939,0.0,102,901
discounted_sarsa,sign_shift,0.05,0.03,0.9,1,2.5222000580676798,0.4945802676083326,61.923539795845635,2.802953818204505,2.4985018546648345,0.514180588507782,261.74368235232885,2.6021750642092187,0.0,102,901
discounted_sarsa,sign_shift,0.05,0.03,0.9,2,2.5495906786302727,0.5226863695711375,59.8063640075105,2.7807637675462775,2.4998573338345618,0.5052898177267124,260.7970756982868,2.6109176464114414,0.0,102,901
discounted_sarsa,sign_shift,0.05,0.03,0.9,3,2.1803345182009997,0.48168707574975406,59.5285534470009,2.6708558999855927,2.2081666152447625,0.5074452783833674,254.22830610119928,2.5019769446704125,0.0,102,901
discounted_sarsa,sign_shift,0.05,0.03,0.9,4,2.3136298850067245,0.447428108171213,63.86808197316746,2.84817229340091,2.488793456978029,0.4776164928808345,260.42010666325274,2.79498086659258,0.0,102,901
discounted_sarsa,sign_shift,0.05,0.03,0.9,5,2.5009778852226523,0.48236546112428164,62.059163561338735,2.820977381794022,2.5221217195218046,0.48845227304563565,260.60388883049757,2.7303840053208273,0.0,102,901
discounted_sarsa,sign_shift,0.05,0.03,0.9,6,2.6362373875879976,0.5382312221845775,62.78869689391103,2.869398127843103,2.5485759061278817,0.5198496517441612,262.840222914065,2.6928230297634803,0.0,102,901
discounted_sarsa,sign_shift,0.05,0.03,0.9,7,2.5401326098394788,0.5322455117716203,58.29859575217142,2.653583640637247,2.6506512978214674,0.5417638898399725,269.82274483895446,2.5907438961093163,0.0,102,901
discounted_sarsa,sign_shift,0.05,0.03,0.9,8,2.786799965472634,0.5129717211388622,62.366184760092985,2.910412642995374,2.621702608991992,0.4917793215610165,264.1921273872897,2.7187283529301376,0.0,102,901
discounted_sarsa,sign_shift,0.05,0.03,0.9,9,2.624245139782139,0.4837881150899665,61.463569725359356,2.9523437702678588,2.628628246135018,0.5036420166390037,264.47093787596935,2.6976905779400195,0.0,102,901
discounted_sarsa,sign_shift,0.05,0.03,0.97,0,1.9442613904227597,0.4412268673313257,87.09201665532865,2.3575868574945233,1.8660916350759138,0.43238706211892786,306.58205089949786,2.15170274146197,0.0,102,901
discounted_sarsa,sign_shift,0.05,0.03,0.97,1,2.1405973472545123,0.3815443687538345,98.36876841268565,2.8166157188515486,2.361107936275505,0.3995092464236663,328.3259549729249,2.843977393616591,0.0,102,901
discounted_sarsa,sign_shift,0.05,0.03,0.97,2,1.7773448863773398,0.3854842016793542,99.8217308738551,2.2944992841142016,1.511666310695672,0.34243391092584335,333.3461029321158,1.9990936022817716,0.0,102,901
discounted_sarsa,sign_shift,0.05,0.03,0.97,3,2.2129329827438338,0.46480497831360285,81.25700115729923,2.5605778833568458,2.296487178959515,0.5003678526493782,327.9913073112574,2.411337546738406,0.0,102,901
discounted_sarsa,sign_shift,0.05,0.03,0.97,4,2.085342043256136,0.46463047382715894,84.50354496497442,2.4596100646416668,1.9659182613562256,0.4672180593490554,309.71211413534655,2.164178620656338,0.0,102,901
discounted_sarsa,sign_shift,0.05,0.03,0.97,5,2.346785549250338,0.482303552135541,81.05248898007213,2.6864239146415803,2.428919586805426,0.4959736935557072,327.2968983627038,2.646097102129657,0.0,102,901
discounted_sarsa,sign_shift,0.05,0.03,0.97,6,2.2926766033730885,0.49115036401451284,85.07436879975803,2.74005758835645,2.3793873797190583,0.5059450310757975,329.0407301542131,2.628431021935854,0.0,102,901
discounted_sarsa,sign_shift,0.05,0.03,0.97,7,2.4237856131131346,0.4435745010754375,87.1986742070141,2.887684630544511,2.53235128052004,0.44826005573622135,334.6527697326642,2.8317914001413382,0.0,102,901
discounted_sarsa,sign_shift,0.05,0.03,0.97,8,2.574087470383214,0.5327912463759817,79.24886554403555,2.776872570333909,2.439958400611409,0.5285392885592713,339.401563608508,2.5701254281453907,0.0,102,901
discounted_sarsa,sign_shift,0.05,0.03,0.97,9,2.4670066823276584,0.44980501636185416,87.07901075044087,2.987792393031627,2.500833961046141,0.45258754000192547,324.93394760682463,2.825758758959523,0.0,102,901
discounted_sarsa,sign_shift,0.05,0.03,0.99,0,2.3575893781140085,0.5119219447554776,90.41570545987778,2.622725316432763,2.312607648434739,0.5011183612418045,358.5174881623181,2.494929803762726,0.0,102,901
discounted_sarsa,sign_shift,0.05,0.03,0.99,1,2.1817192538532106,0.44104519068230796,96.67588112382055,2.692323465198851,2.091978420195648,0.4419153511713454,348.13933783745074,2.472719511727684,0.0,102,901
discounted_sarsa,sign_shift,0.05,0.03,0.99,2,2.4328993909404404,0.5053339683498189,89.0926217473585,2.696262456600154,2.3914675205772107,0.5013717268856321,353.4080101186061,2.5338995342034427,0.0,102,901
discounted_sarsa,sign_shift,0.05,0.03,0.99,3,2.3493360151972933,0.4646941505608074,91.25750708086562,2.7729488797090087,2.624730394201368,0.4924000266187704,360.7670522800382,2.778095489745981,0.0,102,901
discounted_sarsa,sign_shift,0.05,0.03,0.99,4,2.4606568129909085,0.4558919031699339,92.3090879020367,2.930587572515168,2.4612263760983693,0.45646307622230115,345.9699062176921,2.765504994432624,0.0,102,901
discounted_sarsa,sign_shift,0.05,0.03,0.99,5,1.836420098908796,0.39891105233027363,102.12044626206352,2.301294530554918,1.6433647592519547,0.3720510556479503,341.68654558874584,2.0557907947225833,0.0,102,901
discounted_sarsa,sign_shift,0.05,0.03,0.99,6,2.246775529245754,0.47914862670159786,91.15515715298626,2.5582536201760826,2.2259206432431213,0.5012660271772613,348.8930120503306,2.3018366183900225,0.0,102,901
discounted_sarsa,sign_shift,0.05,0.03,0.99,7,1.5725156498889696,0.31170112974201464,114.7135518980913,2.205817019379102,1.5097240304377821,0.2902623440171722,395.95433391187294,2.0738991630846964,0.0,102,901
discounted_sarsa,sign_shift,0.05,0.03,0.99,8,2.521351917702473,0.5338498623134317,89.18948050486495,2.6835099579925803,2.3526636773034366,0.5227912807237151,357.7229415718536,2.4598527847084295,0.0,102,901
discounted_sarsa,sign_shift,0.05,0.03,0.99,9,2.2864142529026523,0.45645347249480667,98.22960872781549,2.713807262800026,2.3151159717184684,0.44886269282763275,345.0718943007267,2.570761522146271,0.0,102,901
discounted_sarsa,sign_shift,0.05,0.1,0.9,0,2.5775674312363175,0.4897134755170619,62.04545738445468,2.583094332842574,2.6207101759131635,0.48737073409179626,264.6418333005168,2.5450358079483757,0.0,102,901
discounted_sarsa,sign_shift,0.05,0.1,0.9,1,2.3308472500248616,0.46789371125773516,64.83579219281495,2.429943995272401,2.4534898161268575,0.4724059321476494,258.81454515636835,2.494846258081925,0.0,102,901
discounted_sarsa,sign_shift,0.05,0.1,0.9,2,2.605761160255645,0.5167153843936232,60.29853295089718,2.526939449562572,2.5199651931032143,0.4977826166505009,261.3076580452432,2.4327751936066617,0.0,102,901
discounted_sarsa,sign_shift,0.05,0.1,0.9,3,2.477232901192057,0.4996486955829446,60.6024499966945,2.4553258481361846,2.60872033489002,0.5257206727143175,267.58239180409015,2.445934858346839,0.0,102,901
discounted_sarsa,sign_shift,0.05,0.1,0.9,4,2.4126631436090724,0.49674223415358854,63.82596060571677,2.4439163156030093,2.5535875309190423,0.5137954191532639,262.3995078166057,2.4906763370904215,0.0,102,901
discounted_sarsa,sign_shift,0.05,0.1,0.9,5,2.519710666009961,0.47566514993537423,61.24422204947827,2.713010408101778,2.494121843520256,0.4782090206070102,264.28987293442793,2.607147552514368,0.0,102,901
discounted_sarsa,sign_shift,0.05,0.1,0.9,6,2.5145971729138434,0.4922841182078037,61.81463275244356,2.5154096079714963,2.488463318631844,0.47258265794202764,261.2984534689086,2.5005041240696926,0.0,102,901
discounted_sarsa,sign_shift,0.05,0.1,0.9,7,2.3293169409308785,0.5453404094916466,60.61288550636411,2.2497892543628155,2.370156116369211,0.5443837516697329,257.9602230588476,2.2446248228738988,0.0,102,901
discounted_sarsa,sign_shift,0.05,0.1,0.9,8,2.6167635370378153,0.5106085391507055,58.59572103434793,2.5406239985732624,2.544961102908299,0.5068414915837967,262.63057765635136,2.480388017952232,0.0,102,901
discounted_sarsa,sign_shift,0.05,0.1,0.9,9,2.596397776457359,0.5097700591926965,62.47138374999425,2.5220373684882667,2.6453434394849475,0.49803297419499354,265.68349839939475,2.5304359557016047,0.0,102,901
discounted_sarsa,sign_shift,0.05,0.1,0.97,0,2.3635585701654636,0.527942333763486,79.6390283257346,2.309677913378345,2.351578537359496,0.5357127461373922,346.92554458217825,2.2593540955136997,0.0,102,901
discounted_sarsa,sign_shift,0.05,0.1,0.97,1,2.397196758010833,0.4415601863040127,85.21764715554269,2.6823303840346657,2.400664605003497,0.46348516719208593,332.52397756219426,2.576182346088647,0.0,102,901
discounted_sarsa,sign_shift,0.05,0.1,0.97,2,2.5105342014347665,0.4834212397018371,83.21974659628017,2.611831770359073,2.4296653328461875,0.4508502945903824,320.48962570369986,2.585411149069933,0.0,102,901
discounted_sarsa,sign_shift,0.05,0.1,0.97,3,2.302512730582163,0.4413312370313947,81.75224527546675,2.4754280790030476,2.499734065065495,0.4729827456774894,332.3933324069943,2.5207564896119643,0.0,102,901
discounted_sarsa,sign_shift,0.05,0.1,0.97,4,2.329034282457443,0.4534349566681274,84.54776823069432,2.5586905899821026,2.3398001442269707,0.46447221134513117,320.2509599803038,2.496450807421647,0.0,102,901
discounted_sarsa,sign_shift,0.05,0.1,0.97,5,2.3611728401357017,0.5308880252547289,78.62914430551005,2.3135638680693185,2.4284496124662223,0.5337647472924487,344.5684600474053,2.2519262002477562,0.0,102,901
discounted_sarsa,sign_shift,0.05,0.1,0.97,6,2.3115919746710034,0.4566222718341754,85.70659302670397,2.471632214211979,2.2710095434251194,0.46724056796428176,313.41510465967616,2.3631379566268063,0.0,102,901
discounted_sarsa,sign_shift,0.05,0.1,0.97,7,2.3497457856679933,0.4398569384008234,81.66271721848744,2.6266305496658218,2.336359761787671,0.4059113261309033,320.5721412395065,2.6452413981097544,0.0,102,901
discounted_sarsa,sign_shift,0.05,0.1,0.97,8,2.0503477854053744,0.4189325613758993,95.92761988941152,2.115812801092398,1.7070946011268773,0.3817264509875014,305.5787820683271,1.9059803012035021,0.0,102,901
discounted_sarsa,sign_shift,0.05,0.1,0.97,9,2.524316552373982,0.4930235960069366,82.62955517847818,2.513318393243612,2.6361672668064275,0.49163108058165234,339.58960973861883,2.547070573945515,0.0,102,901
discounted_sarsa,sign_shift,0.05,0.1,0.99,0,1.8895809496185967,0.4057135610063496,101.92481127731438,2.0906409127387233,1.9374227097879744,0.407217337401773,325.0623458144862,2.138942653951014,0.0,102,901
discounted_sarsa,sign_shift,0.05,0.1,0.99,1,1.6396455286098,0.35027212254943807,113.10751405237748,2.0560757373265695,1.6117742996806115,0.3318339621229693,384.2409891567994,2.0464834741281446,0.0,102,901
discounted_sarsa,sign_shift,0.05,0.1,0.99,2,2.611089134395402,0.4652132699452356,96.66152563133092,2.7243084508344486,2.5793447232683104,0.4503946707708351,360.80384984334404,2.6688863611424543,0.0,102,901
discounted_sarsa,sign_shift,0.05,0.1,0.99,3,2.429786703969026,0.5019970253008615,87.6447352503215,2.4572036356747415,2.575521518335728,0.5355520294780253,384.9655379825362,2.4334862288479617,0.0,102,901
discounted_sarsa,sign_shift,0.05,0.1,0.99,4,2.217804065273802,0.5169173481471052,89.11332605584413,2.2437284869697915,2.3541534240329973,0.5486940940050055,388.7021409339098,2.2653189707440604,0.0,102,901
discounted_sarsa,sign_shift,0.05,0.1,0.99,5,2.31269434198383,0.5083925051846432,87.65629712551801,2.406356336817438,2.409204198459192,0.5011674574024244,358.98773785001396,2.4073663617661456,0.0,102,901
discounted_sarsa,sign_shift,0.05,0.1,0.99,6,2.435796949128595,0.4506076600522259,102.33739334765181,2.607803817983554,2.361305921196858,0.44262402331404793,344.32174852633045,2.5320843918710145,0.0,102,901
discounted_sarsa,sign_shift,0.05,0.1,0.99,7,2.4450514339472886,0.48661338335755855,88.28254822065861,2.429046248704192,2.3650400344276106,0.49508995978199494,353.5641355801155,2.351516192751809,0.0,102,901
discounted_sarsa,sign_shift,0.05,0.1,0.99,8,2.4865390856444813,0.49157042165180065,93.446242283277,2.5364727022453146,2.3158758168778135,0.48959902282824713,339.4026214271399,2.3928593723783007,0.0,102,901
discounted_sarsa,sign_shift,0.05,0.1,0.99,9,1.9936202658778346,0.43106415390498803,96.92326637076229,2.2518604753328195,1.8289515874310653,0.38968238843225156,322.6968924195487,2.120485364527067,0.0,102,901
discounted_sarsa,sign_shift,0.1,0.001,0.9,0,2.462903421712214,0.5517732341890084,87.90507598284,7.162129308043859,2.457211736945893,0.5289869075424863,374.5610070664283,2.6718713656138218,0.0,102,901
discounted_sarsa,sign_shift,0.1,0.001,0.9,1,2.468310292796469,0.49855317582465597,89.61243395829912,7.291438426111315,2.4995153415170743,0.5183128647602143,378.8657256666238,2.686970040979333,0.0,102,901
discounted_sarsa,sign_shift,0.1,0.001,0.9,2,2.5969632961052027,0.5088290979868679,88.24696336836074,7.269264522176746,2.5477301383098725,0.494102912934446,384.0722556006731,2.7369859965920535,0.0,102,901
discounted_sarsa,sign_shift,0.1,0.001,0.9,3,2.322111361849639,0.5059444392366749,88.52973894778795,7.220749354944351,2.4711046877195195,0.5313229612002274,375.0480326649499,2.673658511961704,0.0,102,901
discounted_sarsa,sign_shift,0.1,0.001,0.9,4,2.4067587732681175,0.4928665687052018,92.43052799359816,7.275424841664292,2.463421076284529,0.5070691396443563,378.9195469677069,2.6928624932811167,0.0,102,901
discounted_sarsa,sign_shift,0.1,0.001,0.9,5,2.524272561203536,0.5176059025984923,87.15201317173049,7.265281739523749,2.567970476985145,0.5179806084302266,379.03818107752556,2.710579591019716,0.0,102,901
discounted_sarsa,sign_shift,0.1,0.001,0.9,6,2.4169213831081655,0.5299869448518935,91.33650165324131,7.272652820354985,2.454491035085995,0.5533871899561313,372.4404892952185,2.5202201619430733,0.0,102,901
discounted_sarsa,sign_shift,0.1,0.001,0.9,7,2.4491220912098743,0.5263914156864575,93.80723698794372,7.164932967462959,2.527424060063811,0.5315535313315661,373.31913230226115,2.690317636500435,0.0,102,901
discounted_sarsa,sign_shift,0.1,0.001,0.9,8,2.7152383499675796,0.53002107714716,94.25340053400977,7.234525112342825,2.600438156915112,0.5296596010493193,381.0112519034163,2.655275152215229,0.0,102,901
discounted_sarsa,sign_shift,0.1,0.001,0.9,9,2.625043797490142,0.5055195878305326,94.60860923064683,7.41481094814474,2.6088358204793365,0.5217177812938122,382.30746751363506,2.781064949116981,0.0,102,901
discounted_sarsa,sign_shift,0.1,0.001,0.97,0,2.373838774885657,0.4147196639772336,134.06190014163747,7.235822049925691,2.381543729107276,0.3894583299855933,524.0987458297999,2.943179995230694,0.0,102,901
discounted_sarsa,sign_shift,0.1,0.001,0.97,1,2.1940708353170293,0.4389025745826873,126.84002613447186,7.281389701222474,2.339969869370091,0.46104603811553585,527.9813139213152,2.7603560577835955,0.0,102,901
discounted_sarsa,sign_shift,0.1,0.001,0.97,2,2.446629258661973,0.43263521835497054,130.183707081879,7.375712830907821,2.3800989241282138,0.4097962370549784,525.0570943910126,2.8617230589733715,0.0,102,901
discounted_sarsa,sign_shift,0.1,0.001,0.97,3,2.4472882840551127,0.46523087732228774,131.6398214596011,7.413953739335879,2.696213642169432,0.500177198676496,572.9388459869946,2.8778653167137174,0.0,102,901
discounted_sarsa,sign_shift,0.1,0.001,0.97,4,1.782937254972433,0.42367220378883147,131.7375690533737,6.896723648874328,1.8729168502480849,0.43527636749784476,507.17111244830363,2.2890495162791265,0.0,102,901
discounted_sarsa,sign_shift,0.1,0.001,0.97,5,2.4681184141850103,0.5079758704190463,127.78619824651814,7.383666118106767,2.560750769126995,0.5247230944697507,590.6240259762666,2.684693980275868,0.0,102,901
discounted_sarsa,sign_shift,0.1,0.001,0.97,6,2.1522327239008234,0.4186981068626088,141.06172514053705,7.137551003996379,2.1829029189582667,0.42619041450357437,515.0741572074901,2.667140143655783,0.0,102,901
discounted_sarsa,sign_shift,0.1,0.001,0.97,7,2.562300166901974,0.4583443680009052,127.88562036214127,7.317781623946627,2.67142978623388,0.4795925929505884,574.7168271607289,2.9287928123361615,0.0,102,901
discounted_sarsa,sign_shift,0.1,0.001,0.97,8,2.123225047583836,0.4176182343044987,136.28878710315715,6.942646912688722,1.8070971136452842,0.3745254805649475,496.5380663247498,2.269972431443475,0.0,102,901
discounted_sarsa,sign_shift,0.1,0.001,0.97,9,2.211099232675746,0.4398353424235322,137.65085729643909,7.357851110016161,2.2888775765451457,0.42809765738831473,511.98189530909343,2.7337967474763047,0.0,102,901
discounted_sarsa,sign_shift,0.1,0.001,0.99,0,2.1615374442768,0.41381533964011075,160.5629587474332,7.135404882542386,2.157073291917328,0.4066494660220783,577.5586094176829,2.618572398045098,0.0,102,901
discounted_sarsa,sign_shift,0.1,0.001,0.99,1,2.0142950936621618,0.42676515127588577,167.9005889383225,7.201926601800486,1.7635190675118924,0.36872984344365967,545.407262512325,2.321256190895874,0.0,102,901
discounted_sarsa,sign_shift,0.1,0.001,0.99,2,1.6884785093017842,0.30923229501802596,197.2642883227078,6.8553463023190275,1.2831866197487292,0.22714417540255516,729.0842104086004,1.9967268558842035,0.0,102,901
discounted_sarsa,sign_shift,0.1,0.001,0.99,3,2.1648103155075864,0.39642310734241276,160.7382406626584,7.19855364396105,2.3819050220436035,0.44399078790167634,578.2481221920932,2.8148261979887508,0.0,102,901
discounted_sarsa,sign_shift,0.1,0.001,0.99,4,1.4489744769202002,0.30610895882609135,194.95063030293835,6.767419207867132,1.3317274696188732,0.2857678795590521,633.1749086046202,1.969099363080628,0.0,102,901
discounted_sarsa,sign_shift,0.1,0.001,0.99,5,1.7285582543996543,0.36094845306171663,174.88311493449345,6.900029545185156,1.3039071820075518,0.2751391044007431,590.3392062605601,1.9240420479368678,0.0,102,901
discounted_sarsa,sign_shift,0.1,0.001,0.99,6,2.133567774050502,0.4702201687906474,160.72930836470252,7.251716478815844,2.1374663522229564,0.47305466918578565,572.100658696112,2.4842826827171383,0.0,102,901
discounted_sarsa,sign_shift,0.1,0.001,0.99,7,2.235521891831033,0.4839864595532392,150.28794324337267,7.138607412033266,2.2791012989164376,0.48426943572325215,592.9200038664067,2.6249634702424562,0.0,102,901
discounted_sarsa,sign_shift,0.1,0.001,0.99,8,2.031529416924712,0.4903041010105978,156.73883880588684,7.050002683672486,1.9038509693809165,0.49096390825788255,582.6201871065543,2.1249372007984033,0.0,102,901
discounted_sarsa,sign_shift,0.1,0.001,0.99,9,1.936788315342145,0.37164605826230146,191.5957232925364,7.161600421638399,1.8625705278157385,0.3613146235618018,656.8475412417487,2.484292676139087,0.0,102,901
discounted_sarsa,sign_shift,0.1,0.003,0.9,0,2.508118513119099,0.5364117519728964,92.40609812972993,4.351867183454469,2.4966661255841567,0.5389907626488919,373.6187432646562,2.579326869700493,0.0,102,901
discounted_sarsa,sign_shift,0.1,0.003,0.9,1,2.2958203391479888,0.5133543683048586,83.06010993490504,4.213204812254582,2.4099243597377904,0.5212238054789798,374.3779580217679,2.4678185989087487,0.0,102,901
discounted_sarsa,sign_shift,0.1,0.003,0.9,2,2.524449978460253,0.5470539454076098,90.98842181316577,4.298913627795207,2.451885205080366,0.5349290899983737,375.4467648968033,2.505907581039936,0.0,102,901
discounted_sarsa,sign_shift,0.1,0.003,0.9,3,2.4782621183452544,0.4988717984234227,96.07114521905915,4.424632534352433,2.561934885590187,0.5460667266166283,377.45451446657717,2.5963855150324626,0.0,102,901
discounted_sarsa,sign_shift,0.1,0.003,0.9,4,2.4865136481963086,0.496370757114003,95.60216638858638,4.3786283945874835,2.523541366954055,0.4891744404573211,377.7512625448217,2.819022987231309,0.0,102,901
discounted_sarsa,sign_shift,0.1,0.003,0.9,5,2.462525436366009,0.499032206792448,84.36224530730415,4.283511274683997,2.489546935243608,0.49114484274296527,381.2031440414477,2.7225449841381897,0.0,102,901
discounted_sarsa,sign_shift,0.1,0.003,0.9,6,2.5297601039912427,0.5454312972534744,88.38857656135481,4.293096106298378,2.4694306371864103,0.532806460445808,376.7436894877799,2.532740066158344,0.0,102,901
discounted_sarsa,sign_shift,0.1,0.003,0.9,7,2.4813190115561943,0.509164944872798,85.55251917732033,4.237027805407871,2.5753772068166754,0.5194259011648328,381.70695903650306,2.7056119032618424,0.0,102,901
discounted_sarsa,sign_shift,0.1,0.003,0.9,8,2.5508691170085602,0.5256703950156437,87.6274001846818,4.264084953590617,2.5369987850331523,0.5177114324264099,380.48731468192005,2.6153562998310664,0.0,102,901
discounted_sarsa,sign_shift,0.1,0.003,0.9,9,2.5073718997832866,0.5211494878521131,85.94553487377354,4.385412061791573,2.5572683412085513,0.5105871315484337,378.5150721647141,2.7077756100509385,0.0,102,901
discounted_sarsa,sign_shift,0.1,0.003,0.97,0,2.324541749841878,0.49835522463374593,122.59585344268167,4.243318090384418,2.412488345862665,0.5195186919914598,565.8650606406343,2.4817661605949675,0.0,102,901
discounted_sarsa,sign_shift,0.1,0.003,0.97,1,2.084757320128247,0.4212256484206633,130.08961909687295,4.184378873158309,2.1274335555990556,0.4147668198059947,505.86649185168346,2.6834076487595104,0.0,102,901
discounted_sarsa,sign_shift,0.1,0.003,0.97,2,1.9235147210031145,0.39160400913649535,143.37374784561098,4.035714199905692,1.9223805796861213,0.3773281353119979,518.1945881756893,2.4135980996486013,0.0,102,901
discounted_sarsa,sign_shift,0.1,0.003,0.97,3,2.259945826734626,0.42619932293899726,131.08128585797593,4.214341788922049,2.3674490684227165,0.4499680989785821,528.3547408698093,2.705952350406385,0.0,102,901
discounted_sarsa,sign_shift,0.1,0.003,0.97,4,2.1403717284631067,0.40669001280392436,139.90096059331873,4.278700995298467,2.352298869391907,0.430843634110067,519.7634035455452,2.796585844321348,0.0,102,901
discounted_sarsa,sign_shift,0.1,0.003,0.97,5,2.3519538021923005,0.4848368700173004,130.26988543039525,4.289101811853746,2.4714101480222994,0.5020695867075285,561.6773249745736,2.7328538239089495,0.0,102,901
discounted_sarsa,sign_shift,0.1,0.003,0.97,6,1.9339285099025265,0.3581496732295788,159.62859205336952,4.066816764253971,1.6840008562111342,0.31174846380217386,530.028938418682,2.3283891086425896,0.0,102,901
discounted_sarsa,sign_shift,0.1,0.003,0.97,7,2.333940350752819,0.4644939543343954,128.8021404513201,4.2855442085294015,2.385518316116777,0.46065822518071675,538.3885135398285,2.806683748464573,0.0,102,901
discounted_sarsa,sign_shift,0.1,0.003,0.97,8,2.517874183230634,0.5051438087108946,125.66061657900572,4.357217283537673,2.5252353563244894,0.500056105911595,561.6039066403332,2.666275178918958,0.0,102,901
discounted_sarsa,sign_shift,0.1,0.003,0.97,9,2.2738173536654167,0.41385295888754786,129.84410516389158,4.304276954496637,2.1162579259240957,0.40228012002363484,502.28047430252536,2.6081102725583776,0.0,102,901
discounted_sarsa,sign_shift,0.1,0.003,0.99,0,2.1541072079691777,0.41912249303839055,162.22318845885314,4.28695430031129,2.3025272804502506,0.42491250591803015,590.3091806401566,2.7819855674301266,0.0,102,901
discounted_sarsa,sign_shift,0.1,0.003,0.99,1,1.6570598591051695,0.3187487531728614,180.7281066898351,3.994207728749636,1.6927140273199357,0.32503555208637835,567.6909101702593,2.301804499503959,0.0,102,901
discounted_sarsa,sign_shift,0.1,0.003,0.99,2,2.2749025559938794,0.4356714610879003,164.68814246864625,4.321010101905533,2.199126458067504,0.42652349613526347,600.2499531672606,2.6191056815075893,0.0,102,901
discounted_sarsa,sign_shift,0.1,0.003,0.99,3,2.095542073303277,0.4095810703194847,167.4132916619954,4.179221933245154,2.1483345292555613,0.43166150171934176,593.0661868733755,2.583428869878479,0.0,102,901
discounted_sarsa,sign_shift,0.1,0.003,0.99,4,2.1536422252724305,0.36431471931292925,174.48822830982064,4.296151115626385,2.227793256212362,0.35985139023306756,577.181779545851,2.8799219003277363,0.0,102,901
discounted_sarsa,sign_shift,0.1,0.003,0.99,5,1.8722733254585175,0.38903688554416443,166.78388014382602,3.939876260438403,1.8195617635686676,0.3518171129315436,570.5009375482508,2.3946201066166175,0.0,102,901
discounted_sarsa,sign_shift,0.1,0.003,0.99,6,2.1385605265955165,0.4521454660641626,160.6061025531634,4.182319325383663,2.063740867042299,0.4783050186869392,570.3630025953481,2.4081388496825284,0.0,102,901
discounted_sarsa,sign_shift,0.1,0.003,0.99,7,2.340328618014737,0.4804146132787264,150.88192111608166,4.227749833028939,2.3824754644412183,0.4635498616420207,570.1867097470328,2.694559822149718,0.0,102,901
discounted_sarsa,sign_shift,0.1,0.003,0.99,8,2.099254709658447,0.39579910740522667,162.46294087944216,4.123990148481886,1.9661317382513683,0.3926530525520968,543.3543957108427,2.44885301044916,0.0,102,901
discounted_sarsa,sign_shift,0.1,0.003,0.99,9,1.4734993025589453,0.3549143394310404,195.0522391296209,3.7726696772047865,1.182527736183854,0.33186681437235865,623.4119476062863,1.5901139756009852,0.0,102,901
discounted_sarsa,sign_shift,0.1,0.01,0.9,0,2.541944176486609,0.48704636497546816,86.45327771293309,3.2367868982679013,2.5990038202890293,0.48452876875183726,384.49251483169695,2.770116673001766,0.0,102,901
discounted_sarsa,sign_shift,0.1,0.01,0.9,1,2.3829432932580015,0.48591802949157636,89.5682270573024,3.096563005961168,2.3022993350343355,0.48237959697004995,373.83234151226185,2.5633186567032467,0.0,102,901
discounted_sarsa,sign_shift,0.1,0.01,0.9,2,2.5701081934482293,0.5218017718192166,83.00483824174422,3.1807346469571383,2.523228144192606,0.5093122542358811,382.9136770321167,2.6604269428071357,0.0,102,901
discounted_sarsa,sign_shift,0.1,0.01,0.9,3,2.401291415664886,0.47812508687513944,83.78198455585425,3.081574844005393,2.6121856407016613,0.5188622696219221,381.1871500090336,2.7442415718411493,0.0,102,901
discounted_sarsa,sign_shift,0.1,0.01,0.9,4,2.5308676074417313,0.5097889144369256,91.79667250686346,3.1714792451216254,2.595435312542374,0.5107634819245177,380.1023497272858,2.6974727712697857,0.0,102,901
discounted_sarsa,sign_shift,0.1,0.01,0.9,5,2.6364346999242234,0.5046164063870565,88.92640024731351,3.254803896759815,2.566406724320134,0.5192870261736213,381.8774934381347,2.648527902121567,0.0,102,901
discounted_sarsa,sign_shift,0.1,0.01,0.9,6,2.6591041581887622,0.5487214048346388,92.32535040561335,3.162585825593905,2.568521798029727,0.5334237588430726,378.69883421016846,2.6110036921087136,0.0,102,901
discounted_sarsa,sign_shift,0.1,0.01,0.9,7,2.5435643769174674,0.5201927421567079,90.84579080438884,3.1268802784422043,2.618605939786966,0.526074798786831,384.8543807276462,2.7315520425042337,0.0,102,901
discounted_sarsa,sign_shift,0.1,0.01,0.9,8,2.6332459078931314,0.4923029350710992,87.3060068049347,3.244509924223908,2.5533174219433086,0.4899744129055492,382.14626793680736,2.7242450237278413,0.0,102,901
discounted_sarsa,sign_shift,0.1,0.01,0.9,9,2.4459245177625286,0.5252729131247594,89.49675219855406,3.018029084470879,2.5219444452508184,0.5353455843469889,373.1144107803316,2.5815756728231483,0.0,102,901
discounted_sarsa,sign_shift,0.1,0.01,0.97,0,2.467419535038453,0.448211571235816,128.82142413749273,3.325123300590079,2.438620051866043,0.4332891951095683,539.0586431190048,2.8419209232390434,0.0,102,901
discounted_sarsa,sign_shift,0.1,0.01,0.97,1,2.493024440065628,0.4959339039710182,132.59087582621655,3.1213137873562538,2.4752548575253837,0.5258402926298184,578.9044096222367,2.5313835036432075,0.0,102,901
discounted_sarsa,sign_shift,0.1,0.01,0.97,2,2.5453139196833843,0.4818108558923146,124.76062602819654,3.329416267624542,2.5015223513962637,0.4756358601512738,551.4152567605967,2.8336745493731,0.0,102,901
discounted_sarsa,sign_shift,0.1,0.01,0.97,3,2.3899615784421,0.4919058393193089,126.96461577865173,3.0968980299656867,2.565055037852521,0.5303180117121199,585.4437916351184,2.669018433771762,0.0,102,901
discounted_sarsa,sign_shift,0.1,0.01,0.97,4,2.160757717935647,0.4716536001371171,126.66979759670966,2.922133084424961,2.244969039519578,0.4842553132801772,525.3904099899733,2.4450231474882536,0.0,102,901
discounted_sarsa,sign_shift,0.1,0.01,0.97,5,2.3301000337252127,0.5276214782869305,127.99548716199898,2.9456500564304844,2.375911185141266,0.5471870979604236,580.6892178015162,2.4013618959322325,0.0,102,901
discounted_sarsa,sign_shift,0.1,0.01,0.97,6,2.503530154289576,0.45237767281175834,129.18525862976801,3.361796196231541,2.4575473129133107,0.4506932314465543,525.9422507375584,2.780938571231866,0.0,102,901
discounted_sarsa,sign_shift,0.1,0.01,0.97,7,2.5787403068709,0.48711704644975196,129.67749667363236,3.2690713596065195,2.6568995203954224,0.4981682382057004,574.0295388259676,2.777597445370502,0.0,102,901
discounted_sarsa,sign_shift,0.1,0.01,0.97,8,2.449320109963518,0.4447370665348749,123.48121858001616,3.218349550988095,2.3549206792316677,0.44928272863628105,523.5049389700848,2.653067769477516,0.0,102,901
discounted_sarsa,sign_shift,0.1,0.01,0.97,9,2.5461697998124815,0.4766909962225373,128.3893483563273,3.2756465580411906,2.5531968498298605,0.49563480068739646,558.6472260281847,2.7204450205338353,0.0,102,901
discounted_sarsa,sign_shift,0.1,0.01,0.99,0,2.2473932059273456,0.5088655812106002,153.37002839186874,2.8867851192632226,2.3266427782297026,0.5302848459903391,660.2447554314682,2.426854909383863,0.0,102,901
discounted_sarsa,sign_shift,0.1,0.01,0.99,1,2.204902267710559,0.4930439831539826,160.93127260236056,2.924638466861128,2.3132413464502357,0.5176324736191912,645.9382117664231,2.3940149175281644,0.0,102,901
discounted_sarsa,sign_shift,0.1,0.01,0.99,2,2.1668163137993877,0.39578894274484955,172.44058566910002,3.1587470528935317,1.9483019187029613,0.3588784788608324,552.3832103921457,2.4921308085522647,0.0,102,901
discounted_sarsa,sign_shift,0.1,0.01,0.99,3,2.3556679795886017,0.4631771416895344,161.8562523399346,3.1053160211811544,2.577650550937595,0.49607544277114324,665.010603807716,2.766250620530818,0.0,102,901
discounted_sarsa,sign_shift,0.1,0.01,0.99,4,2.08196366397118,0.43398312373413883,155.78939489031723,2.9983956510018377,2.1292220514540956,0.444236531283497,556.7269303105496,2.593078671459412,0.0,102,901
discounted_sarsa,sign_shift,0.1,0.01,0.99,5,2.3231461061767815,0.4277137535252639,155.90389990000554,3.243434189413429,2.2171138593442463,0.42017839237026844,604.4256859464474,2.7474320792701934,0.0,102,901
discounted_sarsa,sign_shift,0.1,0.01,0.99,6,2.068874910877559,0.46311793039421606,162.92513359445604,2.821563341547431,2.003400844387845,0.4764440964181267,562.6031191193633,2.243589900466403,0.0,102,901
discounted_sarsa,sign_shift,0.1,0.01,0.99,7,1.8659756449462472,0.41574770016269325,154.6887567624276,2.8207665998170954,1.8509333302871007,0.39701985029684445,530.4116691116265,2.3839299669310225,0.0,102,901
discounted_sarsa,sign_shift,0.1,0.01,0.99,8,2.591090590634201,0.5035272412492034,153.8777390350402,3.2932023841248874,2.418028364246442,0.4743294114390286,597.6172973186183,2.757919050400455,0.0,102,901
discounted_sarsa,sign_shift,0.1,0.01,0.99,9,1.9683078206228837,0.36758406649953657,163.65319159251132,2.9647970687521736,1.714339243226415,0.31666177338917634,524.1728993153947,2.3566449339423845,0.0,102,901
discounted_sarsa,sign_shift,0.1,0.03,0.9,0,2.513021817980814,0.5518152059969631,89.27660850173815,2.666243597769261,2.450232286921696,0.5272081764651715,371.8990604868593,2.499714609784366,0.0,102,901
discounted_sarsa,sign_shift,0.1,0.03,0.9,1,2.550130838804344,0.5088895426283435,93.66902618425745,2.7365640229983343,2.601280168377433,0.5236426635446024,380.166075455471,2.585806228934422,0.0,102,901
discounted_sarsa,sign_shift,0.1,0.03,0.9,2,2.601332328763856,0.49432983472050784,85.53718111291457,2.860181001040001,2.5965626672623845,0.4976471763916381,385.82750658918656,2.671287533204945,0.0,102,901
discounted_sarsa,sign_shift,0.1,0.03,0.9,3,2.5583393126058462,0.4566406432850893,95.95775388408565,2.976791712898174,2.5366147209660306,0.4921915328369176,378.87662095192576,2.6782909730479445,0.0,102,901
discounted_sarsa,sign_shift,0.1,0.03,0.9,4,2.349152109900128,0.5089205472339616,92.64370546030442,2.7347093055896394,2.461000802719449,0.5256332784570934,374.05858749188707,2.657385534279665,0.0,102,901
discounted_sarsa,sign_shift,0.1,0.03,0.9,5,2.493910842483699,0.5033659963363281,81.96752231251966,2.7309183314818095,2.480557342380301,0.4959834762753517,382.4469745322747,2.560197352314933,0.0,102,901
discounted_sarsa,sign_shift,0.1,0.03,0.9,6,2.6022760210242684,0.4616023773732596,84.75961413649773,2.9859695588912567,2.5657029624820367,0.46487657492898943,386.7347710449366,2.7581989846862216,0.0,102,901
discounted_sarsa,sign_shift,0.1,0.03,0.9,7,2.559650947313462,0.5352814905158955,90.16192534466754,2.735393973187741,2.606250658455765,0.5309234186031397,382.9954655120176,2.6150836421634014,0.0,102,901
discounted_sarsa,sign_shift,0.1,0.03,0.9,8,2.5253153936607644,0.5066870888476647,84.89756815043147,2.7276368440404744,2.530654290418325,0.4990549470763014,380.50254795571726,2.612891658490216,0.0,102,901
discounted_sarsa,sign_shift,0.1,0.03,0.9,9,2.4847479394720597,0.46491619639410203,88.00032224995576,2.921203123494825,2.5097853196741613,0.4674499673052388,382.415244683934,2.760178647201758,0.0,102,901
discounted_sarsa,sign_shift,0.1,0.03,0.97,0,2.139871003395131,0.47732976717875836,126.87773717708596,2.473642843535477,2.170341651012875,0.4889826108412601,529.6845682383638,2.3347809977866,0.0,102,901
discounted_sarsa,sign_shift,0.1,0.03,0.97,1,1.4649151395881013,0.3211496688414882,165.88264644070432,1.8956886589221975,1.2402892159451993,0.29388036064004214,490.8778277944176,1.6405326992898908,0.0,102,901
discounted_sarsa,sign_shift,0.1,0.03,0.97,2,2.2841397653579913,0.4472980905259842,129.81104960504376,2.7408307125001232,2.220545789474829,0.4481784339952693,521.1310308631175,2.525801302831874,0.0,102,901
discounted_sarsa,sign_shift,0.1,0.03,0.97,3,1.9915822682005895,0.41511100423556446,132.28395682376106,2.5838269030059777,2.1035251337707033,0.447867496793382,518.6934271605878,2.4982666697694045,0.0,102,901
discounted_sarsa,sign_shift,0.1,0.03,0.97,4,1.7791828665699023,0.3457243856726729,148.44276601623253,2.3440380619593495,1.7096730608235935,0.3354473245634182,497.15857774185736,2.1526640180410177,0.0,102,901
discounted_sarsa,sign_shift,0.1,0.03,0.97,5,2.3340203418672076,0.4220392802472164,129.9069207879274,2.769104047375737,2.125896149068324,0.3827957362165742,503.7059359282068,2.5401266875705057,0.0,102,901
discounted_sarsa,sign_shift,0.1,0.03,0.97,6,1.8867419478682037,0.33842858332634185,171.6646325234814,2.5938094727599434,1.848869310839212,0.317456537409887,539.5174545112559,2.4849221412478517,0.0,102,901
discounted_sarsa,sign_shift,0.1,0.03,0.97,7,2.2919973219531293,0.4949739891117112,124.93692622764254,2.6777900735385725,2.365372225797686,0.5053568293929331,554.9384866015355,2.561107882472657,0.0,102,901
discounted_sarsa,sign_shift,0.1,0.03,0.97,8,2.3441668999774437,0.4927732930976502,124.07274049365388,2.609767195237912,2.3400841719531646,0.49182282273378597,547.9595702676467,2.470970044783135,0.0,102,901
discounted_sarsa,sign_shift,0.1,0.03,0.97,9,2.0939143231257504,0.429473293679229,130.94512069342179,2.583017200143522,1.8766276847730616,0.38579515728549507,495.91197202811446,2.293419282103559,0.0,102,901
discounted_sarsa,sign_shift,0.1,0.03,0.99,0,1.9424396551451966,0.3985924517841184,164.79831066782913,2.542510609503499,1.981099353211711,0.39563799898805274,550.2423327303441,2.4805387401215184,0.0,102,901
discounted_sarsa,sign_shift,0.1,0.03,0.99,1,1.7869089517940764,0.40232287703669944,171.70860250432006,2.3341747282883616,1.687170525627908,0.3901194167783001,572.635923119465,2.1462204718251106,0.0,102,901
discounted_sarsa,sign_shift,0.1,0.03,0.99,2,1.6696996037370997,0.3784071310192973,179.16272164539535,2.217206681507554,1.5061536035427052,0.3535606641664189,505.7267845751441,1.8783903344721087,0.0,102,901
discounted_sarsa,sign_shift,0.1,0.03,0.99,3,2.2928931573915663,0.45786647361737803,159.0694263952258,2.7064962715509226,2.2295060621934666,0.4448628699131538,551.1846926178282,2.484048173730131,0.0,102,901
discounted_sarsa,sign_shift,0.1,0.03,0.99,4,1.9148669336298885,0.41892406272367644,174.4407401091937,2.4419820970268797,1.9451509516273466,0.4287380441967182,661.0173750915706,2.3514098394775518,0.0,102,901
discounted_sarsa,sign_shift,0.1,0.03,0.99,5,2.427034890535797,0.5135015034081384,150.79480590148464,2.6866956780253157,2.54282938683991,0.5219642958413898,672.960225843747,2.5647985331839305,0.0,102,901
discounted_sarsa,sign_shift,0.1,0.03,0.99,6,1.3052683628355906,0.28947927332299883,218.63148322476133,1.808744109738272,1.0891726883860213,0.2501185539177583,643.6339531807236,1.5628311199050728,0.0,102,901
discounted_sarsa,sign_shift,0.1,0.03,0.99,7,2.3189137611321473,0.44699132080367737,149.00189613403967,2.8019171495965134,2.431847092716507,0.4681650899717265,594.786211690106,2.613705066256132,0.0,102,901
discounted_sarsa,sign_shift,0.1,0.03,0.99,8,2.1314250330012166,0.397448644852188,159.33457772844477,2.798642257342705,2.154824760349843,0.37105021310045005,562.5408799690074,2.761001204932617,0.0,102,901
discounted_sarsa,sign_shift,0.1,0.03,0.99,9,1.7931938149651905,0.3559094661314944,183.9310698195849,2.4165727039655316,1.5592645372815475,0.33269992471089876,564.3854666159178,2.035414733868771,0.0,102,901
discounted_sarsa,sign_shift,0.1,0.1,0.9,0,2.40113403721926,0.5227336692395742,81.63765974473135,2.2826481595694914,2.474228832818346,0.5360861365174965,375.06482579206386,2.2489738363878535,0.0,102,901
discounted_sarsa,sign_shift,0.1,0.1,0.9,1,2.457859599531572,0.496671342632588,87.72204669467428,2.447581468410872,2.6027322098651626,0.5131958527558446,382.71979227010047,2.4452050485589596,0.0,102,901
discounted_sarsa,sign_shift,0.1,0.1,0.9,2,2.612766803889924,0.5171231948819033,86.90875110298903,2.498765031085277,2.5491248552218235,0.4953758350563428,379.4713590361457,2.450461538202254,0.0,102,901
discounted_sarsa,sign_shift,0.1,0.1,0.9,3,2.502426693949317,0.48704867714999767,92.28966320041678,2.5142156752892433,2.694604004316857,0.5221247693659578,385.3045025272162,2.5276358387412112,0.0,102,901
discounted_sarsa,sign_shift,0.1,0.1,0.9,4,2.6078652661708475,0.4756555607466001,91.51927953345015,2.6919650814559954,2.6069116143435,0.4688012876006062,383.23799463378714,2.6184707607833118,0.0,102,901
discounted_sarsa,sign_shift,0.1,0.1,0.9,5,2.456562993194975,0.5135247676615764,90.76742999071612,2.3769833747663838,2.6076567675030105,0.5404560754799265,381.645370050851,2.396184165703552,0.0,102,901
discounted_sarsa,sign_shift,0.1,0.1,0.9,6,2.6744644100952404,0.5258812381561461,89.7597727446308,2.577359795398178,2.5953264640554523,0.506397239337528,383.0400706368923,2.5231370826478283,0.0,102,901
discounted_sarsa,sign_shift,0.1,0.1,0.9,7,2.5107432429246916,0.4911181473598758,88.12084630674418,2.484357215031019,2.607583990809233,0.5092636202233506,386.7286650339849,2.5035282490835105,0.0,102,901
discounted_sarsa,sign_shift,0.1,0.1,0.9,8,2.501497358984746,0.5331464044530342,85.21048020778984,2.3597773020159893,2.50136879460524,0.5220476068666798,375.5341161865546,2.370026053228519,0.0,102,901
discounted_sarsa,sign_shift,0.1,0.1,0.9,9,2.6046189619599582,0.520988434756128,95.81426328229664,2.5158048367986154,2.574556357085517,0.5441959103785248,378.06198568033847,2.389430333993274,0.0,102,901
discounted_sarsa,sign_shift,0.1,0.1,0.97,0,2.2840685051734586,0.4466625341190668,129.5233928167599,2.424488003650918,2.22101117061669,0.4368300020414373,511.0331606229173,2.350231813181274,0.0,102,901
discounted_sarsa,sign_shift,0.1,0.1,0.97,1,2.35950523008221,0.499735785717779,124.94741064920507,2.3270369384637752,2.5083571596257244,0.5169950443483339,574.7646255449682,2.365490945926961,0.0,102,901
discounted_sarsa,sign_shift,0.1,0.1,0.97,2,2.543625805401079,0.4603649873738088,134.97274578824914,2.7013531668087936,2.490700179449083,0.44175047999050426,553.8851437850891,2.6295367184803005,0.0,102,901
discounted_sarsa,sign_shift,0.1,0.1,0.97,3,2.362646903844228,0.45903790543244344,126.58890426995806,2.5418844056121737,2.531230564325821,0.48354486879969516,550.8241160444751,2.5644839415616025,0.0,102,901
discounted_sarsa,sign_shift,0.1,0.1,0.97,4,2.1567867856461604,0.4207990902184723,135.49926384841905,2.3776090066143793,2.213205574755029,0.43432476882673937,518.3198976789148,2.3706590916447907,0.0,102,901
discounted_sarsa,sign_shift,0.1,0.1,0.97,5,2.343801429897427,0.48829155543454367,123.13409748474855,2.4294469127712217,2.3938164386976126,0.49407024180022746,552.4513827330184,2.38263928606172,0.0,102,901
discounted_sarsa,sign_shift,0.1,0.1,0.97,6,2.4142230810775183,0.5137130181866606,126.36652331763409,2.39837560731289,2.441906554865655,0.5234352920703358,558.3554821360786,2.338968663530899,0.0,102,901
discounted_sarsa,sign_shift,0.1,0.1,0.97,7,2.148471399821019,0.43288177336477895,127.06571740159616,2.4687528930277107,2.1527777713015817,0.4169224926387697,515.8759466179182,2.443881238470762,0.0,102,901
discounted_sarsa,sign_shift,0.1,0.1,0.97,8,2.51588193741363,0.46680483555284974,120.5922306371996,2.5370794767998217,2.487267620784929,0.4723590956368254,540.9038737144141,2.4975057521128594,0.0,102,901
discounted_sarsa,sign_shift,0.1,0.1,0.97,9,2.25252948566361,0.46225687982610414,128.30797962820708,2.3660037170830184,2.359721471759377,0.4741040914445634,526.3588210857512,2.4038127929309634,0.0,102,901
discounted_sarsa,sign_shift,0.1,0.1,0.99,0,2.1400734376967874,0.443209948606921,160.97947339554966,2.3415607462435255,2.043063750311895,0.4034083421940295,540.8846157572476,2.2476814424745903,0.0,102,901
discounted_sarsa,sign_shift,0.1,0.1,0.99,1,1.638627972347663,0.35356811227437335,176.9325836376247,1.6930059449158514,1.4205703638233909,0.33506723587727233,550.2794291115248,1.5859545427618116,0.0,102,901
discounted_sarsa,sign_shift,0.1,0.1,0.99,2,2.0007191390394286,0.38716550779661946,172.3257473048348,2.404446582247494,2.095870698975419,0.3883082274268642,566.5754174265479,2.405220131212402,0.0,102,901
discounted_sarsa,sign_shift,0.1,0.1,0.99,3,2.080816095125465,0.4088415056076302,163.9376847987074,2.4120077422555797,2.209410903899427,0.4324849447291282,569.8087979124709,2.467114079756517,0.0,102,901
discounted_sarsa,sign_shift,0.1,0.1,0.99,4,1.990976963437204,0.40200373808652834,166.54784543414448,2.330434009233491,2.0152550193549614,0.39581550584302594,549.7138353885654,2.327264135235377,0.0,102,901
discounted_sarsa,sign_shift,0.1,0.1,0.99,5,2.386068023894204,0.5047218668858996,153.0231889411399,2.4049631225398067,2.512240693299092,0.5129104032110278,673.6467869360497,2.417368445462123,0.0,102,901
discounted_sarsa,sign_shift,0.1,0.1,0.99,6,2.0159055496637777,0.4153547192124216,171.76042100744655,2.288562555557167,2.0890638798259,0.43912913422658756,561.9240030451477,2.2741593191489993,0.0,102,901
discounted_sarsa,sign_shift,0.1,0.1,0.99,7,2.299028206421161,0.4077297335091107,155.02521775633875,2.5713755549638173,2.298335513717031,0.4081441447023651,575.960762342772,2.5485726757890865,0.0,102,901
discounted_sarsa,sign_shift,0.1,0.1,0.99,8,2.5676360995451377,0.49255887031413975,154.29400973272837,2.567011972716751,2.4973490222033696,0.4940119928111856,644.6719651144639,2.4960351736656756,0.0,102,901
discounted_sarsa,sign_shift,0.1,0.1,0.99,9,2.189283548201013,0.3772560556532213,184.0991361565539,2.6218993967621205,2.2970438218087366,0.37713532601532984,600.8216281840325,2.6844945543836634,0.0,102,901
discounted_sarsa,up_shift,0.02,0.001,0.9,0,2.102315097326977,0.5675169171313237,73.41484327070691,4.87940128281892,2.1354309199156964,0.5731370485578413,195.72781410938055,2.1702912481500523,0.0,102,901
discounted_sarsa,up_shift,0.02,0.001,0.9,1,2.1218175423442314,0.5535763340682727,75.78653985281123,4.871179045691049,2.2920029684807144,0.5489532568157492,197.12131621025858,2.392419185380815,0.0,102,901
discounted_sarsa,up_shift,0.02,0.001,0.9,2,2.20298760621637,0.5782091476369995,73.54881640847874,4.896404580590188,2.172978829750401,0.5701961532841565,196.77056009882924,2.2257587336656344,0.0,102,901
discounted_sarsa,up_shift,0.02,0.001,0.9,3,2.171696151396042,0.5074889930985812,76.36121093604167,4.906307520528159,2.3771596028632684,0.55854805397494,198.99131155646694,2.4763347806952276,0.0,102,901
discounted_sarsa,up_shift,0.02,0.001,0.9,4,2.1503132482741916,0.5174172618694948,76.03504095815948,4.899298854908118,2.3476366297557765,0.5372087649747221,198.0354198551502,2.457767772084495,0.0,102,901
discounted_sarsa,up_shift,0.02,0.001,0.9,5,2.192509201135448,0.5508966924235086,75.14720637971092,4.930095498729208,2.18157518763227,0.5672140402290348,196.75704929738393,2.222648007552161,0.0,102,901
discounted_sarsa,up_shift,0.02,0.001,0.9,6,2.1272584409957775,0.5538487817179134,71.05496271567208,4.920944301930133,2.120747195523168,0.572424249066812,192.89969163944457,2.1906060533744576,0.0,102,901
discounted_sarsa,up_shift,0.02,0.001,0.9,7,2.3882200138872105,0.5404620063006351,79.64665971996817,4.85468694660327,2.4586048921473656,0.5515358946714555,203.00164543301744,2.4985011850741077,0.0,102,901
discounted_sarsa,up_shift,0.02,0.001,0.9,8,2.134013014291607,0.573291188607266,75.27354268277244,4.810634961284923,2.121928758661818,0.562708164173631,194.64636036140234,2.175279411765354,0.0,102,901
discounted_sarsa,up_shift,0.02,0.001,0.9,9,2.1739878666008967,0.5860702142257734,73.37172523706657,5.00761293039332,2.174985300599267,0.5766584380629418,196.5540646534778,2.194945277408134,0.0,102,901
discounted_sarsa,up_shift,0.02,0.001,0.97,0,2.3089487292954542,0.5472228376360052,93.95175970056283,4.866305838105405,2.2511988943331835,0.517774123670984,256.2202154861687,2.430281047953153,0.0,102,901
discounted_sarsa,up_shift,0.02,0.001,0.97,1,2.309457765436252,0.5424233808794529,98.80002760747833,4.897771537010451,2.441664388808145,0.5463711545478633,264.9103920137857,2.4238634113336905,0.0,102,901
discounted_sarsa,up_shift,0.02,0.001,0.97,2,2.1633588420131473,0.5760802475082818,91.22226142546975,4.902640355054268,2.0912442412134946,0.5529545726777809,258.0498456124773,2.211093096155487,0.0,102,901
discounted_sarsa,up_shift,0.02,0.001,0.97,3,2.1091515073691443,0.5498403814899816,94.33980916807715,4.959923389924883,2.2218398558528722,0.5800643724712651,264.7165153678735,2.2409365984702876,0.0,102,901
discounted_sarsa,up_shift,0.02,0.001,0.97,4,2.1795486547314376,0.5237250546504603,93.73177968950391,4.921077138010677,2.319023211088631,0.5384464768303858,255.3473151662158,2.4073363106969135,0.0,102,901
discounted_sarsa,up_shift,0.02,0.001,0.97,5,2.3401518036489217,0.5416683037962979,96.05383601159224,4.927519905554287,2.3331973463809885,0.5338734813512657,256.3472392567665,2.409052205143695,0.0,102,901
discounted_sarsa,up_shift,0.02,0.001,0.97,6,2.097323732545591,0.5579609701344813,86.71762405801812,5.022621149067499,2.0697873102460043,0.5590385976865436,249.5384089970709,2.1841763890079804,0.0,102,901
discounted_sarsa,up_shift,0.02,0.001,0.97,7,2.170460097105072,0.5666714563523447,99.03383958614045,4.824086752959872,2.3099460889071493,0.5692810887936468,268.8434364578051,2.41400472759679,0.0,102,901
discounted_sarsa,up_shift,0.02,0.001,0.97,8,2.0776626922486825,0.5635464833484108,92.97283806402879,4.803037029914102,2.080216906167023,0.5533894741225004,254.3808377555066,2.162892227437344,0.0,102,901
discounted_sarsa,up_shift,0.02,0.001,0.97,9,2.2119363823875395,0.5814639573403012,92.01286730871375,5.012465941219729,2.1829993086417114,0.5726038311092841,259.49349964667965,2.2288253431755134,0.0,102,901
discounted_sarsa,up_shift,0.02,0.001,0.99,0,2.1694210803415386,0.5688955273430529,102.7979633903859,4.920121806459691,2.140835945933065,0.5745586405416675,294.39599594525765,2.1704286160523614,0.0,102,901
discounted_sarsa,up_shift,0.02,0.001,0.99,1,2.1500371580671747,0.5447094952622885,103.24119057233189,4.915309786173526,2.2452039718461925,0.5651827809558335,287.4222774470893,2.263478297758164,0.0,102,901
discounted_sarsa,up_shift,0.02,0.001,0.99,2,2.2220201876135732,0.5794710162900987,100.8328377973291,4.920369242728311,2.1847290531281347,0.5658171493681142,290.96568821548993,2.254255686544423,0.0,102,901
discounted_sarsa,up_shift,0.02,0.001,0.99,3,2.0930313913196814,0.5239249517728823,99.15782590686476,4.854836505445531,2.3038915588800726,0.5511129147032753,277.13029586693574,2.314801724195735,0.0,102,901
discounted_sarsa,up_shift,0.02,0.001,0.99,4,1.9758362712813906,0.5568720077158543,102.47966520549015,4.864951662205008,2.168466505543138,0.5796844580605561,291.8680800174428,2.19807004249099,0.0,102,901
discounted_sarsa,up_shift,0.02,0.001,0.99,5,2.309776471411866,0.5649388813491355,106.45583535744538,4.9232763500174395,2.355737899978225,0.5619283272029633,294.6585125759817,2.3639717890986325,0.0,102,901
discounted_sarsa,up_shift,0.02,0.001,0.99,6,2.241293513080297,0.546437021621863,100.25068950936213,4.971080651303799,2.249303867946964,0.5666510018358588,283.54080674420067,2.331114348865036,0.0,102,901
discounted_sarsa,up_shift,0.02,0.001,0.99,7,2.2118762739433326,0.5360318330788092,100.25569830550607,4.858758959894953,2.2960124923546217,0.5516103543442679,281.32778172241126,2.3554829734585234,0.0,102,901
discounted_sarsa,up_shift,0.02,0.001,0.99,8,2.266071107907818,0.5608952288008617,102.97335546225607,4.841813540533662,2.1957153555602766,0.5672885993664919,288.6717474809351,2.2679109146507668,0.0,102,901
discounted_sarsa,up_shift,0.02,0.001,0.99,9,2.2446613103324244,0.5525006576019456,95.32389357376273,5.037582064306082,2.257180660184645,0.5415174232738268,270.7335652566696,2.3651847959804577,0.0,102,901
discounted_sarsa,up_shift,0.02,0.003,0.9,0,2.1909277151545385,0.5506034934816338,74.16464270362044,3.143194717929512,2.224128047064933,0.5590112203553484,196.61438386892334,2.396816088322658,0.0,102,901
discounted_sarsa,up_shift,0.02,0.003,0.9,1,2.1680675779134937,0.526710782298845,74.01280666112442,3.188082219327503,2.28423862501163,0.5185817977828647,195.73924842976487,2.523830650367333,0.0,102,901
discounted_sarsa,up_shift,0.02,0.003,0.9,2,2.4283729176235447,0.5492579882919973,77.22309581492385,3.2930968116819708,2.3604624521009145,0.5376092076119631,200.25826755644195,2.5086561730829096,0.0,102,901
discounted_sarsa,up_shift,0.02,0.003,0.9,3,2.0550375908420855,0.5216240433344784,73.2449402137053,3.13075653013878,2.3159610385519276,0.5640650880709531,197.4941660836379,2.4315416157627476,0.0,102,901
discounted_sarsa,up_shift,0.02,0.003,0.9,4,2.119568226302112,0.5416397736738469,72.67384081561337,3.1822885768721516,2.171867026333293,0.5525684788769967,194.41924445747196,2.372274102360125,0.0,102,901
discounted_sarsa,up_shift,0.02,0.003,0.9,5,2.2534471973707104,0.5455722123603723,76.19256216220826,3.2023713041049953,2.304039912586695,0.5661798974866967,199.0589443643902,2.417326371370407,0.0,102,901
discounted_sarsa,up_shift,0.02,0.003,0.9,6,2.1635514158397906,0.5679629922274206,73.6250145212141,3.1659502671548427,2.176114297453748,0.5802459308660546,196.17565975223192,2.2143376677978255,0.0,102,901
discounted_sarsa,up_shift,0.02,0.003,0.9,7,2.1406578401099194,0.5677559334238107,75.77078498734652,2.9979233436029977,2.2171472058678883,0.586926980544781,197.45751348009023,2.23820312354606,0.0,102,901
discounted_sarsa,up_shift,0.02,0.003,0.9,8,2.174058686222221,0.5688250118414578,75.12239345500213,3.0199239866555807,2.126074786721383,0.5764286858945534,195.9896347524752,2.1557695152908884,0.0,102,901
discounted_sarsa,up_shift,0.02,0.003,0.9,9,2.407110186502732,0.56645789451043,79.92172936559764,3.2473580911255624,2.433476808266378,0.5587920361199765,203.25233667814683,2.4116045073362233,0.0,102,901
discounted_sarsa,up_shift,0.02,0.003,0.97,0,2.07888064399573,0.5815151775096112,94.77763706716925,3.0818215330727483,2.1579435540402843,0.575012506645569,267.3817008820725,2.1898748216000907,0.0,102,901
discounted_sarsa,up_shift,0.02,0.003,0.97,1,2.30755074758006,0.5368632564814417,100.21326435503856,3.2584386112321275,2.3941475607082077,0.5586835719882719,266.25170953543363,2.403632742358407,0.0,102,901
discounted_sarsa,up_shift,0.02,0.003,0.97,2,2.4196537864140395,0.5878182633943732,100.73640420182132,3.2167085039244263,2.352161999344086,0.5658191428682711,272.5938270779762,2.3497852984206054,0.0,102,901
discounted_sarsa,up_shift,0.02,0.003,0.97,3,2.3720684204329485,0.5290142758964942,103.81403704278833,3.242261943396378,2.5406621948945545,0.5596580910313478,275.4990062712405,2.597244073340017,0.0,102,901
discounted_sarsa,up_shift,0.02,0.003,0.97,4,1.6968420149434706,0.5622665738372891,78.96678168674586,2.8741560892015365,1.7856665362719106,0.5691621008592748,241.02306829878833,1.7894552745293804,0.0,102,901
discounted_sarsa,up_shift,0.02,0.003,0.97,5,2.208562626382023,0.5725398886301578,97.57522305702996,3.1534764997851013,2.2611667830842768,0.5619939760892468,267.48086769666725,2.413288795353111,0.0,102,901
discounted_sarsa,up_shift,0.02,0.003,0.97,6,1.9890444918522243,0.5500259477417968,84.30483669774495,3.078554921976851,2.069485555684539,0.5674894143180161,245.77407190486122,2.138416158869046,0.0,102,901
discounted_sarsa,up_shift,0.02,0.003,0.97,7,2.0762693804922496,0.5702176257279372,96.42915117074334,3.018914258424767,2.2038813113569815,0.58524725365352,266.2178225592277,2.2248838176409014,0.0,102,901
discounted_sarsa,up_shift,0.02,0.003,0.97,8,2.2757353491917067,0.5897307592660812,95.22640873563081,3.104768376861931,2.1477056971217197,0.5808064935883457,264.23020468865246,2.1728695379786584,0.0,102,901
discounted_sarsa,up_shift,0.02,0.003,0.97,9,2.095790152170997,0.5688739896909518,90.89830420453009,3.0849329272529293,2.134507170896762,0.5656691928971462,253.8075555942981,2.23281887086109,0.0,102,901
discounted_sarsa,up_shift,0.02,0.003,0.99,0,2.359294489292907,0.5287880192658028,103.83719561089084,3.274327182391374,2.4032967145864768,0.5258023164613542,276.5299320196516,2.541822834828808,0.0,102,901
discounted_sarsa,up_shift,0.02,0.003,0.99,1,2.06966955438431,0.5702028352312082,104.16384586536137,3.082852364493833,2.2558293793555158,0.5654054970012594,290.40768467473595,2.3994993075436484,0.0,102,901
discounted_sarsa,up_shift,0.02,0.003,0.99,2,2.23331695930486,0.5699269201104488,100.46552102360629,3.1983631002670343,2.184351678331084,0.5444833538896285,284.9899330436465,2.3979316403802264,0.0,102,901
discounted_sarsa,up_shift,0.02,0.003,0.99,3,1.9830548647832658,0.5377205439868694,100.89108600149379,3.0581251686835738,2.254742034357053,0.582194595061921,292.9065863341546,2.279394907192188,0.0,102,901
discounted_sarsa,up_shift,0.02,0.003,0.99,4,2.0721719079166814,0.5302250866332565,96.46675512575207,3.1338374980815638,2.1774650955323787,0.5456343009673019,273.2764142881441,2.2674526244108635,0.0,102,901
discounted_sarsa,up_shift,0.02,0.003,0.99,5,2.163763979300415,0.5781248211204147,102.22038014147223,3.117904851851681,2.1690753901706037,0.5715665623343534,290.9911458944791,2.213879631720108,0.0,102,901
discounted_sarsa,up_shift,0.02,0.003,0.99,6,2.259485479031327,0.5689083497327954,102.34309511213083,3.2023366159619,2.2743448944432276,0.5754978932727637,289.71429595614336,2.2788879169605116,0.0,102,901
discounted_sarsa,up_shift,0.02,0.003,0.99,7,2.3115644001196074,0.5424318720073629,104.17943263831435,3.178818642319216,2.3688118648599117,0.5464471786578688,286.1849538813172,2.470888670648805,0.0,102,901
discounted_sarsa,up_shift,0.02,0.003,0.99,8,2.2098429692408406,0.5736236893551689,105.61842877934119,3.0443353627384835,2.145459469755704,0.5779637525827209,295.9902063410732,2.167600896459614,0.0,102,901
discounted_sarsa,up_shift,0.02,0.003,0.99,9,2.1762271192044675,0.5566757364454203,102.4900225773774,3.101538583559876,2.221877331485921,0.5770518617355819,288.1231660462301,2.2858494944879215,0.0,102,901
discounted_sarsa,up_shift,0.02,0.01,0.9,0,2.122625318357707,0.5709709941966961,73.19093267738197,2.427548506463867,2.1353699802899673,0.5725585174800812,196.43630346937843,2.1846300924729385,0.0,102,901
discounted_sarsa,up_shift,0.02,0.01,0.9,1,2.3459945892182468,0.5123418014798689,78.57816933580645,2.7087171249128197,2.432857541698092,0.5322190732147561,200.41859042657785,2.5507755161159955,0.0,102,901
discounted_sarsa,up_shift,0.02,0.01,0.9,2,2.1114246501119887,0.557605654162726,69.04480491463683,2.5572128044158715,2.035743730278826,0.5444055735620704,189.31248303972058,2.2208675171596814,0.0,102,901
discounted_sarsa,up_shift,0.02,0.01,0.9,3,2.286676664238366,0.525733991659764,77.30884647779891,2.622224000223799,2.3261585773446027,0.5701882888942353,199.56325777120077,2.2958038784985013,0.0,102,901
discounted_sarsa,up_shift,0.02,0.01,0.9,4,2.141391585833947,0.5414192146821662,75.37038600457362,2.499810091386661,2.272486252780082,0.5616305781589025,198.11441276521995,2.286368597468073,0.0,102,901
discounted_sarsa,up_shift,0.02,0.01,0.9,5,2.24648031298933,0.5454411793233277,76.23638584274374,2.587997171122109,2.2248012432920725,0.5615587864137976,198.6792101636337,2.261065570118252,0.0,102,901
discounted_sarsa,up_shift,0.02,0.01,0.9,6,1.7628567784311266,0.5218142612828546,61.16375278237243,2.23906578606438,1.7540542308651978,0.5353679039964793,178.85113092800273,1.8570621478211735,0.0,102,901
discounted_sarsa,up_shift,0.02,0.01,0.9,7,1.9987102703449589,0.56753600378799,72.70927366505961,2.3226327113360443,2.141725501932879,0.5634401337231261,193.265697670175,2.235454815624225,0.0,102,901
discounted_sarsa,up_shift,0.02,0.01,0.9,8,2.2079738410486405,0.5559288301343592,75.66985933898,2.490993636444029,2.2211600599603813,0.5436752556079824,196.63438996479664,2.3116088119162863,0.0,102,901
discounted_sarsa,up_shift,0.02,0.01,0.9,9,2.2335937731586704,0.5503702937425636,75.82342782202927,2.6225732804423556,2.2961774085522273,0.5714751579229952,198.03958331984956,2.4178677487640896,0.0,102,901
discounted_sarsa,up_shift,0.02,0.01,0.97,0,2.3230588691706657,0.5597408399096397,99.1775610423728,2.5784340629658686,2.338153644071875,0.5642068960420755,270.1499977325866,2.336873204935413,0.0,102,901
discounted_sarsa,up_shift,0.02,0.01,0.97,1,2.052371650500767,0.5716709515591429,88.36744035464814,2.3425944742958444,2.163039112651893,0.563014762397254,254.5766456682338,2.226160963390796,0.0,102,901
discounted_sarsa,up_shift,0.02,0.01,0.97,2,2.215713474976713,0.5948244420357253,95.19197053092597,2.508707874120617,2.1452752035553093,0.5677414316323416,266.7386505445482,2.195532267496948,0.0,102,901
discounted_sarsa,up_shift,0.02,0.01,0.97,3,2.2994128490651784,0.5395977416834451,99.21766287703808,2.589030567273802,2.3957838815531916,0.5648174644764442,265.59105941541156,2.40370749649111,0.0,102,901
discounted_sarsa,up_shift,0.02,0.01,0.97,4,2.021333763955635,0.5581512335759704,93.98250808833401,2.3816927265384993,2.1653109288638106,0.5791092418538187,262.57001103297296,2.190786487656489,0.0,102,901
discounted_sarsa,up_shift,0.02,0.01,0.97,5,2.1104895966368535,0.5808002383404464,94.50369248685521,2.406923851463456,2.1564538145285583,0.5720153859387931,264.85149004274217,2.200751208906816,0.0,102,901
discounted_sarsa,up_shift,0.02,0.01,0.97,6,2.2360592138667568,0.5153678603320426,88.80582023638343,2.666744204364553,2.2409745374055463,0.5198012796829501,246.02576513077565,2.4328043118663056,0.0,102,901
discounted_sarsa,up_shift,0.02,0.01,0.97,7,2.143078427586641,0.5603828907831406,97.56904396901804,2.428834261065881,2.2875789545605416,0.5725353537744244,263.35854143937127,2.296856306199617,0.0,102,901
discounted_sarsa,up_shift,0.02,0.01,0.97,8,2.4374042097137556,0.5663184077166775,96.69758468449749,2.6422574309012044,2.323235554143797,0.5592860201602166,260.9122629078659,2.3467686864563024,0.0,102,901
discounted_sarsa,up_shift,0.02,0.01,0.97,9,2.193660653726384,0.5828212021620889,93.29796612346449,2.4677084790414505,2.1951608832034766,0.5722372357133422,261.726574750563,2.22525810918654,0.0,102,901
discounted_sarsa,up_shift,0.02,0.01,0.99,0,2.2427947040733063,0.556813252108582,103.39680237915714,2.609791768691133,2.2450469504299044,0.5616707263339465,290.6285498100649,2.391520664880792,0.0,102,901
discounted_sarsa,up_shift,0.02,0.01,0.99,1,1.9891958619285928,0.5268577596238708,92.43427504382962,2.423099782225801,2.0320257910353225,0.5536897351584459,271.0512335535534,2.150636639135159,0.0,102,901
discounted_sarsa,up_shift,0.02,0.01,0.99,2,2.4045084817500175,0.5500711546561858,96.93968897393596,2.7439925427430136,2.2753607639541307,0.5396050258498308,272.10738061324815,2.4266491981936955,0.0,102,901
discounted_sarsa,up_shift,0.02,0.01,0.99,3,2.1162006326160054,0.5398686364603438,98.1990372751842,2.473319133297704,2.2032268191802222,0.5607913645345542,279.74399076719453,2.2829518043007466,0.0,102,901
discounted_sarsa,up_shift,0.02,0.01,0.99,4,2.0223170037135976,0.5343255810335902,98.2782994739216,2.4379737085443995,2.225260603863668,0.5611151791331165,280.9546066679606,2.2797273250315047,0.0,102,901
discounted_sarsa,up_shift,0.02,0.01,0.99,5,2.3448933943972423,0.5679392896794643,107.66228177938454,2.5649948446819053,2.3444731562103556,0.5627077436327692,296.8788845313394,2.341267181855709,0.0,102,901
discounted_sarsa,up_shift,0.02,0.01,0.99,6,1.9829850151423276,0.5476318729622275,86.02095720915226,2.4306500208558246,1.9421667347275344,0.5529160036796341,255.44136124761596,2.049784260174989,0.0,102,901
discounted_sarsa,up_shift,0.02,0.01,0.99,7,1.7354060212652969,0.5579686951850501,85.15343124109663,2.074391932468286,1.8231697457324982,0.5738162086398463,264.7766283495047,1.8096686739506957,0.0,102,901
discounted_sarsa,up_shift,0.02,0.01,0.99,8,2.4070701775694374,0.5699215439586184,100.94062973682566,2.6711159966010842,2.2473886766626143,0.5576041433503421,281.2215234629554,2.328849396776959,0.0,102,901
discounted_sarsa,up_shift,0.02,0.01,0.99,9,2.322611309958808,0.5031110474640406,97.9916040225359,2.8438700818789457,2.3541511778148014,0.5216989255325287,266.3371531012776,2.6393194763499004,0.0,102,901
discounted_sarsa,up_shift,0.02,0.03,0.9,0,2.4767350193049427,0.5478175532203569,79.69637733111199,2.590501164778285,2.4387594556690204,0.5292201199262778,202.64290087804204,2.5499145995491985,0.0,102,901
discounted_sarsa,up_shift,0.02,0.03,0.9,1,2.4080969582861713,0.5175050830188844,78.55511310047774,2.5701290220976323,2.407060235764947,0.5400482100401074,201.02747513332326,2.437249341754568,0.0,102,901
discounted_sarsa,up_shift,0.02,0.03,0.9,2,2.4812555697756293,0.5443116854252255,78.47370785324551,2.6709166496477303,2.4199834226331225,0.5355505218286615,201.7895756191666,2.551951673005416,0.0,102,901
discounted_sarsa,up_shift,0.02,0.03,0.9,3,1.6721478539056647,0.5303555345867487,62.75008576107394,1.8611624770794801,1.8242373388924975,0.5797351347693724,185.10012892838364,1.768101383270591,0.0,102,901
discounted_sarsa,up_shift,0.02,0.03,0.9,4,2.192187102512304,0.5050684072170127,75.33313616172343,2.506493730360264,2.3337478906505185,0.5282835238049349,195.59799748140966,2.5380823980963587,0.0,102,901
discounted_sarsa,up_shift,0.02,0.03,0.9,5,2.0080966597539023,0.5323865890486661,69.41598881440177,2.1554421425771793,2.0576653801881175,0.5535716572453692,190.16229785032593,2.031587276124766,0.0,102,901
discounted_sarsa,up_shift,0.02,0.03,0.9,6,2.2771721516895016,0.596214740428668,73.21168480171387,2.3164802807802833,2.175190482396814,0.5822433718428282,196.617982422978,2.15494306032723,0.0,102,901
discounted_sarsa,up_shift,0.02,0.03,0.9,7,2.1031481492697153,0.5227513192042844,71.26241860065392,2.351232408476142,2.1926665256695337,0.5230112652340221,191.89381319732666,2.3576033242289314,0.0,102,901
discounted_sarsa,up_shift,0.02,0.03,0.9,8,2.181713756345157,0.5692331239410894,74.89769843195344,2.277362027560453,2.125870713256975,0.5778399339105506,196.11006961187496,2.113140031231454,0.0,102,901
discounted_sarsa,up_shift,0.02,0.03,0.9,9,2.105319920949951,0.542164785273316,71.15411873934309,2.325649420743594,2.1595416853268876,0.5551930443781852,191.10914323201337,2.2761553974819884,0.0,102,901
discounted_sarsa,up_shift,0.02,0.03,0.97,0,2.4188901214756586,0.5735641980891057,99.20554698229246,2.411629070549836,2.3321004265711,0.543934025744714,268.2740800056703,2.324675497967742,0.0,102,901
discounted_sarsa,up_shift,0.02,0.03,0.97,1,2.027749406719535,0.5507588168970062,91.62578983877145,2.1571408056444485,2.2094063689855994,0.547119922607224,254.35270733532394,2.2766294745407034,0.0,102,901
discounted_sarsa,up_shift,0.02,0.03,0.97,2,2.385242896956756,0.5552484177625974,93.66538195788348,2.5298229319939507,2.3309141746722966,0.5440047373772321,258.98635746811664,2.4072960249523554,0.0,102,901
discounted_sarsa,up_shift,0.02,0.03,0.97,3,2.0604779967743276,0.5323326494330001,92.99004190858297,2.282441765590186,2.2007381104387904,0.5830600301456417,262.17232827082995,2.201432638626705,0.0,102,901
discounted_sarsa,up_shift,0.02,0.03,0.97,4,1.8897186056206448,0.5490798008029658,89.32057912300829,2.028807231634463,2.0829323602709042,0.5761668204497116,260.03155478855933,2.07036725524546,0.0,102,901
discounted_sarsa,up_shift,0.02,0.03,0.97,5,2.132703377302228,0.5760116005427416,94.03694293794331,2.2233843054764515,2.164281011889801,0.5690517689811508,261.3403167874791,2.1725400815606983,0.0,102,901
discounted_sarsa,up_shift,0.02,0.03,0.97,6,2.36005294166532,0.5538186602827363,92.06986799980461,2.4758733311459555,2.284732754982313,0.5498901659627642,254.92635090074134,2.341433778291787,0.0,102,901
discounted_sarsa,up_shift,0.02,0.03,0.97,7,2.1968104173897927,0.5603103859795447,98.49770139110085,2.2786723320242355,2.3066034599033323,0.5717723088479555,263.85367431705976,2.2706164729889737,0.0,102,901
discounted_sarsa,up_shift,0.02,0.03,0.97,8,2.100055784786843,0.5689220074584345,95.02255975130998,2.1667089425735493,2.12778208330406,0.563925001045292,262.9532851469564,2.147509069700514,0.0,102,901
discounted_sarsa,up_shift,0.02,0.03,0.97,9,2.1341099404185386,0.5599574541454517,92.31577351177424,2.2975184328851577,2.196119398507401,0.5575193719367784,254.52464494257626,2.2889762439029546,0.0,102,901
discounted_sarsa,up_shift,0.02,0.03,0.99,0,2.246879350439164,0.5682096394334994,106.51614508456406,2.276354669651716,2.32681526781104,0.5602200157555776,297.72220944256986,2.282351629540044,0.0,102,901
discounted_sarsa,up_shift,0.02,0.03,0.99,1,2.09249746234023,0.5404410939140603,99.4158457438446,2.27035296868987,2.1067129470932424,0.5631365378383993,283.00994971512824,2.1709948777968933,0.0,102,901
discounted_sarsa,up_shift,0.02,0.03,0.99,2,2.161793205036056,0.5715233737973463,96.95964467841203,2.2875707831005547,2.133347908583755,0.5579144070238485,282.2505298814953,2.2117392796702866,0.0,102,901
discounted_sarsa,up_shift,0.02,0.03,0.99,3,1.967043825299896,0.5117446734618151,88.89244672150164,2.1481398465357793,2.096602501653397,0.53664091716087,261.7213989279542,2.140371783994152,0.0,102,901
discounted_sarsa,up_shift,0.02,0.03,0.99,4,1.9394556973866846,0.5311718172338143,93.11848790146905,2.162429549300911,2.0978328215232303,0.5482537205445897,264.8433869858921,2.2375152360934547,0.0,102,901
discounted_sarsa,up_shift,0.02,0.03,0.99,5,2.1761234032697905,0.5738728164685404,102.24799328120929,2.291663970005122,2.213710343486873,0.564762523056648,287.8771217842965,2.2673185204855555,0.0,102,901
discounted_sarsa,up_shift,0.02,0.03,0.99,6,2.042432447506771,0.5799346886820735,91.51668273776598,2.093052740466875,1.9451308609210378,0.5720985380007984,271.86113128054956,1.9177755918789978,0.0,102,901
discounted_sarsa,up_shift,0.02,0.03,0.99,7,2.14763956642009,0.5712864725451039,104.61181207651364,2.2827085234976234,2.259170544430104,0.5713256950890481,289.5132607010449,2.2996477523912997,0.0,102,901
discounted_sarsa,up_shift,0.02,0.03,0.99,8,2.2585398167118473,0.5816175396475511,102.42846685618814,2.2830553222992775,2.1485157260024814,0.581078804694269,291.2886537727691,2.1346578055562224,0.0,102,901
discounted_sarsa,up_shift,0.02,0.03,0.99,9,2.1914011253926264,0.5884699521945856,101.42257156274052,2.263875787847767,2.1529370538084325,0.5759982757175901,291.1157704033872,2.147468557129937,0.0,102,901
discounted_sarsa,up_shift,0.02,0.1,0.9,0,2.11788300789071,0.5683423327203712,73.50131602357601,1.9962034533327448,2.13902775955155,0.573309134397438,196.3596445218791,1.99642538081751,0.0,102,901
discounted_sarsa,up_shift,0.02,0.1,0.9,1,2.040326615877723,0.4815776648019358,70.72907347163195,2.1312453029052736,2.134187871717173,0.48983215769513083,187.69530596000212,2.205575926645438,0.0,102,901
discounted_sarsa,up_shift,0.02,0.1,0.9,2,2.2175310996085873,0.5817933767100124,73.64082306455641,2.0991080965682793,2.17840461023294,0.5719777080701118,197.29775249644396,2.0555209727226478,0.0,102,901
discounted_sarsa,up_shift,0.02,0.1,0.9,3,2.25579746038896,0.5279082983692409,76.94840963319503,2.160676102509513,2.45692691438618,0.5624570730125943,201.79870863270088,2.246136611457412,0.0,102,901
discounted_sarsa,up_shift,0.02,0.1,0.9,4,2.3079584365849803,0.5357220301215635,77.23423761690375,2.2431065067717126,2.370384336235631,0.5519219650610434,198.87619958057994,2.254966113383233,0.0,102,901
discounted_sarsa,up_shift,0.02,0.1,0.9,5,1.9938653876464145,0.5563977635185284,67.64119425878987,1.9863448668841526,1.9949375328543173,0.5489349994776123,188.3977627115844,1.9391351077337784,0.0,102,901
discounted_sarsa,up_shift,0.02,0.1,0.9,6,2.261542725363602,0.5705861559303425,71.3206458975497,2.15723374620808,2.1644744721201716,0.5680243855513332,193.3040772165286,2.0405811560098677,0.0,102,901
discounted_sarsa,up_shift,0.02,0.1,0.9,7,2.116614726465588,0.5697616901442579,74.55652708318316,2.026592255506892,2.2233426777440415,0.5739134850815263,196.6796753700635,2.065100380299258,0.0,102,901
discounted_sarsa,up_shift,0.02,0.1,0.9,8,2.1363102195001384,0.5736799832121234,74.71501772500973,2.0064045921194893,2.1010787800393875,0.5622049099726841,195.12003576431434,1.984255046490802,0.0,102,901
discounted_sarsa,up_shift,0.02,0.1,0.9,9,2.368595436530415,0.5770862170229788,77.23612456130198,2.1674716535754954,2.350589278019703,0.5673178968924728,201.26380430916083,2.15634321022625,0.0,102,901
discounted_sarsa,up_shift,0.02,0.1,0.97,0,2.0657755657122534,0.5685909873102645,88.02936533041641,1.9540945612108165,2.0523766010891613,0.5689632927183187,257.4324230256092,1.9263648944207565,0.0,102,901
discounted_sarsa,up_shift,0.02,0.1,0.97,1,2.0008427187238262,0.5400778255784544,90.78591397410025,1.9974614156861588,2.1322843268316642,0.5601518494118504,256.0657864191914,2.0405099922045102,0.0,102,901
discounted_sarsa,up_shift,0.02,0.1,0.97,2,2.240353010273467,0.5836403765082596,94.41673442839979,2.1167463415557037,2.172967011614346,0.5718061605779625,268.13397095446004,2.0516340229410504,0.0,102,901
discounted_sarsa,up_shift,0.02,0.1,0.97,3,2.099415305433085,0.5264800547866496,89.58126608091749,2.1501541870156693,2.2052559239818788,0.5552543227000862,251.2681340061226,2.123094847249296,0.0,102,901
discounted_sarsa,up_shift,0.02,0.1,0.97,4,2.2941274345559366,0.5381792553984505,97.76965921026903,2.2310468002408896,2.3675797832153216,0.5553077899763784,264.47556066130954,2.243262432451077,0.0,102,901
discounted_sarsa,up_shift,0.02,0.1,0.97,5,2.1889283011513787,0.5687478634147407,94.49202173666892,2.052277042023066,2.255604582499238,0.5597255987782905,261.00138754925604,2.0861949965598625,0.0,102,901
discounted_sarsa,up_shift,0.02,0.1,0.97,6,2.1735085380065544,0.5722633602139797,93.95856969005057,2.069744152326479,2.1627741094485904,0.5832761129781955,264.0815861979636,2.001745578801396,0.0,102,901
discounted_sarsa,up_shift,0.02,0.1,0.97,7,2.0853299918002572,0.5792315770470596,96.56660746983518,2.0021056174152103,2.185442698580187,0.5785211997486038,264.26296023392774,2.028811196646566,0.0,102,901
discounted_sarsa,up_shift,0.02,0.1,0.97,8,2.217601150223535,0.5619921250546329,97.52785385566733,2.148581692668833,2.2354949628649963,0.5546565858288538,262.45979141148274,2.179261215467432,0.0,102,901
discounted_sarsa,up_shift,0.02,0.1,0.97,9,2.083199016505839,0.5372919494742097,86.9374498081104,2.0190254053977807,2.088451638404913,0.5577835717297547,246.6250731227893,1.943982145676815,0.0,102,901
discounted_sarsa,up_shift,0.02,0.1,0.99,0,2.214938453380318,0.561286589946795,99.75261301295002,2.198232010932067,2.178188000379509,0.5426115402578954,285.63279904397575,2.164074213647823,0.0,102,901
discounted_sarsa,up_shift,0.02,0.1,0.99,1,1.7580781215815307,0.4958852188528253,76.46917682024285,1.8922626399861813,1.7381800893913568,0.5044851454407541,235.4951496676761,1.8045186384727854,0.0,102,901
discounted_sarsa,up_shift,0.02,0.1,0.99,2,2.3177148977877855,0.5676413525236085,102.78248750623116,2.2897924963846465,2.245713701932084,0.556712908284501,287.45062487298986,2.214352472779148,0.0,102,901
discounted_sarsa,up_shift,0.02,0.1,0.99,3,2.1829359751804716,0.540799193218618,103.63613642615368,2.196955310842383,2.326305020893288,0.5665922106280965,289.82790571305986,2.2301501959615355,0.0,102,901
discounted_sarsa,up_shift,0.02,0.1,0.99,4,2.2104430658941077,0.5561000756207678,100.85249931966575,2.1628030229356994,2.218855117183674,0.5603034767663964,281.03349149916824,2.139938202137649,0.0,102,901
discounted_sarsa,up_shift,0.02,0.1,0.99,5,2.090282217137231,0.5752258514072656,101.08811925170804,1.999123439100057,2.1443219832379286,0.5690997099731319,288.4241062156647,2.0060627792584276,0.0,102,901
discounted_sarsa,up_shift,0.02,0.1,0.99,6,2.3469313087281916,0.5710057815536621,102.2201517390016,2.3018654077808356,2.232607365315283,0.5607616156938017,285.18293276488987,2.1756914815397597,0.0,102,901
discounted_sarsa,up_shift,0.02,0.1,0.99,7,2.074496256492947,0.5801720047329622,105.83343408618816,1.9807616052737576,2.1974207428783665,0.578154764679416,294.8300333389548,2.0431972800993785,0.0,102,901
discounted_sarsa,up_shift,0.02,0.1,0.99,8,2.1295533918440053,0.544759338419928,96.47734137917827,2.1100759387656054,2.113662425432436,0.5480291843428957,273.08367184883787,2.092547361728107,0.0,102,901
discounted_sarsa,up_shift,0.02,0.1,0.99,9,2.3930100180892744,0.5466951812540206,109.45576464055334,2.3103809036331118,2.3836216564459427,0.5700429504751865,296.95632663792253,2.178165379729179,0.0,102,901
discounted_sarsa,up_shift,0.05,0.001,0.9,0,2.1216703023584094,0.550351114316789,120.59548132720123,4.875945425660852,2.0360334896894,0.5328799027312877,314.6105278494823,2.188294848385232,0.0,102,901
discounted_sarsa,up_shift,0.05,0.001,0.9,1,2.032093824378653,0.5450618223183131,125.42626763353849,4.866004106151472,2.2080096759444485,0.5665680758804389,318.14195228462773,2.294023870662875,0.0,102,901
discounted_sarsa,up_shift,0.05,0.001,0.9,2,2.267681255830194,0.5678395322916155,126.45144505058376,4.90457946619024,2.254489921323327,0.5592356844231127,319.49855435451843,2.3890828231376093,0.0,102,901
discounted_sarsa,up_shift,0.05,0.001,0.9,3,2.084975266379096,0.5175818918760386,120.6772721718781,4.9855452297055,2.1309183299581025,0.5539115019612891,316.2874978123644,2.2805241308140967,0.0,102,901
discounted_sarsa,up_shift,0.05,0.001,0.9,4,2.106670491609864,0.5401772421775718,120.89209550359647,5.029275519532971,2.3080490554329693,0.5580039375645643,317.55436113048694,2.3716814943488824,0.0,102,901
discounted_sarsa,up_shift,0.05,0.001,0.9,5,2.3136884819465866,0.5586622455382398,130.69781451952824,4.9197792605257895,2.3247854858766708,0.5524483240581606,322.3263281901083,2.3674455480993597,0.0,102,901
discounted_sarsa,up_shift,0.05,0.001,0.9,6,2.3478196723348037,0.5407540147218598,129.78625556677602,4.942534699702418,2.371631973270499,0.5574837300067618,326.54328683546487,2.464805662730044,0.0,102,901
discounted_sarsa,up_shift,0.05,0.001,0.9,7,2.271416158038813,0.5587827403447911,126.92462144194852,4.914721440356226,2.262195587258964,0.5574531239563266,321.5565002376311,2.3014241766909262,0.0,102,901
discounted_sarsa,up_shift,0.05,0.001,0.9,8,2.388360338260713,0.5446505782636171,127.83449717096936,4.921533971915992,2.413664986470495,0.5331254186160918,323.70560491487555,2.5567353524003122,0.0,102,901
discounted_sarsa,up_shift,0.05,0.001,0.9,9,2.300619877701896,0.5614596087020441,126.3622368743982,5.02835308383556,2.2369436303485912,0.5541900238545336,319.1280483805842,2.3326237359908712,0.0,102,901
discounted_sarsa,up_shift,0.05,0.001,0.97,0,2.364259480471476,0.5708918718665474,194.70708355791697,4.8586691280874925,2.285319211322835,0.5448901026014189,522.22414843988,2.321473250324835,0.0,102,901
discounted_sarsa,up_shift,0.05,0.001,0.97,1,2.0773752731499493,0.5507225170677268,182.5397687498974,4.894556434851787,2.1866232305491478,0.550880753178357,503.7474516685522,2.2669555267260404,0.0,102,901
discounted_sarsa,up_shift,0.05,0.001,0.97,2,2.058135371642233,0.53552583939318,171.24678883443823,4.854270167680139,2.0112717137910705,0.5155393738630624,480.3738467312255,2.1799454574894317,0.0,102,901
discounted_sarsa,up_shift,0.05,0.001,0.97,3,2.2525086012198634,0.5108571463194389,191.6969168553014,4.924552502960646,2.421992693054466,0.5408903559486219,514.7602812848954,2.5373018807781023,0.0,102,901
discounted_sarsa,up_shift,0.05,0.001,0.97,4,2.0159355830697354,0.5215312906802492,164.62650621097728,4.932019592864376,2.1784008082534028,0.5408066216089183,482.0721519721474,2.252615234889094,0.0,102,901
discounted_sarsa,up_shift,0.05,0.001,0.97,5,2.213210468323826,0.5391003774110755,194.14149371263827,4.886148024543616,2.251334308794922,0.5617734286902089,519.2397175367176,2.37906784050616,0.0,102,901
discounted_sarsa,up_shift,0.05,0.001,0.97,6,2.141041249376826,0.5582936605411919,181.59048927440978,4.941600438498334,2.17919907300422,0.5680987080441657,501.22500161221956,2.239035062707681,0.0,102,901
discounted_sarsa,up_shift,0.05,0.001,0.97,7,2.1111564670743874,0.5790817046076496,190.2804215546891,4.830891869962973,2.1956176353290067,0.5790479411430326,518.0134292201049,2.2183329590633356,0.0,102,901
discounted_sarsa,up_shift,0.05,0.001,0.97,8,2.2578233730018162,0.5682070080013901,187.50979300288623,4.812516312883924,2.126295435161898,0.5694222077382225,507.87021403548044,2.1384878513147663,0.0,102,901
discounted_sarsa,up_shift,0.05,0.001,0.97,9,1.6805932611614054,0.5406190568524839,155.1310589344075,4.866027086477615,1.7779844195116616,0.5615496964770605,465.3236991316167,1.836822666521581,0.0,102,901
discounted_sarsa,up_shift,0.05,0.001,0.99,0,1.9925858150043458,0.5635262442078315,212.71289970988846,4.88248666854854,2.0918939525675837,0.5640036713298298,612.1172148348991,2.176652393847907,0.0,102,901
discounted_sarsa,up_shift,0.05,0.001,0.99,1,2.0902020324507307,0.5420734883910354,222.16821680402018,4.923012520904279,2.1664232756596915,0.572253207125778,622.9783411409576,2.219518567478371,0.0,102,901
discounted_sarsa,up_shift,0.05,0.001,0.99,2,1.9618816870067268,0.560040496457158,193.12843570190066,4.898311380530083,1.8920893033513486,0.5538368302638162,575.7256454817599,1.9121809377767747,0.0,102,901
discounted_sarsa,up_shift,0.05,0.001,0.99,3,2.272889081256207,0.5262239320851453,227.7896870038991,4.9241257820805915,2.4073595528373737,0.5577668179238271,620.5277851114563,2.4951182133412693,0.0,102,901
discounted_sarsa,up_shift,0.05,0.001,0.99,4,2.0686248832846488,0.5188757011965472,211.3828885338205,4.868184695060692,2.2333039358711892,0.5323716818581616,589.9987015272708,2.297518609641855,0.0,102,901
discounted_sarsa,up_shift,0.05,0.001,0.99,5,2.1210716824904194,0.5477967844349733,209.10501863072275,4.886864139903252,2.210121003108496,0.5416226040792081,588.8651043527518,2.3991201711970076,0.0,102,901
discounted_sarsa,up_shift,0.05,0.001,0.99,6,2.2610175149435054,0.5903151564666315,217.77651495151454,5.040115567029987,2.1739342650315536,0.5824690445843848,623.9226284132826,2.18902490924962,0.0,102,901
discounted_sarsa,up_shift,0.05,0.001,0.99,7,2.147850630472356,0.5429937008396265,220.70970612377602,4.7776840824434075,2.278606431064876,0.5645346970541292,611.1507143066545,2.343658737955927,0.0,102,901
discounted_sarsa,up_shift,0.05,0.001,0.99,8,2.190279692259092,0.5613161089210865,217.38516408823784,4.815716392246539,2.090655339155237,0.5697581186925942,612.8658656116353,2.1367014403344373,0.0,102,901
discounted_sarsa,up_shift,0.05,0.001,0.99,9,2.381777903952026,0.5710131789274165,230.93487832567786,5.007862455797019,2.382152662841408,0.5610453425589228,626.8702225414708,2.3612526507688503,0.0,102,901
discounted_sarsa,up_shift,0.05,0.003,0.9,0,2.2678721740317926,0.5569230614689435,130.8032669752203,3.161115567095385,2.382809939052946,0.5579693737295119,326.13163229996877,2.386200832125141,0.0,102,901
discounted_sarsa,up_shift,0.05,0.003,0.9,1,1.9879051514349493,0.5442276484509934,121.01425107815002,3.065845544227974,2.1038133318498975,0.5505230225644534,312.92520082506445,2.2472737387331034,0.0,102,901
discounted_sarsa,up_shift,0.05,0.003,0.9,2,2.4058182678960365,0.5488783775967363,129.4578299333811,3.2407627693921763,2.408375407770517,0.5405249982452377,326.577337284609,2.5115499918187623,0.0,102,901
discounted_sarsa,up_shift,0.05,0.003,0.9,3,2.433342238714232,0.5273631820518617,137.78339355871674,3.2470992428004197,2.51525785362058,0.5466148815089488,334.1221130007522,2.479924970885857,0.0,102,901
discounted_sarsa,up_shift,0.05,0.003,0.9,4,1.9593923403370828,0.5254034737765805,120.2567924907815,3.083258963641329,2.1281656625406584,0.5348978872301628,316.40071650572366,2.2877634430229596,0.0,102,901
discounted_sarsa,up_shift,0.05,0.003,0.9,5,2.6064497819583736,0.521558099479423,137.63251303342744,3.4286641832754565,2.5387026472133876,0.5408569264159838,334.43208014149155,2.595738571491557,0.0,102,901
discounted_sarsa,up_shift,0.05,0.003,0.9,6,2.2438530344653023,0.5371579474542393,123.21120590763724,3.2522394879275907,2.2210496612896393,0.5302529336612168,320.9668091972217,2.4681460283528107,0.0,102,901
discounted_sarsa,up_shift,0.05,0.003,0.9,7,2.5310238620615517,0.5308366136037678,132.8892572754396,3.2895785802153377,2.5892809625053017,0.5346240084088475,333.9629256851485,2.6386179135989907,0.0,102,901
discounted_sarsa,up_shift,0.05,0.003,0.9,8,2.127125019134009,0.5735511435135087,120.57535820959501,2.9866397242193075,2.118870899497397,0.5648753665953212,311.1039222156779,2.1813574268818536,0.0,102,901
discounted_sarsa,up_shift,0.05,0.003,0.9,9,2.322252566455741,0.5398280124602638,128.39601284128884,3.2406237599179657,2.326834152068993,0.5544453746357165,322.44895870362967,2.51902605566898,0.0,102,901
discounted_sarsa,up_shift,0.05,0.003,0.97,0,2.329811723953409,0.5227110546604788,182.11314349880527,3.233247475114152,2.286337518175556,0.5077038659343369,495.7871435171889,2.5744135796513405,0.0,102,901
discounted_sarsa,up_shift,0.05,0.003,0.97,1,2.1098384707488953,0.558789443503413,187.64251912081232,3.1125722806436116,2.2525610593452674,0.557863312041134,510.63113868118813,2.320833654838141,0.0,102,901
discounted_sarsa,up_shift,0.05,0.003,0.97,2,2.1668895212599395,0.5827560101352227,184.6727099552764,3.0710596733265385,2.0748200867439572,0.5646275854994242,509.3504381455505,2.172667219737363,0.0,102,901
discounted_sarsa,up_shift,0.05,0.003,0.97,3,1.9778063438602995,0.5291199397391063,170.9175143246475,3.0640146319976327,2.0613323387851024,0.5541861216194831,484.32999494796076,2.1729509656056547,0.0,102,901
discounted_sarsa,up_shift,0.05,0.003,0.97,4,2.143439075602049,0.5526854515875408,190.3059777988935,3.1470425417321013,2.267802481390815,0.567638391950383,515.8329054090632,2.30198268848705,0.0,102,901
discounted_sarsa,up_shift,0.05,0.003,0.97,5,1.8845588228712418,0.5308974689222404,161.04588264998915,2.9840282888256646,1.885106615935257,0.5476890583264732,474.874370147769,1.9308759451017368,0.0,102,901
discounted_sarsa,up_shift,0.05,0.003,0.97,6,2.3291900855695555,0.504595501214595,179.46063507662132,3.32120893874221,2.2673251409156707,0.5025960168761574,492.44103761490334,2.5223382809289796,0.0,102,901
discounted_sarsa,up_shift,0.05,0.003,0.97,7,2.586770470739663,0.4974124376526687,202.16815882679802,3.4156744149597302,2.631900975798976,0.5013963355453588,520.2440791089715,2.8445012949822135,0.0,102,901
discounted_sarsa,up_shift,0.05,0.003,0.97,8,2.117376182570746,0.567512992797074,189.7402917971726,2.987471951478544,2.0803981070998367,0.5627248323412942,511.64663609953584,2.147127877285064,0.0,102,901
discounted_sarsa,up_shift,0.05,0.003,0.97,9,2.352793290322425,0.5746872746653706,197.2015117032951,3.236386014150388,2.352082716041462,0.5668093268603138,527.0744867917252,2.349599108628605,0.0,102,901
discounted_sarsa,up_shift,0.05,0.003,0.99,0,2.1083961299773755,0.5671828341037648,221.00723382932094,3.0696719646882706,2.1400105510575527,0.5725300539655465,630.2031321714702,2.186952918512156,0.0,102,901
discounted_sarsa,up_shift,0.05,0.003,0.99,1,2.064075797404379,0.536160147538777,213.42261479983893,3.1032670951673573,2.292725903736709,0.535933289650692,593.0660600139988,2.4640230448673623,0.0,102,901
discounted_sarsa,up_shift,0.05,0.003,0.99,2,1.863740600215897,0.5660986978643386,183.7563526833996,2.9137482849007244,1.810981048824281,0.5539225618779332,566.4587160152006,1.843128389616211,0.0,102,901
discounted_sarsa,up_shift,0.05,0.003,0.99,3,2.2627950818589904,0.5410778951599958,231.41485207771984,3.185798298429382,2.3970861932232617,0.5694124639487427,636.8401377187641,2.377892806490225,0.0,102,901
discounted_sarsa,up_shift,0.05,0.003,0.99,4,1.640119571541381,0.5350550651278289,178.40657361337585,2.902780055038529,1.8067568836531367,0.5580142598351298,553.207428077909,1.8608630832154314,0.0,102,901
discounted_sarsa,up_shift,0.05,0.003,0.99,5,2.1210047184942007,0.5815140760733103,221.24654681261708,3.085714751280018,2.1634100888008887,0.5719153666407579,627.261165839647,2.2110975635892904,0.0,102,901
discounted_sarsa,up_shift,0.05,0.003,0.99,6,2.2593049982359705,0.5324598993119589,204.08050169107554,3.2446293363440577,2.224207618013327,0.5303948472696096,574.0618018030198,2.3871719820281254,0.0,102,901
discounted_sarsa,up_shift,0.05,0.003,0.99,7,2.098174175069111,0.5673751374910259,222.37701880325352,3.0291576089294376,2.2431394150943205,0.5769125346988311,611.6188378334592,2.278902632692039,0.0,102,901
discounted_sarsa,up_shift,0.05,0.003,0.99,8,2.2037695632555603,0.5724564279576149,225.18041694030188,3.0428234721873495,2.1257242305119686,0.5788276142166519,630.7851073444972,2.1489950243965557,0.0,102,901
discounted_sarsa,up_shift,0.05,0.003,0.99,9,2.1538726120297267,0.5563060265081781,223.96922491025938,3.0887122983505626,2.1980177235426477,0.5815305630965409,626.5468221877771,2.232118757393652,0.0,102,901
discounted_sarsa,up_shift,0.05,0.01,0.9,0,1.9418794207357666,0.5603652777877315,115.92943533093856,2.257589166031538,1.9041632656855993,0.5621252802744946,306.6992417702622,1.9387782103697313,0.0,102,901
discounted_sarsa,up_shift,0.05,0.01,0.9,1,2.0767673202495,0.5376708477803114,124.0422366783896,2.4722202636778348,2.1735957891962117,0.5665346295334153,313.9849245988519,2.2539193606608823,0.0,102,901
discounted_sarsa,up_shift,0.05,0.01,0.9,2,2.237634143522671,0.5973621374643888,125.68241475759974,2.4763680644810546,2.1495990292208855,0.5763834013646921,315.55384791222707,2.1756156050613744,0.0,102,901
discounted_sarsa,up_shift,0.05,0.01,0.9,3,2.1306379176343158,0.5542388936261566,124.7892077291226,2.4609564213438118,2.2231818162965933,0.5810833923377252,315.83427736124065,2.2404209348938235,0.0,102,901
discounted_sarsa,up_shift,0.05,0.01,0.9,4,2.15904218282942,0.529535771658813,119.26868658077346,2.6131253641745547,2.3487300256629173,0.5541824833402039,319.02096311903057,2.462164581722889,0.0,102,901
discounted_sarsa,up_shift,0.05,0.01,0.9,5,2.1046360054664563,0.5611848401015859,119.13643729667339,2.4535713117884477,2.119803558398004,0.5493918539327756,313.91005771023055,2.2490502595105806,0.0,102,901
discounted_sarsa,up_shift,0.05,0.01,0.9,6,2.1302055451375,0.5641020443881604,121.91705548431146,2.5326646247215625,2.1419441190511086,0.5810177734521327,312.7206061374013,2.1670963328545736,0.0,102,901
discounted_sarsa,up_shift,0.05,0.01,0.9,7,2.14272046788145,0.5307293351887046,126.04985097739888,2.56285743152468,2.2797079385967267,0.5426981924958538,322.61977731557556,2.425615207981071,0.0,102,901
discounted_sarsa,up_shift,0.05,0.01,0.9,8,2.3228181640393797,0.5538789210773155,130.60287258243878,2.715644377441549,2.262022751754137,0.5419709231054708,321.5880744267559,2.486160889279132,0.0,102,901
discounted_sarsa,up_shift,0.05,0.01,0.9,9,2.1399635065659948,0.5554293657235556,121.57824719604884,2.471350107300071,2.1672028593714834,0.572110443409422,314.4234521165813,2.1981525604806933,0.0,102,901
discounted_sarsa,up_shift,0.05,0.01,0.97,0,2.4267623893129646,0.5355216779299491,191.71484735329727,2.8341094936989593,2.345024797156058,0.5100068592968316,514.2823864109249,2.6270624494255777,0.0,102,901
discounted_sarsa,up_shift,0.05,0.01,0.97,1,2.0225657580922487,0.5532305134746265,187.18257551739612,2.36975148078276,2.171410944703623,0.5724641484040757,512.6954452744773,2.2207319913666983,0.0,102,901
discounted_sarsa,up_shift,0.05,0.01,0.97,2,2.217095481834566,0.5879360775714791,189.96484085694186,2.4940662913144718,2.1598683264109058,0.5755294234519339,520.8353103928623,2.194798532746328,0.0,102,901
discounted_sarsa,up_shift,0.05,0.01,0.97,3,2.006248747798539,0.5270548490333831,180.27168742733429,2.412921533897242,2.2598052215931808,0.5772497463908384,510.65073835298904,2.316722282307366,0.0,102,901
discounted_sarsa,up_shift,0.05,0.01,0.97,4,1.8976682791900057,0.5532036077433923,179.3759709339282,2.2759271132195606,2.076742598859728,0.5761118969373513,507.85822647319196,2.0922976896155783,0.0,102,901
discounted_sarsa,up_shift,0.05,0.01,0.97,5,2.0969294884847054,0.5554018226468439,178.88743510795507,2.530188139603166,2.153159783064865,0.54205107200446,499.23454584602837,2.406408429572799,0.0,102,901
discounted_sarsa,up_shift,0.05,0.01,0.97,6,1.6107764483483695,0.49167061225786796,137.49834278456171,2.194129136378464,1.5773828381814228,0.4903522652081943,426.51763370542824,1.844039810022077,0.0,102,901
discounted_sarsa,up_shift,0.05,0.01,0.97,7,1.8252643866695382,0.5493537784018049,167.2039694849359,2.21785149870438,1.901193726935548,0.5621113620451532,482.9044964067744,1.9783353089218905,0.0,102,901
discounted_sarsa,up_shift,0.05,0.01,0.97,8,2.2051599475919623,0.5659370795407165,188.6257685246162,2.5020940916984733,2.152243815097688,0.5716210249142555,514.505642957866,2.1966652437121135,0.0,102,901
discounted_sarsa,up_shift,0.05,0.01,0.97,9,2.1608846807611206,0.5762950256558284,180.59978939029583,2.4859059315809273,2.1657699903897045,0.56371382494028,503.6084293580979,2.2664567160742424,0.0,102,901
discounted_sarsa,up_shift,0.05,0.01,0.99,0,2.317725255072594,0.558889193026118,233.2384800564957,2.560824965182843,2.3375172095302807,0.5637526943132398,645.1619469789275,2.335541313679345,0.0,102,901
discounted_sarsa,up_shift,0.05,0.01,0.99,1,2.1872961538420705,0.5630453928135639,226.43200867325956,2.4499942578498137,2.3217764569533776,0.5551195562899117,616.1114551686721,2.369822657564117,0.0,102,901
discounted_sarsa,up_shift,0.05,0.01,0.99,2,1.9185173241478306,0.5633414236373363,187.5197360950951,2.285126363067202,1.869316580039414,0.5536318544812486,569.2661844478271,1.9558144568009006,0.0,102,901
discounted_sarsa,up_shift,0.05,0.01,0.99,3,2.0688872792478783,0.5264086969179056,207.3760881548074,2.4584993065424063,2.1997723775499467,0.5530872811036307,587.2108320882162,2.2998842983679033,0.0,102,901
discounted_sarsa,up_shift,0.05,0.01,0.99,4,2.3448266985781445,0.5080577977730377,234.57175058898983,2.7663492160286927,2.5660543335496424,0.5324202500069874,618.5440522585452,2.6565419826451233,0.0,102,901
discounted_sarsa,up_shift,0.05,0.01,0.99,5,2.189045904649323,0.5430233413530252,224.2143294507366,2.577493054751014,2.326280200068121,0.5667577056179918,619.7409661815885,2.42700719039198,0.0,102,901
discounted_sarsa,up_shift,0.05,0.01,0.99,6,2.2842823337173663,0.5404134036677454,212.9283476599412,2.5873569480255623,2.2115368083961173,0.53304928208443,598.7936871437547,2.245489385702887,0.0,102,901
discounted_sarsa,up_shift,0.05,0.01,0.99,7,2.0804246077214987,0.5701137695532216,226.5176755354629,2.387775402322124,2.194953901806789,0.5857429356622279,630.5467654814366,2.2106079644075125,0.0,102,901
discounted_sarsa,up_shift,0.05,0.01,0.99,8,2.1585537308130185,0.5658543258757377,218.21495827157088,2.462418013370343,2.0829511984062785,0.5590720783152339,609.9060616570074,2.159760146462931,0.0,102,901
discounted_sarsa,up_shift,0.05,0.01,0.99,9,2.1453328462315553,0.5858252611864456,212.42240895927338,2.4299984873575684,2.1774961422672106,0.5779900805148848,623.2111895387642,2.2077344327913373,0.0,102,901
discounted_sarsa,up_shift,0.05,0.03,0.9,0,2.1387636702810675,0.5419082871020827,123.1376935115712,2.2761328236129614,2.210721841497955,0.5448880258618523,315.6453429943241,2.2771561771253186,0.0,102,901
discounted_sarsa,up_shift,0.05,0.03,0.9,1,2.1106636571646513,0.5627288613306519,123.29499218651875,2.262424302807091,2.3036554579478175,0.5603468621202089,319.7862793113086,2.377491627204205,0.0,102,901
discounted_sarsa,up_shift,0.05,0.03,0.9,2,2.2462918856742284,0.5880834606515621,124.67834567163987,2.298833601775145,2.178085301056401,0.5720232712172321,313.9826271865245,2.1992616959050033,0.0,102,901
discounted_sarsa,up_shift,0.05,0.03,0.9,3,2.2089905848838094,0.48503410570825,127.85093779406382,2.608121421194801,2.3611763785413293,0.507485575761909,328.73193093240536,2.664298395572498,0.0,102,901
discounted_sarsa,up_shift,0.05,0.03,0.9,4,2.0122077635432616,0.5439427137809658,122.30937342703706,2.1880545050089926,2.1857667096474334,0.5664022964131539,317.6255121605463,2.249177504369608,0.0,102,901
discounted_sarsa,up_shift,0.05,0.03,0.9,5,2.1285617325794806,0.5760602096915627,124.01312926648579,2.217594000144263,2.166179330748665,0.5685016343100517,315.16536453157215,2.1750366331288133,0.0,102,901
discounted_sarsa,up_shift,0.05,0.03,0.9,6,2.415126966540591,0.5454915396911539,131.68008033868918,2.5691839687032445,2.4513979105617874,0.5536855343016345,328.24793569550377,2.508548125154879,0.0,102,901
discounted_sarsa,up_shift,0.05,0.03,0.9,7,2.0072393261472348,0.5674949187288831,122.46215927153733,2.1575259425869033,2.1360209829197676,0.5667810644556803,313.7588014391915,2.1874841439463113,0.0,102,901
discounted_sarsa,up_shift,0.05,0.03,0.9,8,2.511392093264505,0.5650045320194446,131.11490050383856,2.542318252378781,2.3505382672114172,0.5553046444946272,325.2270825897721,2.3815158403334307,0.0,102,901
discounted_sarsa,up_shift,0.05,0.03,0.9,9,2.054408708714929,0.5166903684461438,115.7048802119123,2.312857060992463,2.047007730885436,0.5037514992993704,311.5116918406487,2.234844552302882,0.0,102,901
discounted_sarsa,up_shift,0.05,0.03,0.97,0,2.1590678719502403,0.573418967082771,182.5895678591643,2.2236273939451396,2.09424063228186,0.550713216949139,506.8928069025752,2.1396943480923047,0.0,102,901
discounted_sarsa,up_shift,0.05,0.03,0.97,1,2.0456142992803206,0.5759815607635362,182.46738638417403,2.0948301547500123,2.1837813292694173,0.5715900430328178,511.0556950755387,2.1786943378991306,0.0,102,901
discounted_sarsa,up_shift,0.05,0.03,0.97,2,2.3586871391501014,0.5551217049433054,190.14148437098268,2.587331904310951,2.3359152899821525,0.5459963850784789,515.4670456470949,2.5222020609977207,0.0,102,901
discounted_sarsa,up_shift,0.05,0.03,0.97,3,2.0054781974358704,0.5155244951169519,178.6687455040336,2.259903100676055,2.2865403983562973,0.5514433745845331,498.81386348094935,2.378848575672666,0.0,102,901
discounted_sarsa,up_shift,0.05,0.03,0.97,4,2.1542094148924265,0.5194003661979723,182.5288456009163,2.393738759325981,2.2987695006594278,0.5391520572042255,500.1734765440995,2.433845728308058,0.0,102,901
discounted_sarsa,up_shift,0.05,0.03,0.97,5,2.144356558076376,0.5611113859985408,184.0369527091005,2.3149829438414455,2.2078268480758574,0.5554922512846593,504.73526229027317,2.304138302068502,0.0,102,901
discounted_sarsa,up_shift,0.05,0.03,0.97,6,2.315290774889235,0.5618146525425629,166.9267683527771,2.5432189501340177,2.2404021497520783,0.5578916129016053,497.3590327378613,2.404939852623286,0.0,102,901
discounted_sarsa,up_shift,0.05,0.03,0.97,7,2.1673235289165245,0.5574875705720773,191.01721383031625,2.2790188893169567,2.2524847848879435,0.5601949528039583,509.5523559867445,2.2622397385003783,0.0,102,901
discounted_sarsa,up_shift,0.05,0.03,0.97,8,2.503696642691004,0.5798028594975828,200.71617742236663,2.4276099558988182,2.3439356290126034,0.5670963975460451,524.3797091658654,2.285890120211655,0.0,102,901
discounted_sarsa,up_shift,0.05,0.03,0.97,9,2.3641502660350797,0.5399282774613161,186.31791168443763,2.4678991411539517,2.4059037314097536,0.5347970975880272,503.4279210174906,2.4312928893012353,0.0,102,901
discounted_sarsa,up_shift,0.05,0.03,0.99,0,2.2624754433936465,0.5680380206399295,222.95888821694786,2.4038468585269377,2.2345808998036647,0.5434457744850257,626.9379089332803,2.373808177977543,0.0,102,901
discounted_sarsa,up_shift,0.05,0.03,0.99,1,2.2396059815702296,0.5407404089830304,214.11860223648932,2.381206998626296,2.348163814932222,0.5281859892897504,584.5032358774741,2.460448375091526,0.0,102,901
discounted_sarsa,up_shift,0.05,0.03,0.99,2,2.4014671666778247,0.5592391291026207,227.3262648487912,2.4372445154859625,2.330108540678965,0.5438421438228037,608.5108682133833,2.317303983560021,0.0,102,901
discounted_sarsa,up_shift,0.05,0.03,0.99,3,2.230911889878338,0.5305877618809358,225.50715353380693,2.373779239295792,2.3960830891649265,0.5640687818698938,622.1356856165199,2.3648482185470807,0.0,102,901
discounted_sarsa,up_shift,0.05,0.03,0.99,4,1.9902026835231184,0.5483509291143932,215.93397868526085,2.121591131299158,2.196394110178597,0.5743505791680958,618.3361199306552,2.1853477471347897,0.0,102,901
discounted_sarsa,up_shift,0.05,0.03,0.99,5,2.057226248349371,0.5557251502812408,223.82759563425287,2.1608025135447035,2.174939308981428,0.5790070881850737,629.0682136816343,2.1644954986402283,0.0,102,901
discounted_sarsa,up_shift,0.05,0.03,0.99,6,1.9809711671116697,0.4892364799100843,173.6324456947487,2.2829336039631616,1.8611649839408506,0.4679470629174676,516.7077791137406,2.1158833086645146,0.0,102,901
discounted_sarsa,up_shift,0.05,0.03,0.99,7,2.0936533360330194,0.5708763487297537,226.26378158465084,2.1905159496757887,2.202637488231849,0.5856691094701888,630.4427099727551,2.1796984422853076,0.0,102,901
discounted_sarsa,up_shift,0.05,0.03,0.99,8,2.32685820196746,0.5611514714040202,226.1001453659797,2.439452805618934,2.282181879478762,0.5600090376969008,615.6316255473394,2.3491007354440563,0.0,102,901
discounted_sarsa,up_shift,0.05,0.03,0.99,9,2.1112948459924175,0.5745862065387201,198.38065684427045,2.259527764975473,2.1155364392143405,0.5675661302520519,601.989938805802,2.181105154176843,0.0,102,901
discounted_sarsa,up_shift,0.05,0.1,0.9,0,2.061518002736766,0.5728495959226507,121.62866670764244,1.9818589162365385,2.109723877702156,0.5658816009588356,313.49927962460896,2.0246018414437574,0.0,102,901
discounted_sarsa,up_shift,0.05,0.1,0.9,1,2.0043348208932583,0.581660913997766,123.76082139859805,1.8667199886148496,2.1558156569558626,0.5695001870249485,313.3545903274862,2.0301256923638005,0.0,102,901
discounted_sarsa,up_shift,0.05,0.1,0.9,2,2.169502490819648,0.5777733637187944,124.32009624297639,2.088941162010286,2.0924742878452323,0.5656296263475432,314.44107844205814,2.0109995307404063,0.0,102,901
discounted_sarsa,up_shift,0.05,0.1,0.9,3,2.0231358569589224,0.5191257966882766,121.59925205577774,2.093329684450888,2.1638627513118656,0.5690990245066955,315.6645859968206,2.077774372440426,0.0,102,901
discounted_sarsa,up_shift,0.05,0.1,0.9,4,2.078464711096136,0.55973401659722,121.39352452560159,2.025522951998531,2.105102564047184,0.5735414221800532,311.0185518367544,1.9818178827882253,0.0,102,901
discounted_sarsa,up_shift,0.05,0.1,0.9,5,2.247799002263386,0.5482945206745423,127.50770925495493,2.2047899869010763,2.298673773521997,0.5422790408402164,323.5161537953018,2.236374965239918,0.0,102,901
discounted_sarsa,up_shift,0.05,0.1,0.9,6,2.1571134624108925,0.5691382067668207,123.51271699725963,2.0707838612240117,2.1472029150565235,0.5776851900123281,312.39240912185494,2.0171740985732494,0.0,102,901
discounted_sarsa,up_shift,0.05,0.1,0.9,7,1.8260641950086016,0.545986226973751,111.91855076934672,1.9065868980852865,1.9017762245437486,0.5414716082761105,301.78520077302744,1.8944070097278163,0.0,102,901
discounted_sarsa,up_shift,0.05,0.1,0.9,8,2.093830644265412,0.5587582548271678,123.4963186965977,1.9663724359723431,2.063249592105881,0.5485515829373384,311.72461279092545,1.9504733248330786,0.0,102,901
discounted_sarsa,up_shift,0.05,0.1,0.9,9,2.120240456144409,0.5824781544290897,122.43973182833936,1.9818211370942242,2.153080330952612,0.5723171745963336,312.1059147436594,2.0185506032672866,0.0,102,901
discounted_sarsa,up_shift,0.05,0.1,0.97,0,2.009468002700718,0.5399848096755756,177.1963025452741,1.9908061445936889,2.123992198820267,0.5543977206264276,500.19753612582525,2.046453576810331,0.0,102,901
discounted_sarsa,up_shift,0.05,0.1,0.97,1,2.1936961022252497,0.5509510222366635,185.08379423833534,2.0527439190944365,2.274107583035295,0.5538983010949334,507.3836123539517,2.107569842785129,0.0,102,901
discounted_sarsa,up_shift,0.05,0.1,0.97,2,2.27161055995248,0.5754248483611821,188.9869214790614,2.1606147342484574,2.1878018515968525,0.5631490338853827,509.21404042247315,2.0596491324454447,0.0,102,901
discounted_sarsa,up_shift,0.05,0.1,0.97,3,2.0748446945889785,0.5405824719049528,181.3194786993729,2.0882231208554125,2.1831074334364207,0.5660098888825569,502.8417957411725,2.1004525006593737,0.0,102,901
discounted_sarsa,up_shift,0.05,0.1,0.97,4,2.2941938033513454,0.5193428338889309,196.0162878716141,2.384721650198755,2.4412572762406453,0.5306089416533901,515.1438233959353,2.467982213646183,0.0,102,901
discounted_sarsa,up_shift,0.05,0.1,0.97,5,2.0820275726314996,0.5521491569335555,166.51747853246795,2.018048629698738,2.184954141431652,0.5761518613763013,501.33152330675364,2.052258855559139,0.0,102,901
discounted_sarsa,up_shift,0.05,0.1,0.97,6,2.54416757436674,0.5183290444197982,201.56138418996966,2.528342655268628,2.5420868407538304,0.5264231494591166,521.5625887746623,2.457076915179193,0.0,102,901
discounted_sarsa,up_shift,0.05,0.1,0.97,7,2.1447988233430473,0.5717496586783016,191.2447968415374,2.088646728463636,2.2280297447746245,0.5693378550949583,515.719572635378,2.109492962154761,0.0,102,901
discounted_sarsa,up_shift,0.05,0.1,0.97,8,2.335066161998798,0.5516974199976583,196.65721992481872,2.2114349231378925,2.3348361210867674,0.542660768659025,515.448104175613,2.2375458362844522,0.0,102,901
discounted_sarsa,up_shift,0.05,0.1,0.97,9,2.144633619770152,0.5572244690290892,178.76723173051647,2.1845538538656615,2.158197399278493,0.5533872370735836,501.42225945276317,2.170915291352803,0.0,102,901
discounted_sarsa,up_shift,0.05,0.1,0.99,0,2.2412426808577592,0.5603992941242063,213.73349658692794,2.1512617520492996,2.137457209237069,0.5339247268720618,606.0709070105443,2.089504040919814,0.0,102,901
discounted_sarsa,up_shift,0.05,0.1,0.99,1,2.149425898021026,0.5431587216483853,219.54754402151602,2.1350243609473036,2.3152758044139063,0.5426026758453548,607.1299487039802,2.290220397148786,0.0,102,901
discounted_sarsa,up_shift,0.05,0.1,0.99,2,2.426641209562176,0.5774557961804865,233.22476768863592,2.2345792119173313,2.3812832394135763,0.561668836123196,640.5440768505781,2.2088635207956857,0.0,102,901
discounted_sarsa,up_shift,0.05,0.1,0.99,3,1.7254750969420924,0.5108078542331256,172.20480322792832,1.778891686548262,1.8366647304551518,0.54156891550852,535.6819545045789,1.8155212688987403,0.0,102,901
discounted_sarsa,up_shift,0.05,0.1,0.99,4,2.026700166843042,0.5474912653671935,215.45517523751965,1.9502538444634185,2.185694539737471,0.5694279971909709,611.8875012336642,2.03922422209245,0.0,102,901
discounted_sarsa,up_shift,0.05,0.1,0.99,5,2.055730455193818,0.5594488943275029,222.02809433517194,1.962040401031935,2.142653278334919,0.5744975962532362,622.5082784306061,2.0019602283784246,0.0,102,901
discounted_sarsa,up_shift,0.05,0.1,0.99,6,2.3614598323404206,0.5417255041545487,209.54576570762597,2.311007024249622,2.345093615164502,0.537677393172817,586.6434896296264,2.2688052866110913,0.0,102,901
discounted_sarsa,up_shift,0.05,0.1,0.99,7,1.6979606119123272,0.5589107096826536,184.03279577354877,1.6329269956012324,1.7821155803783502,0.5580356503369043,559.3321580584466,1.6658435582808406,0.0,102,901
discounted_sarsa,up_shift,0.05,0.1,0.99,8,2.1666949670932736,0.5652931786940028,224.07006944031883,2.0539782980638353,2.1348057093486417,0.5771387908556175,629.290454080478,1.9734403372525167,0.0,102,901
discounted_sarsa,up_shift,0.05,0.1,0.99,9,2.3950924811318224,0.5420401959804615,231.82226774258672,2.2134964642689323,2.4915001369350542,0.5439892817893621,614.8325261207001,2.276110414772978,0.0,102,901
discounted_sarsa,up_shift,0.1,0.001,0.9,0,2.2988950062388067,0.5446506283637365,175.16453012748224,4.984825347898792,2.4095478575738114,0.5391699236222827,430.6040765550829,2.521240724562659,0.0,102,901
discounted_sarsa,up_shift,0.1,0.001,0.9,1,2.4172106923082306,0.5257297548545083,192.97276862159265,4.911184985689522,2.56530448888184,0.5422998435335562,445.222046184254,2.5948905949940744,0.0,102,901
discounted_sarsa,up_shift,0.1,0.001,0.9,2,2.355819535550366,0.5546102985937195,180.94211291432694,4.973860381250615,2.3291582364865513,0.5415699722087914,434.0563689943251,2.405867357182076,0.0,102,901
discounted_sarsa,up_shift,0.1,0.001,0.9,3,2.3458787623160897,0.5264891390239029,188.25481323637797,4.864014014768616,2.514548447352369,0.5608537964166118,438.26062434365235,2.5562942247232647,0.0,102,901
discounted_sarsa,up_shift,0.1,0.001,0.9,4,2.2468067270558287,0.533169249034804,181.1656195522582,5.015126729772725,2.4474337983013523,0.5497909845690984,435.1359652234244,2.52311016678479,0.0,102,901
discounted_sarsa,up_shift,0.1,0.001,0.9,5,2.4235429589721385,0.5317494232109009,185.96804526063636,4.939119579025962,2.370539230459241,0.5552351000801388,433.902089107163,2.409152024247279,0.0,102,901
discounted_sarsa,up_shift,0.1,0.001,0.9,6,2.284195942968496,0.5435318034841359,177.58923421660353,4.977450004322712,2.34134046695687,0.56030617841913,427.21706742717606,2.3885348202305394,0.0,102,901
discounted_sarsa,up_shift,0.1,0.001,0.9,7,2.318238021523089,0.557291068825175,181.1803672607095,4.876452529961644,2.3814149238972666,0.5641341956154253,431.75750487837576,2.38750492511073,0.0,102,901
discounted_sarsa,up_shift,0.1,0.001,0.9,8,2.439925218798693,0.5387174799625073,184.51292339914244,4.921996739430619,2.379860838677282,0.5346059098883931,435.9880532191295,2.4317761800261755,0.0,102,901
discounted_sarsa,up_shift,0.1,0.001,0.9,9,2.3187003123611167,0.5578831906192573,182.55944300904775,4.952173969209171,2.368872400645296,0.5577082650227112,430.5965794914063,2.3988072810248418,0.0,102,901
discounted_sarsa,up_shift,0.1,0.001,0.97,0,2.220467431694427,0.5806342942657693,294.9959831239853,4.871136062919303,2.1162869276617227,0.5570930690886102,807.5432223565284,2.1684392707883093,0.0,102,901
discounted_sarsa,up_shift,0.1,0.001,0.97,1,2.2745778124015623,0.5504779200131977,317.1445598299196,4.911880307011675,2.4138742182375217,0.5545627064319839,835.3679905787557,2.397560786483185,0.0,102,901
discounted_sarsa,up_shift,0.1,0.001,0.97,2,2.1954661772952497,0.5855357640998049,299.45311019718093,4.904890062556367,2.1790122789991146,0.5703089305463962,810.0010131282841,2.2330232580593834,0.0,102,901
discounted_sarsa,up_shift,0.1,0.001,0.97,3,2.2525666578275616,0.5204566732102504,309.21348989686516,4.9417959238225,2.3866693077546164,0.5508403195832959,812.0950283727894,2.513812100916574,0.0,102,901
discounted_sarsa,up_shift,0.1,0.001,0.97,4,2.1293822907255504,0.5501568195818061,301.40066640128117,4.9384708870869085,2.166551202188697,0.5597819629031954,802.9991500804874,2.2778215851700363,0.0,102,901
discounted_sarsa,up_shift,0.1,0.001,0.97,5,2.1258247335964016,0.5743590172944425,296.42298994972634,4.9196174144497045,2.142820518181813,0.5695817917060649,803.6999016162412,2.194388128794878,0.0,102,901
discounted_sarsa,up_shift,0.1,0.001,0.97,6,2.4225591118609326,0.5280820431628875,318.51479551551506,4.990911787501317,2.4283995356897194,0.5377838640225697,822.6800732289432,2.6221067350753673,0.0,102,901
discounted_sarsa,up_shift,0.1,0.001,0.97,7,1.763096310386128,0.5397467016151068,250.12829590673715,4.782645333970881,1.8430023332688201,0.550845398413154,744.4975393236807,1.8829738923077857,0.0,102,901
discounted_sarsa,up_shift,0.1,0.001,0.97,8,2.2745551035498375,0.5612363811813129,308.9033687196374,4.786166925922336,2.2318298089724697,0.5674308477331409,815.586970510871,2.2327910920672953,0.0,102,901
discounted_sarsa,up_shift,0.1,0.001,0.97,9,2.2276522270619625,0.5550779422220719,307.11454831018085,4.920415673762318,2.3443407000804886,0.5582943202622631,813.4023061914843,2.4397668918260935,0.0,102,901
discounted_sarsa,up_shift,0.1,0.001,0.99,0,2.3186874438700555,0.5315357710977049,377.1330723049748,4.836679884550439,2.33869374618848,0.5200777321255396,1051.8291289759513,2.4055304925052887,0.0,102,901
discounted_sarsa,up_shift,0.1,0.001,0.99,1,2.3481103576973394,0.4899593006884252,384.3205789021542,4.994478624098892,2.3146858179567165,0.5070458351524313,1035.1587088377264,2.474933362926764,0.0,102,901
discounted_sarsa,up_shift,0.1,0.001,0.99,2,1.841968271117034,0.5261686322488438,307.7667531194832,4.853316981569967,1.8456553295780864,0.5221492111751642,946.1827906657495,2.0541433845704162,0.0,102,901
discounted_sarsa,up_shift,0.1,0.001,0.99,3,1.9934141666027285,0.5400276959455463,381.1326262985985,4.884414016497699,2.216742080377328,0.5794324851420241,1092.04845435491,2.252855038182267,0.0,102,901
discounted_sarsa,up_shift,0.1,0.001,0.99,4,2.123782926129748,0.5340154762268566,382.1623185070371,4.935211301250742,2.302735110455806,0.5558371094962608,1073.4892867545013,2.3764622251581105,0.0,102,901
discounted_sarsa,up_shift,0.1,0.001,0.99,5,2.2741632082866583,0.5359014964315679,381.9729903750715,4.906659695492109,2.292653718106483,0.5296808830726207,1041.652929435312,2.401458310107636,0.0,102,901
discounted_sarsa,up_shift,0.1,0.001,0.99,6,1.911475721308396,0.5550069484293354,338.8078564932135,4.922253264560478,1.9269316855179695,0.5682961498471509,1010.7578794526,1.9784112876553643,0.0,102,901
discounted_sarsa,up_shift,0.1,0.001,0.99,7,2.0572954119376847,0.5583129382038516,380.22689581169675,4.8255629544261,2.1788091837748604,0.5631870513957862,1065.4915992120507,2.2527408294130047,0.0,102,901
discounted_sarsa,up_shift,0.1,0.001,0.99,8,2.0910353087897384,0.5562386850822975,352.23754926922464,4.890745213440882,2.0958312173204328,0.5672763528872045,1026.919579331824,2.1658164487393683,0.0,102,901
discounted_sarsa,up_shift,0.1,0.001,0.99,9,2.249573173093683,0.5519673118661744,372.2487995426715,4.987349120838636,2.2678691261638266,0.5387081064622555,1030.9927448109486,2.399374485656576,0.0,102,901
discounted_sarsa,up_shift,0.1,0.003,0.9,0,2.418188245338305,0.5498995243363317,179.02793779471776,3.2966580690501917,2.463273552717066,0.5534721047155365,431.3191867305995,2.546151105466845,0.0,102,901
discounted_sarsa,up_shift,0.1,0.003,0.9,1,2.2268514521293423,0.5168958740209788,184.20028134725797,3.2051775938504568,2.3520538449294603,0.5386622303672854,440.96701822167785,2.4909464052523416,0.0,102,901
discounted_sarsa,up_shift,0.1,0.003,0.9,2,2.4525409525857698,0.5406899192063385,178.2489264816865,3.353273090691812,2.4146479326323504,0.5273313869117174,435.21518549009096,2.5822335624212807,0.0,102,901
discounted_sarsa,up_shift,0.1,0.003,0.9,3,2.4272555126451514,0.4994733706612403,181.14387702235044,3.4016000699497706,2.4468206349281245,0.5584228937367528,436.54005589504095,2.5085973710352754,0.0,102,901
discounted_sarsa,up_shift,0.1,0.003,0.9,4,2.446717205807401,0.5485439390775666,188.1098482332158,3.304457039864907,2.4760757037313477,0.5593183834781735,438.3861507789322,2.553876267355883,0.0,102,901
discounted_sarsa,up_shift,0.1,0.003,0.9,5,2.362914891112471,0.5349526266995077,185.03456021035242,3.2164515533802605,2.4613552696939505,0.5560097116910834,437.6761285996673,2.437351392723026,0.0,102,901
discounted_sarsa,up_shift,0.1,0.003,0.9,6,2.251537495881809,0.558144827008485,183.55072493164246,3.264148334432828,2.2307266875659826,0.5719532559921453,427.2335418393694,2.3318191327060123,0.0,102,901
discounted_sarsa,up_shift,0.1,0.003,0.9,7,2.44467403238616,0.557787983704554,182.24479194398558,3.2257349649734164,2.51474973028984,0.5547101923188001,436.0074857380979,2.591382737615628,0.0,102,901
discounted_sarsa,up_shift,0.1,0.003,0.9,8,2.391146010944999,0.5446800852616362,189.91668093916698,3.157948678123745,2.3740148859955457,0.5396211461024989,434.5382286477824,2.413718986626231,0.0,102,901
discounted_sarsa,up_shift,0.1,0.003,0.9,9,2.356098667675535,0.575833721897749,178.667283948244,3.245358313494163,2.3707353796899473,0.5663467186833747,427.05377024947586,2.3758270351133857,0.0,102,901
discounted_sarsa,up_shift,0.1,0.003,0.97,0,2.4660879732454597,0.5377820848139299,325.30155334119934,3.2844571267693667,2.412048873333607,0.5262748688916951,833.1720617917542,2.517074437568455,0.0,102,901
discounted_sarsa,up_shift,0.1,0.003,0.97,1,1.9788064521211681,0.556094760378896,294.78634736007433,3.0469181469436055,2.1376260307374713,0.5722554209311737,799.4895195118872,2.191468595681373,0.0,102,901
discounted_sarsa,up_shift,0.1,0.003,0.97,2,2.232242155033809,0.5144736831317464,282.113444111019,3.2094125461383736,2.185279824313213,0.5153656018194073,784.0137686925121,2.468801892982478,0.0,102,901
discounted_sarsa,up_shift,0.1,0.003,0.97,3,2.2240892415834406,0.5245266334657439,314.15367892447154,3.209748587261825,2.457663193071582,0.564562104916095,831.9580409232286,2.5002548534706714,0.0,102,901
discounted_sarsa,up_shift,0.1,0.003,0.97,4,2.236374273876007,0.5494449312432699,317.4479214201758,3.190269586558257,2.3130858763413644,0.5679448433251502,827.6792043736175,2.32281115341045,0.0,102,901
discounted_sarsa,up_shift,0.1,0.003,0.97,5,2.185267960043545,0.5494595902922944,306.650231607202,3.1330589822049606,2.1904246255566138,0.5673154835710704,809.6564605839471,2.2371860582563174,0.0,102,901
discounted_sarsa,up_shift,0.1,0.003,0.97,6,2.436939512822074,0.5693954007663529,294.56149767737304,3.2405295772349216,2.3810142751850267,0.5604857535171073,808.8057238221985,2.3731279432221846,0.0,102,901
discounted_sarsa,up_shift,0.1,0.003,0.97,7,2.3559947283515434,0.5269115516733592,317.6194251854652,3.222382680860933,2.42529974711411,0.5360089009315727,826.7986259439765,2.6265898223865207,0.0,102,901
discounted_sarsa,up_shift,0.1,0.003,0.97,8,2.417447894766955,0.5675996096392738,311.0722989903541,3.221781885399415,2.2581056436508167,0.5634727240458374,817.3570633286914,2.3211483569730875,0.0,102,901
discounted_sarsa,up_shift,0.1,0.003,0.97,9,2.184653133198579,0.5896324014470004,299.08214219232576,3.142999934725119,2.164877518985376,0.5760065050882403,808.2289667084613,2.2040367695246696,0.0,102,901
discounted_sarsa,up_shift,0.1,0.003,0.99,0,2.1681327851464505,0.5023850974089109,344.3505597792915,3.176766891708197,2.181341252988758,0.5095312685462106,988.1299053417857,2.3852645735028797,0.0,102,901
discounted_sarsa,up_shift,0.1,0.003,0.99,1,2.0872524859877393,0.5714966844560254,401.01579005587075,3.1046608997351917,2.2694399597675123,0.5665180570296673,1110.0313864915445,2.407782728071414,0.0,102,901
discounted_sarsa,up_shift,0.1,0.003,0.99,2,2.2963173290623686,0.5571533379890943,383.65466893043447,3.1926386192216465,2.2864620470829893,0.5492339183793228,1076.4203636155316,2.3832366256688857,0.0,102,901
discounted_sarsa,up_shift,0.1,0.003,0.99,3,2.037720665783434,0.4653552894950197,336.6116711990247,3.1794223847948047,2.182686876073456,0.49078164114406847,952.1599847690998,2.4850862908123035,0.0,102,901
discounted_sarsa,up_shift,0.1,0.003,0.99,4,2.2122292075109455,0.5380861317332256,398.92252773861196,3.1930817676444883,2.34725511002157,0.5545011601009556,1082.8321501414705,2.4666455810417465,0.0,102,901
discounted_sarsa,up_shift,0.1,0.003,0.99,5,2.2421496265810323,0.5416806249222695,391.3726201664008,3.1891844491730392,2.327196805287427,0.5358799464281809,1061.0402129793786,2.5339285844016026,0.0,102,901
discounted_sarsa,up_shift,0.1,0.003,0.99,6,2.180611115661763,0.5571805880528078,369.9431826331018,3.154592559158988,2.152501414776567,0.552518221546915,1031.5345632929543,2.1742357891840793,0.0,102,901
discounted_sarsa,up_shift,0.1,0.003,0.99,7,2.102579547639231,0.5586411468658294,381.4009580004411,2.9832366081932546,2.1636118825718103,0.5770393797339345,1066.8551318439352,2.23644830986895,0.0,102,901
discounted_sarsa,up_shift,0.1,0.003,0.99,8,2.2593414056091112,0.5627621326169735,378.9713240351275,3.1468669499161197,2.1585234737731107,0.5613995216955375,1055.776380716374,2.261881103223972,0.0,102,901
discounted_sarsa,up_shift,0.1,0.003,0.99,9,2.2924640435083927,0.5402177410284166,396.08412882013874,3.223251011664926,2.32460683216464,0.5600377231602811,1082.0008303419386,2.5185314689186553,0.0,102,901
discounted_sarsa,up_shift,0.1,0.01,0.9,0,2.3469773226528523,0.55368019606533,182.13443550580473,2.580788609661078,2.371528374977505,0.5576275766197424,431.5403809693109,2.367650159600086,0.0,102,901
discounted_sarsa,up_shift,0.1,0.01,0.9,1,2.4040640210240842,0.5183961769853657,179.99988710094865,2.7629365715835013,2.399690574016138,0.5423774740008503,432.2831887343824,2.5205298509909038,0.0,102,901
discounted_sarsa,up_shift,0.1,0.01,0.9,2,2.5495255925144944,0.5552233926695894,188.83535861281945,2.7470960757217333,2.483398173292123,0.5411558820703609,443.8925058651448,2.481215094446474,0.0,102,901
discounted_sarsa,up_shift,0.1,0.01,0.9,3,2.4103316617258574,0.5035442685184032,179.75194488465476,2.861588412192068,2.47008645242297,0.5605321371206946,433.46635765165126,2.5539657107287375,0.0,102,901
discounted_sarsa,up_shift,0.1,0.01,0.9,4,2.2343551110794273,0.5255330172706275,176.81505288669848,2.5735261516828656,2.350273716558135,0.5426939910819828,430.7844174416134,2.4132662855222,0.0,102,901
discounted_sarsa,up_shift,0.1,0.01,0.9,5,2.371627606656912,0.5446967371893199,181.60395185167116,2.6733071110509563,2.3168944423870137,0.566142462842629,424.9775274478612,2.314789316081382,0.0,102,901
discounted_sarsa,up_shift,0.1,0.01,0.9,6,2.4125612352987456,0.5343181021736657,183.73356837109284,2.8590001509471783,2.458387648051448,0.5447947369559464,442.70563223356015,2.600590781118005,0.0,102,901
discounted_sarsa,up_shift,0.1,0.01,0.9,7,2.101107539884061,0.5747279338228948,177.23782959990086,2.3652167137329756,2.171149657226072,0.5778656348488113,413.3576724665002,2.198970508103536,0.0,102,901
discounted_sarsa,up_shift,0.1,0.01,0.9,8,2.107133530094883,0.5704782920678421,179.45032471976364,2.394294620422979,2.103356771886264,0.5647376951920305,413.6456434334391,2.1639590582387838,0.0,102,901
discounted_sarsa,up_shift,0.1,0.01,0.9,9,2.3744057397219436,0.5772791073399886,184.68378110537324,2.590343904881685,2.3623015564989998,0.567376794835376,428.7713600399457,2.34707595293498,0.0,102,901
discounted_sarsa,up_shift,0.1,0.01,0.97,0,2.430626654570707,0.5636658582104911,328.0526886484876,2.620547927358936,2.36913100674181,0.5393449264016614,842.7715357620223,2.388370403652663,0.0,102,901
discounted_sarsa,up_shift,0.1,0.01,0.97,1,2.261692267839664,0.517047791980377,310.6984375613086,2.700377060390504,2.3036331389960822,0.5362570272341362,817.1242445106324,2.4762889492075186,0.0,102,901
discounted_sarsa,up_shift,0.1,0.01,0.97,2,2.241630144930872,0.5886128636591588,303.6490372892502,2.5246197471049006,2.132875472348062,0.5714732354354126,810.3475686073735,2.1805049005792374,0.0,102,901
discounted_sarsa,up_shift,0.1,0.01,0.97,3,2.060898374895521,0.5489874219478177,298.63707031781274,2.399143962170873,2.2031313347955854,0.5823674699069757,810.3364973252764,2.2159470697077723,0.0,102,901
discounted_sarsa,up_shift,0.1,0.01,0.97,4,2.1213501943513515,0.548769068312928,292.55326631495456,2.567161202231573,2.1462278608433403,0.5516707811674101,789.3815370766347,2.2855051661599926,0.0,102,901
discounted_sarsa,up_shift,0.1,0.01,0.97,5,2.2896668702062857,0.5413998129787685,303.80196429666177,2.6181935149033766,2.2269388202411493,0.5606705322405678,806.7403423535229,2.2662876849521156,0.0,102,901
discounted_sarsa,up_shift,0.1,0.01,0.97,6,2.3826877462945824,0.5622098487513227,304.36263737738415,2.703815595370982,2.2869133761055433,0.5500980379082071,806.2141146461578,2.4209813247005596,0.0,102,901
discounted_sarsa,up_shift,0.1,0.01,0.97,7,2.133009698278674,0.5708114960970547,303.6916472143317,2.422169409095947,2.2176770163568045,0.5801738485481267,813.258834408151,2.2571645903265414,0.0,102,901
discounted_sarsa,up_shift,0.1,0.01,0.97,8,2.104251751612958,0.5659653290109428,300.21825050320297,2.395560956470415,2.0940288265246068,0.5629725215684899,800.2230719085927,2.15342698331999,0.0,102,901
discounted_sarsa,up_shift,0.1,0.01,0.97,9,2.134137393896321,0.5667250562560529,287.1720152652895,2.407618786786949,2.177305501048726,0.5555048398505323,791.1793719442003,2.2425594999605627,0.0,102,901
discounted_sarsa,up_shift,0.1,0.01,0.99,0,1.9635448874240657,0.5408000578462646,341.84912400051917,2.2774315433797576,1.9247989014697315,0.5172553243438635,1003.2762413155486,2.002822620285127,0.0,102,901
discounted_sarsa,up_shift,0.1,0.01,0.99,1,1.9519650952863692,0.5404484909369233,317.5028887437262,2.2449020573972254,2.091412354735286,0.5378065865891258,974.6364227893675,2.1254082914651944,0.0,102,901
discounted_sarsa,up_shift,0.1,0.01,0.99,2,2.1173968638585663,0.5791705473387431,345.50439085745273,2.42031771651321,1.9879198742884427,0.5465849150041264,1007.2535457285856,2.0678070987242383,0.0,102,901
discounted_sarsa,up_shift,0.1,0.01,0.99,3,2.069505777928417,0.539825947794518,354.8583401234869,2.4650910620020934,2.2164476550063195,0.5629936107768742,1036.9082640305676,2.3265410205079005,0.0,102,901
discounted_sarsa,up_shift,0.1,0.01,0.99,4,2.136183153857476,0.5747304762959919,342.5375642763617,2.426513792721515,2.1691032546406332,0.58287210768592,1058.32844232751,2.1884723009104095,0.0,102,901
discounted_sarsa,up_shift,0.1,0.01,0.99,5,1.8263917174380717,0.5439637893591319,335.53867894792745,2.183493388457196,1.9296115340230442,0.5426035828529108,988.2455334369466,1.9447173310904518,0.0,102,901
discounted_sarsa,up_shift,0.1,0.01,0.99,6,2.5575775524671975,0.5553131440401224,423.9645638642253,2.8645645727465983,2.510825811206627,0.5440215816044378,1119.908533482929,2.647926615269413,0.0,102,901
discounted_sarsa,up_shift,0.1,0.01,0.99,7,2.106304703974504,0.5582413863405435,387.2859668444762,2.41850206848866,2.246110621374894,0.5705953550519733,1065.7830298049162,2.2982128251178415,0.0,102,901
discounted_sarsa,up_shift,0.1,0.01,0.99,8,2.1365627492287316,0.5688914747723518,394.413645698055,2.4317200789282687,2.1109680235507056,0.5648167228948171,1096.7733357014656,2.1681267875794092,0.0,102,901
discounted_sarsa,up_shift,0.1,0.01,0.99,9,2.077170167585977,0.5399297252034496,363.3107519322351,2.4451694366673635,2.067300920901055,0.5627997919911404,1026.3139497643024,2.099682116324694,0.0,102,901
discounted_sarsa,up_shift,0.1,0.03,0.9,0,2.354139486817692,0.5626643296773116,180.65780305244107,2.3846174151472916,2.292175173940014,0.5668307081739912,426.9942572620529,2.265288133077277,0.0,102,901
discounted_sarsa,up_shift,0.1,0.03,0.9,1,2.4558205962487984,0.525414950702606,190.2416832578855,2.606770898226863,2.462470903353905,0.5513325430118317,437.7811012695059,2.499007418605842,0.0,102,901
discounted_sarsa,up_shift,0.1,0.03,0.9,2,2.4078095370862074,0.5759948628747615,185.0351702205604,2.4113335817302937,2.364967074230363,0.5598412520060049,430.7761727405982,2.3465043054949377,0.0,102,901
discounted_sarsa,up_shift,0.1,0.03,0.9,3,2.265382430270756,0.5360404860154546,180.33080180527992,2.3513264049678004,2.411793978913322,0.5643836623998149,432.68294069230393,2.3409060043959893,0.0,102,901
discounted_sarsa,up_shift,0.1,0.03,0.9,4,2.346026092539855,0.5225463044366317,185.64284287347704,2.4859136701047726,2.532816323273684,0.5493177189262586,441.36420549384195,2.5053985680906874,0.0,102,901
discounted_sarsa,up_shift,0.1,0.03,0.9,5,2.2447930237480933,0.5276673021746928,178.62241161483368,2.4118245455957816,2.3096703247199444,0.5431652001727192,435.29541598933054,2.342246906049568,0.0,102,901
discounted_sarsa,up_shift,0.1,0.03,0.9,6,2.4448103702134993,0.5373131901852205,183.1919963167169,2.5249297102702273,2.4476984754503377,0.5491248564635397,436.99215608362016,2.389814068943438,0.0,102,901
discounted_sarsa,up_shift,0.1,0.03,0.9,7,2.1473183817466404,0.5195503399082859,180.211788396754,2.4182521173965457,2.3137808359170657,0.5360986166447118,439.9824107414631,2.4896186735301415,0.0,102,901
discounted_sarsa,up_shift,0.1,0.03,0.9,8,2.4116066689780546,0.5502624120455645,179.6684163778307,2.529435668595242,2.3765897474293114,0.5373244177916987,429.9691712307213,2.4710871331877944,0.0,102,901
discounted_sarsa,up_shift,0.1,0.03,0.9,9,2.3839043138063634,0.5459964045375534,180.02924702058814,2.5087495755353117,2.347496798303968,0.5713200372602064,428.069924488171,2.2955815381644507,0.0,102,901
discounted_sarsa,up_shift,0.1,0.03,0.97,0,2.510583260682821,0.540764237878673,328.5916346645392,2.705247820997712,2.45339299543111,0.5204371706400023,839.2159608889089,2.6284690558559327,0.0,102,901
discounted_sarsa,up_shift,0.1,0.03,0.97,1,2.1307899065024167,0.5444514815802823,301.06952585374256,2.231910131246906,2.2781108226129474,0.5487804838429465,803.9160981329046,2.306619495921502,0.0,102,901
discounted_sarsa,up_shift,0.1,0.03,0.97,2,2.4115750482215734,0.5618511578189691,312.5024667840645,2.458016750650396,2.371848849945362,0.5563555079097922,823.9327536351259,2.363028735909106,0.0,102,901
discounted_sarsa,up_shift,0.1,0.03,0.97,3,2.17903524096973,0.5448528471012574,307.75919219974713,2.300627580688177,2.28717321768536,0.5755318050013505,815.5202305982874,2.259909808060177,0.0,102,901
discounted_sarsa,up_shift,0.1,0.03,0.97,4,2.105783632074793,0.559494314684724,290.4044989291235,2.232680810738722,2.0669827741104947,0.563567489846102,786.3366944257963,2.1012822475845057,0.0,102,901
discounted_sarsa,up_shift,0.1,0.03,0.97,5,2.345026311055711,0.5230043040838168,320.138731736559,2.626678499703742,2.4376824207135224,0.5242438646567694,817.9631774783564,2.6127035249420265,0.0,102,901
discounted_sarsa,up_shift,0.1,0.03,0.97,6,2.2714626992484273,0.5511475967374683,318.72456752469293,2.3747132769284223,2.3249671459823147,0.5722563329242906,827.3540207967153,2.2827597036352634,0.0,102,901
discounted_sarsa,up_shift,0.1,0.03,0.97,7,2.445098332543544,0.5535897654727048,323.47039853046664,2.559341712623407,2.5056000570539445,0.5544570386393812,845.1487676625309,2.5288946449515097,0.0,102,901
discounted_sarsa,up_shift,0.1,0.03,0.97,8,2.3123358016740374,0.5426036396629763,291.34211168384184,2.4403378106232574,2.256580195342554,0.5308884421491076,797.9280013819811,2.353731104772221,0.0,102,901
discounted_sarsa,up_shift,0.1,0.03,0.97,9,2.312952714573948,0.5272418599074188,310.5198877049531,2.555995284351109,2.2988347832946925,0.5393436753995124,807.0132175340779,2.4150369824128255,0.0,102,901
discounted_sarsa,up_shift,0.1,0.03,0.99,0,1.9886212102792824,0.5408367208852727,349.6176179423027,2.2116687636874093,2.0468865582344478,0.5511187017954404,1040.7092229196794,2.1812134836641515,0.0,102,901
discounted_sarsa,up_shift,0.1,0.03,0.99,1,2.1633691311941217,0.5523862470401921,383.6943461849092,2.293218692721693,2.3088542758962136,0.5517748657661293,1073.5766203261778,2.366701685734314,0.0,102,901
discounted_sarsa,up_shift,0.1,0.03,0.99,2,2.2766633064236856,0.5594089978649032,391.00394882296007,2.395211185072475,2.1812952908311063,0.5491877717535147,1064.187600055688,2.236040431731213,0.0,102,901
discounted_sarsa,up_shift,0.1,0.03,0.99,3,2.2410845035199385,0.5320594695279265,394.82936706417405,2.4178817859025474,2.3765204602879955,0.5581560832248551,1081.5138836904598,2.3941822346045876,0.0,102,901
discounted_sarsa,up_shift,0.1,0.03,0.99,4,1.9071428253100824,0.5468204052537206,332.63471523428956,2.0589634441753297,1.925128352015115,0.5560550045666443,1002.4484417413231,1.9643087141304585,0.0,102,901
discounted_sarsa,up_shift,0.1,0.03,0.99,5,2.2400939643850863,0.5151847683288366,352.93122624592047,2.4433145916265455,2.2571754782673037,0.5319381434177681,1020.0890891886256,2.3223046687508435,0.0,102,901
discounted_sarsa,up_shift,0.1,0.03,0.99,6,2.031870256380902,0.48265743590869714,328.6974128140381,2.2840868865873505,2.033484090207444,0.48775061031030387,950.6034172990435,2.1589700981844375,0.0,102,901
discounted_sarsa,up_shift,0.1,0.03,0.99,7,2.281724633149196,0.5539406261179284,407.1075193597694,2.321223824767641,2.4004497667979012,0.5601686519025673,1078.842105883019,2.3890265358056193,0.0,102,901
discounted_sarsa,up_shift,0.1,0.03,0.99,8,2.4544982930634105,0.5568384571631338,389.62527750054943,2.431154449848907,2.3647826477839913,0.5506237593788116,1057.7897299412234,2.346615744253399,0.0,102,901
discounted_sarsa,up_shift,0.1,0.03,0.99,9,2.306491746939927,0.5532504364129002,406.6467267053425,2.5031709783149556,2.295166140256788,0.5661943835391026,1085.7650742861197,2.369496420386618,0.0,102,901
discounted_sarsa,up_shift,0.1,0.1,0.9,0,2.1146282706130783,0.5322322527119906,180.65232526377255,2.1225626047460047,2.161199885372229,0.5507227271995505,429.54728507781135,2.0954749823669907,0.0,102,901
discounted_sarsa,up_shift,0.1,0.1,0.9,1,2.512306043010984,0.48244895989662057,187.8702476783987,2.539655088858577,2.5077341636544626,0.49668112349870897,452.27439230395754,2.495483371941467,0.0,102,901
discounted_sarsa,up_shift,0.1,0.1,0.9,2,2.513781281207058,0.5555942803798173,180.4198783238626,2.427809001623879,2.4283772051475334,0.5454319792637279,434.27545650816177,2.3417960125561352,0.0,102,901
discounted_sarsa,up_shift,0.1,0.1,0.9,3,2.3669266517145346,0.5062622325342759,180.02130469190197,2.414887465984311,2.4834079618844003,0.5627190177566016,435.33508317579685,2.3305540182742757,0.0,102,901
discounted_sarsa,up_shift,0.1,0.1,0.9,4,2.2555429756462577,0.5235213941296709,175.31915529563443,2.2663814252038685,2.454040923747736,0.5478491057432439,434.6432974315832,2.3530651964674276,0.0,102,901
discounted_sarsa,up_shift,0.1,0.1,0.9,5,2.15090483649919,0.551362216153741,174.8503768794221,2.130798979611151,2.1881944295879654,0.5708200862345393,418.5021921976425,2.0410238651352364,0.0,102,901
discounted_sarsa,up_shift,0.1,0.1,0.9,6,2.510810340864099,0.5583063800113856,188.54053794078683,2.4004538939345164,2.5204357254295786,0.5619672940021885,440.1575645960954,2.3548146449302862,0.0,102,901
discounted_sarsa,up_shift,0.1,0.1,0.9,7,2.302713306138768,0.5604033352067596,184.13509540086574,2.096721624407315,2.3572082673480277,0.5651163480007286,427.532381896773,2.1465708117014546,0.0,102,901
discounted_sarsa,up_shift,0.1,0.1,0.9,8,2.333191572579401,0.5626314731492981,180.6340897366882,2.142557623644128,2.3161845328289705,0.5563414959113542,421.8643381794332,2.144431139705375,0.0,102,901
discounted_sarsa,up_shift,0.1,0.1,0.9,9,2.3751849517489054,0.545958058748878,175.41305104434568,2.301837715681351,2.4852472486091646,0.5434747157001125,434.86682661938437,2.3718669259445613,0.0,102,901
discounted_sarsa,up_shift,0.1,0.1,0.97,0,2.1117499568187323,0.5355730706402518,283.99375925605995,2.194025892285423,2.142671414141747,0.5446013861466956,791.8049965781485,2.1978861601491997,0.0,102,901
discounted_sarsa,up_shift,0.1,0.1,0.97,1,2.1203707443284947,0.536282587832809,304.431494736998,2.1078901779206625,2.2090655700620476,0.5577737337724702,802.49180608378,2.128758771145697,0.0,102,901
discounted_sarsa,up_shift,0.1,0.1,0.97,2,2.2178631846801182,0.5924674179932149,302.57562608577746,2.0973103458523856,2.142680078725125,0.5660613552056638,811.0005198731274,2.0213092739425558,0.0,102,901
discounted_sarsa,up_shift,0.1,0.1,0.97,3,1.99378685740909,0.5385618178078092,295.9658662071742,1.9724178259501675,2.225908308611875,0.5801345368023249,811.6368972487334,2.0628879424499313,0.0,102,901
discounted_sarsa,up_shift,0.1,0.1,0.97,4,2.0204120033642563,0.5208724887567171,289.40513507582034,2.0312985468088463,2.246038968501823,0.54709368376269,788.4510190615257,2.140484282392829,0.0,102,901
discounted_sarsa,up_shift,0.1,0.1,0.97,5,2.396298298507926,0.5391585569073922,320.72547957386314,2.2646649556600917,2.4377263618007072,0.5383939353187673,826.646072076012,2.2598643883104987,0.0,102,901
discounted_sarsa,up_shift,0.1,0.1,0.97,6,2.237662979927904,0.552483606177483,304.425901261522,2.1159512300229593,2.274847006544212,0.5632321743629571,810.7439263719168,2.100989272127093,0.0,102,901
discounted_sarsa,up_shift,0.1,0.1,0.97,7,2.1568918443658682,0.5698909207282159,281.11137258523223,2.1142379752647895,2.2364920132008046,0.5689760790860428,795.1945810411601,2.1241864987017713,0.0,102,901
discounted_sarsa,up_shift,0.1,0.1,0.97,8,2.11347517753979,0.5708934053144858,298.89110356685484,1.99747566987415,2.0992585703734754,0.5643605277308782,802.6169548198945,1.9829161594752935,0.0,102,901
discounted_sarsa,up_shift,0.1,0.1,0.97,9,2.383547130441303,0.5190009648477208,282.1188615500686,2.426769320700562,2.4187394524771255,0.5199349498588036,794.1348080143767,2.4431018298386777,0.0,102,901
discounted_sarsa,up_shift,0.1,0.1,0.99,0,2.0829033449635816,0.5367596567696064,352.25090895529604,2.1073792300326053,2.112515341791399,0.5427760509393263,1006.8684791316967,2.094555985898137,0.0,102,901
discounted_sarsa,up_shift,0.1,0.1,0.99,1,1.8834750797219468,0.5238763228507807,347.0336823704851,1.83039298602686,2.175684062694077,0.5344014874346629,1006.4443482442978,2.0727270727716487,0.0,102,901
discounted_sarsa,up_shift,0.1,0.1,0.99,2,2.4125211497459986,0.5864427797315066,415.7834734261858,2.213911863718589,2.352985140078458,0.5679168241540287,1128.2598509107754,2.1485687678064527,0.0,102,901
discounted_sarsa,up_shift,0.1,0.1,0.99,3,2.046028761019229,0.525614139562398,360.445639235376,2.127734635908687,2.2014822667348404,0.5486384010568679,1014.5400201161933,2.165255799359127,0.0,102,901
discounted_sarsa,up_shift,0.1,0.1,0.99,4,2.082506697987846,0.5233494520920702,376.17879807745067,2.054667790999689,2.255134593191251,0.5421521222836585,1039.8421875016252,2.16989145042444,0.0,102,901
discounted_sarsa,up_shift,0.1,0.1,0.99,5,1.9505802467506885,0.5318548377841313,344.78186269504914,1.9491124657998433,2.062358908746056,0.5560237483587083,996.9055464003859,1.9835986903379492,0.0,102,901
discounted_sarsa,up_shift,0.1,0.1,0.99,6,2.4080975728123404,0.5174096638348822,364.0095427063341,2.448242147415413,2.3394965142242694,0.5194583747148213,1005.5669252135423,2.36346781197969,0.0,102,901
discounted_sarsa,up_shift,0.1,0.1,0.99,7,2.097679219438108,0.5791773436873116,397.9622179915384,1.991199219325702,2.1932860372960064,0.5780972469343051,1099.1928710080024,2.0368824349598387,0.0,102,901
discounted_sarsa,up_shift,0.1,0.1,0.99,8,2.386259851408493,0.5544800344380302,362.5620597819181,2.269370114860665,2.3470030864751337,0.5562979180204307,1063.1199232947167,2.212765829519319,0.0,102,901
discounted_sarsa,up_shift,0.1,0.1,0.99,9,2.248801442974578,0.5648154305202253,382.91443514721686,2.2812867833449877,2.209656372849271,0.554322607493144,1075.62343102613,2.2194165635944016,0.0,102,901
reward_centered_sarsa,down_shift,0.02,0.001,0.9,0,2.317084595511429,0.540579541247077,22.041069342220258,5.249389034234352,2.530819923855473,0.5362713822610256,24.373340628179736,2.7161074638881164,0.0,102,901
reward_centered_sarsa,down_shift,0.02,0.001,0.9,1,2.3588971625953246,0.5072331984257729,26.04773337272448,5.263188929675704,2.554825447927102,0.5259206670519246,27.527457610174963,2.7667702883214207,0.0,102,901
reward_centered_sarsa,down_shift,0.02,0.001,0.9,2,2.3656317011135983,0.5371674750254323,27.069930576691604,5.281490775131572,2.5111604505346254,0.5239627934451019,29.045641537552115,2.735544147761446,0.0,102,901
reward_centered_sarsa,down_shift,0.02,0.001,0.9,3,2.2100957683984754,0.5086503394364505,23.42741316468315,5.232602095624111,2.6362550105390796,0.5256302220835395,25.947471334900726,2.843375686930378,0.0,102,901
reward_centered_sarsa,down_shift,0.02,0.001,0.9,4,2.3310176361668904,0.5403848912476589,21.154200777718444,5.154446721015124,2.4237821227566565,0.552126334199758,23.417068909499445,2.643870594030698,0.0,102,901
reward_centered_sarsa,down_shift,0.02,0.001,0.9,5,2.3030076579224597,0.5219518718212006,21.264659979556836,5.33489472859575,2.5686507090411177,0.5341000624419374,23.835784509235857,2.7724372643220137,0.0,102,901
reward_centered_sarsa,down_shift,0.02,0.001,0.9,6,2.3622040706993883,0.52319973923961,24.192877156863883,5.210147462782441,2.558710879755711,0.5241666330217803,26.859650665578936,2.777980507651319,0.0,102,901
reward_centered_sarsa,down_shift,0.02,0.001,0.9,7,2.379243547975271,0.5405944534396578,23.235438073607526,5.254128601022139,2.593351094966374,0.5309383965228228,25.851038799299157,2.78618331271201,0.0,102,901
reward_centered_sarsa,down_shift,0.02,0.001,0.9,8,2.370226018991843,0.5482884590503434,25.402339608362986,5.281638229945591,2.4911294266523574,0.5205455079444629,27.347982861909646,2.748758734860318,0.0,102,901
reward_centered_sarsa,down_shift,0.02,0.001,0.9,9,2.439927179730124,0.529686183428269,27.104360203483512,5.137787111633023,2.570504354962659,0.5335252161254612,30.085543089319682,2.762508136427156,0.0,102,901
reward_centered_sarsa,down_shift,0.02,0.001,0.97,0,2.24439389888127,0.5283025128983386,25.66383801244732,5.167465112523757,2.5358667408389564,0.5337043470965124,25.04203086655098,2.72751262196072,0.0,102,901
reward_centered_sarsa,down_shift,0.02,0.001,0.97,1,2.211126987263404,0.5453522315785583,27.37446671709571,5.316953409196868,2.5416011137707155,0.527524731285208,24.134809037103206,2.755961857032847,0.0,102,901
reward_centered_sarsa,down_shift,0.02,0.001,0.97,2,2.4385470054858995,0.5455224890301353,29.917065394719394,5.323365839041977,2.509805256468175,0.516882927633112,27.306783388771954,2.795240037656622,0.0,102,901
reward_centered_sarsa,down_shift,0.02,0.001,0.97,3,2.3115413522717763,0.4995216078339235,30.79064285164817,5.17688478216805,2.622318049077344,0.5278286017619267,32.02381969091153,2.8339022190084235,0.0,102,901
reward_centered_sarsa,down_shift,0.02,0.001,0.97,4,2.2482145636309063,0.5098520759486856,25.891700798838844,5.093761458740432,2.54070746970811,0.543201282440632,27.855694300545817,2.72102202141512,0.0,102,901
reward_centered_sarsa,down_shift,0.02,0.001,0.97,5,2.239626009749683,0.5241466341785351,32.75749090589414,5.180578858300281,2.5360315763610473,0.5126202594621749,35.803477157440206,2.783878127006913,0.0,102,901
reward_centered_sarsa,down_shift,0.02,0.001,0.97,6,2.4033465175125657,0.5641558275726265,24.862288790855068,5.07987489292391,2.5896061183434065,0.5291717764042775,25.51182365282179,2.805479743569325,0.0,102,901
reward_centered_sarsa,down_shift,0.02,0.001,0.97,7,2.409184779498935,0.5350091485809418,28.008867955780804,5.387659361833909,2.5969296307808145,0.5383125730248912,26.60634667121239,2.781589540858453,0.0,102,901
reward_centered_sarsa,down_shift,0.02,0.001,0.97,8,2.3426425668468567,0.5415174248208686,26.793521949636734,5.296697761055918,2.4967630132278593,0.5222335641219845,26.354847130132466,2.7781235184675643,0.0,102,901
reward_centered_sarsa,down_shift,0.02,0.001,0.97,9,2.3825868914822443,0.5331996775777897,26.761731876107692,5.143279454645326,2.5792595506052765,0.5195404951691198,30.05841585621629,2.810131005501958,0.0,102,901
reward_centered_sarsa,down_shift,0.02,0.001,0.99,0,2.3861365772491836,0.5355078934118347,28.074731404157856,5.167813176735296,2.5028346802502073,0.5115580161285578,28.874553890574607,2.7610584459844016,0.0,102,901
reward_centered_sarsa,down_shift,0.02,0.001,0.99,1,2.263249153183867,0.5306555066248803,28.406717679204892,5.2757346189137735,2.5446808102083387,0.519037431637965,29.232716658237322,2.7868474799392997,0.0,102,901
reward_centered_sarsa,down_shift,0.02,0.001,0.99,2,2.420228123442545,0.5255840285518639,29.85056636207285,5.128999499816603,2.5529939099919803,0.5260369847368438,28.523118708659005,2.783526466981882,0.0,102,901
reward_centered_sarsa,down_shift,0.02,0.001,0.99,3,2.0721975864721274,0.470350885801836,30.898859624574154,5.098096453293746,2.5792709572402575,0.5297648069709363,32.17992247175509,2.777854511835726,0.0,102,901
reward_centered_sarsa,down_shift,0.02,0.001,0.99,4,2.1136293109756696,0.5400452364169188,25.243852080563947,5.129931646047299,2.523005094834064,0.5468538864099811,20.95716016730426,2.7098247581645527,0.0,102,901
reward_centered_sarsa,down_shift,0.02,0.001,0.99,5,2.11502619793564,0.5406242046122277,25.41871049178305,5.057587314034351,2.5248565773772635,0.5297355234295776,25.285445091782318,2.767336587034407,0.0,102,901
reward_centered_sarsa,down_shift,0.02,0.001,0.99,6,2.3992768977046857,0.5183635286970941,26.130827174910284,5.079895419583217,2.5113230947194745,0.5403298740295138,26.353226848239665,2.6932699554581716,0.0,102,901
reward_centered_sarsa,down_shift,0.02,0.001,0.99,7,2.2070190435347437,0.5574996543174753,28.343905267606665,5.139125933967527,2.5622059980773324,0.5419743147384849,23.072408344453976,2.7519950064410694,0.0,102,901
reward_centered_sarsa,down_shift,0.02,0.001,0.99,8,2.310130400542061,0.5384032861562642,26.659064265959604,5.186220010759958,2.5124043959890194,0.5366418246598299,25.18151371592848,2.7049244973335473,0.0,102,901
reward_centered_sarsa,down_shift,0.02,0.001,0.99,9,2.387882403481466,0.49968282376003637,29.516171592852096,5.17351153495123,2.566140360221783,0.5338913201202716,26.896174237487205,2.7834446989056727,0.0,102,901
reward_centered_sarsa,down_shift,0.02,0.003,0.9,0,2.3351733026429726,0.5414244556017278,22.41682417146409,3.7194577396358692,2.44393376134933,0.5525895669223292,23.81260402063021,2.526052897466615,0.0,102,901
reward_centered_sarsa,down_shift,0.02,0.003,0.9,1,2.3428727157954006,0.5313441595784961,20.58762028865744,3.7765591752600556,2.5625332010866426,0.5425703893335128,22.288864886623386,2.614629004961038,0.0,102,901
reward_centered_sarsa,down_shift,0.02,0.003,0.9,2,2.4622499066404564,0.5661481449240751,19.247086542735584,3.8097765495829994,2.496745515556878,0.5395085365337801,22.10981137268872,2.5634588071105435,0.0,102,901
reward_centered_sarsa,down_shift,0.02,0.003,0.9,3,2.2882440502380534,0.5131332676322065,23.381079244586644,3.803953993010503,2.626898537068876,0.5465279553692524,24.1847268779515,2.662611354715287,0.0,102,901
reward_centered_sarsa,down_shift,0.02,0.003,0.9,4,2.4021888928711754,0.5390092774058656,21.81570987709288,3.6722751027338902,2.574147487067634,0.5376761570639043,22.95298020606535,2.6497541734492387,0.0,102,901
reward_centered_sarsa,down_shift,0.02,0.003,0.9,5,2.4475164861893512,0.52436818229699,21.669791387766562,3.869570800770871,2.572134075168216,0.538417000321161,23.04871823419274,2.6435050283346513,0.0,102,901
reward_centered_sarsa,down_shift,0.02,0.003,0.9,6,2.4333358936089478,0.5381201762716055,21.070546359301293,3.7605154569695873,2.566387007208216,0.5443533450058988,23.291273988591197,2.6116589407022364,0.0,102,901
reward_centered_sarsa,down_shift,0.02,0.003,0.9,7,2.375808504909516,0.5485749572031656,20.50484720736063,3.8206045852935837,2.5787440000506954,0.5432991016553299,22.647729191027764,2.6256620204898056,0.0,102,901
reward_centered_sarsa,down_shift,0.02,0.003,0.9,8,2.373273812494138,0.5393268230813636,20.594546476523846,3.72818774910351,2.5332845098642363,0.5251893705497351,22.87068659926123,2.6111819974140493,0.0,102,901
reward_centered_sarsa,down_shift,0.02,0.003,0.9,9,2.3455136377307757,0.5632035569460009,19.559711861914625,3.6900635978715015,2.5737299378418537,0.5398362017146763,22.010012008647593,2.627170286644356,0.0,102,901
reward_centered_sarsa,down_shift,0.02,0.003,0.97,0,2.415131955834301,0.5371093935648626,22.999084041262062,3.6972405744283106,2.590622055995093,0.5241879334730809,25.4264570311191,2.683840941534927,0.0,102,901
reward_centered_sarsa,down_shift,0.02,0.003,0.97,1,2.340899801615442,0.5260361910771327,21.13639167096712,3.7352538692900934,2.5913129036108873,0.5373841543934439,23.157711601728447,2.673521994268813,0.0,102,901
reward_centered_sarsa,down_shift,0.02,0.003,0.97,2,2.461882105907476,0.551015576225074,21.508256623009895,3.865249090297189,2.5619888389050764,0.521379243822842,24.387205518008635,2.6699893336000824,0.0,102,901
reward_centered_sarsa,down_shift,0.02,0.003,0.97,3,2.300739858132822,0.5200019167398734,21.91591026466757,3.7954333894753347,2.6266730515414847,0.5377876117077536,23.67991134024926,2.7037453965510267,0.0,102,901
reward_centered_sarsa,down_shift,0.02,0.003,0.97,4,2.43602753425175,0.5300341596485058,22.306266468549794,3.771965649802126,2.59017704654684,0.5359125117967504,24.34506105367177,2.6511611748760338,0.0,102,901
reward_centered_sarsa,down_shift,0.02,0.003,0.97,5,2.3891683548943643,0.5461751826620861,21.841224313297502,3.8623527797825066,2.5686716160236185,0.5331482879738497,23.932170001475164,2.643593000384748,0.0,102,901
reward_centered_sarsa,down_shift,0.02,0.003,0.97,6,2.4649325466147327,0.5537057512103143,20.023140959503266,3.8243191164889017,2.606151657258546,0.5408908770133918,22.32835423803702,2.63726223328024,0.0,102,901
reward_centered_sarsa,down_shift,0.02,0.003,0.97,7,2.3681121672798024,0.5412163041319954,20.745547709241915,3.8619931109187813,2.5742810630164517,0.549132409485091,22.581668404822594,2.624736971204162,0.0,102,901
reward_centered_sarsa,down_shift,0.02,0.003,0.97,8,2.452020827197101,0.5440148774821076,23.183588158682,3.753186866028093,2.542596837460831,0.5169676699728514,25.60266001275842,2.6925856279779237,0.0,102,901
reward_centered_sarsa,down_shift,0.02,0.003,0.97,9,2.42506745922378,0.5610187590051858,18.587432582474754,3.7782548155440367,2.577485405866514,0.5351878875730678,21.01898414023048,2.6936657566138082,0.0,102,901
reward_centered_sarsa,down_shift,0.02,0.003,0.99,0,2.4444209346563284,0.5475663016763695,22.38621530225156,3.778022763169671,2.522508926309553,0.5232474400037199,25.69393058415988,2.6450360272328295,0.0,102,901
reward_centered_sarsa,down_shift,0.02,0.003,0.99,1,2.3151221304921576,0.5272507522267641,20.188295984173674,3.711289148170609,2.617421726894777,0.5226563117972544,22.952463746382627,2.708925643452299,0.0,102,901
reward_centered_sarsa,down_shift,0.02,0.003,0.99,2,2.4720262122092174,0.5375959520695185,22.237811022325623,3.8234850203623845,2.5651537085994383,0.5163129052898113,24.855418162365968,2.713677720123085,0.0,102,901
reward_centered_sarsa,down_shift,0.02,0.003,0.99,3,2.3677626114813437,0.5155000184027101,23.737098183511108,3.758782878156499,2.6288209918786873,0.5364643921692943,26.11326690140547,2.654419150032491,0.0,102,901
reward_centered_sarsa,down_shift,0.02,0.003,0.99,4,2.337971173421268,0.5205092901713707,22.57579835122087,3.6674796824678437,2.5957875182062957,0.5317614647012746,24.825066540695392,2.677660844256477,0.0,102,901
reward_centered_sarsa,down_shift,0.02,0.003,0.99,5,2.45274885305256,0.5079097597747863,21.91738432379785,3.902551065735742,2.6049201759538674,0.5204918321181449,24.497503910247268,2.723511579453215,0.0,102,901
reward_centered_sarsa,down_shift,0.02,0.003,0.99,6,2.4209697677036726,0.5273488871410799,22.92141397201999,3.7799706011542256,2.5771047025125875,0.5289197037216101,25.33322011079691,2.671925919953046,0.0,102,901
reward_centered_sarsa,down_shift,0.02,0.003,0.99,7,2.4024357518361237,0.5480615069493467,20.838568949502132,3.8376151326072954,2.584352255794411,0.5420808694456838,22.609187760433308,2.6566471226599697,0.0,102,901
reward_centered_sarsa,down_shift,0.02,0.003,0.99,8,2.4486960081493,0.5395540379334106,21.416149146106314,3.728171522359848,2.538725913477379,0.5136916612547683,24.3951293734346,2.6703397812018532,0.0,102,901
reward_centered_sarsa,down_shift,0.02,0.003,0.99,9,2.488968482607599,0.5504725240082049,22.77406520403195,3.7998741577204256,2.6096820254165,0.5294066681211009,25.381273633096775,2.6846730570293875,0.0,102,901
reward_centered_sarsa,down_shift,0.02,0.01,0.9,0,2.4607129412088784,0.5480430660285615,18.665682531952374,2.8749077294087964,2.532554625720714,0.5422946522120045,20.19443810586679,2.5646294968531187,0.0,102,901
reward_centered_sarsa,down_shift,0.02,0.01,0.9,1,2.265895196053382,0.5555743145641705,19.340941961371996,2.7205648402127465,2.4967628776296253,0.5455364157042677,20.557169394108104,2.515693626703261,0.0,102,901
reward_centered_sarsa,down_shift,0.02,0.01,0.9,2,2.495958053776867,0.5574900717748482,18.58907781554418,2.9334096157769793,2.5237333361885343,0.5404542549065943,20.078080281522407,2.5661905877003255,0.0,102,901
reward_centered_sarsa,down_shift,0.02,0.01,0.9,3,2.2444493963965297,0.5193296018559163,19.598598510909113,2.8596314992148084,2.598342726308306,0.5515306436666805,20.794626743960915,2.6211672457734374,0.0,102,901
reward_centered_sarsa,down_shift,0.02,0.01,0.9,4,2.3963410360637205,0.5330701280402741,18.855129203875485,2.860055646724935,2.5196260713048737,0.5466507924454111,19.94712549187804,2.5865530926490643,0.0,102,901
reward_centered_sarsa,down_shift,0.02,0.01,0.9,5,2.5158763076604984,0.5234413500305453,19.326999086752952,3.0229187550555183,2.564953662499491,0.5342333597808453,21.293485669307504,2.603689345317727,0.0,102,901
reward_centered_sarsa,down_shift,0.02,0.01,0.9,6,2.5525526109686503,0.5695616070387607,17.9136206819171,2.925686300823329,2.564179667382755,0.5468444219782578,20.271680759538604,2.5886278350459424,0.0,102,901
reward_centered_sarsa,down_shift,0.02,0.01,0.9,7,2.359865553237798,0.5454775406085308,18.288297949466237,2.815116724667213,2.537409177331919,0.5582446814083092,19.92197860978431,2.5651498266285446,0.0,102,901
reward_centered_sarsa,down_shift,0.02,0.01,0.9,8,2.4958448622220226,0.5450972304365469,18.975879093506663,2.910116458712126,2.489479710226425,0.5369044643113912,20.95849862579559,2.5396408771114483,0.0,102,901
reward_centered_sarsa,down_shift,0.02,0.01,0.9,9,2.5629797994905976,0.5322732790688456,18.113421289724045,3.038492742263175,2.5499980187665203,0.5488884486711685,20.203691564122778,2.5982318244541944,0.0,102,901
reward_centered_sarsa,down_shift,0.02,0.01,0.97,0,2.4309207495129765,0.5402065141299478,18.932311282820127,2.881523818549758,2.540473890643388,0.5409951595207648,21.179468509712102,2.5803007061527965,0.0,102,901
reward_centered_sarsa,down_shift,0.02,0.01,0.97,1,2.415358725865508,0.5254405636608648,18.55019583666499,2.9049133275666423,2.559781094057006,0.5392797820086157,20.914024653328998,2.609735915100468,0.0,102,901
reward_centered_sarsa,down_shift,0.02,0.01,0.97,2,2.482786441070251,0.5637794194149484,19.20483754254541,3.001388605719252,2.5929714014686573,0.530290486244014,21.403479073437047,2.699760116627992,0.0,102,901
reward_centered_sarsa,down_shift,0.02,0.01,0.97,3,2.4059231430138754,0.5184441931683778,19.882855919779956,2.951375769480948,2.6092446570347367,0.5441336860150112,21.781401206738384,2.653188178223672,0.0,102,901
reward_centered_sarsa,down_shift,0.02,0.01,0.97,4,2.5076029615514592,0.5308851209592759,19.934552781564797,3.0051266426139773,2.5216662733039064,0.5454233287775627,21.73248038968873,2.5938567284943757,0.0,102,901
reward_centered_sarsa,down_shift,0.02,0.01,0.97,5,2.432893180939298,0.5448015421365328,19.220754651429964,2.915234139305662,2.543108684218935,0.538029213470923,22.098687108641723,2.595463085049849,0.0,102,901
reward_centered_sarsa,down_shift,0.02,0.01,0.97,6,2.538520389212825,0.5635780806570656,19.141980588560493,2.9276120124732827,2.5144428525661526,0.5336975074639376,21.766900600696033,2.588462595847704,0.0,102,901
reward_centered_sarsa,down_shift,0.02,0.01,0.97,7,2.4867224116876323,0.5423887986283955,18.943261416983212,2.9574682320213888,2.5783263094316338,0.5441053415699535,21.18800897563081,2.6167863589457454,0.0,102,901
reward_centered_sarsa,down_shift,0.02,0.01,0.97,8,2.635340028697654,0.5541680298249966,19.019265732290297,3.0419900146982983,2.546969960868019,0.5433110067304607,21.039327549367002,2.5896954435642874,0.0,102,901
reward_centered_sarsa,down_shift,0.02,0.01,0.97,9,2.5065592615360845,0.5304594858386683,18.46862571108648,2.9461602782757415,2.5473741361874374,0.5496602381838689,20.96647494532743,2.608252576137122,0.0,102,901
reward_centered_sarsa,down_shift,0.02,0.01,0.99,0,2.479027440284312,0.5580208601883645,19.15236976639769,2.881584361096999,2.53507899392629,0.5211175860459532,21.704912424196863,2.656555501606053,0.0,102,901
reward_centered_sarsa,down_shift,0.02,0.01,0.99,1,2.525498196866767,0.520036218163883,19.292134543653724,2.9992182230910895,2.5586650442198873,0.5417100835282713,21.88517897332569,2.6034565300317714,0.0,102,901
reward_centered_sarsa,down_shift,0.02,0.01,0.99,2,2.5112517086141533,0.5434237301755962,19.19548478706283,3.053872168821036,2.55303220542576,0.5308331559557984,21.6198155005775,2.6497392771778405,0.0,102,901
reward_centered_sarsa,down_shift,0.02,0.01,0.99,3,2.4211630682363583,0.5205456835831714,19.815411665986208,2.957516266604905,2.5842873263790342,0.5490543683652963,21.44879082636192,2.6165579158449623,0.0,102,901
reward_centered_sarsa,down_shift,0.02,0.01,0.99,4,2.3316154496130412,0.5287600025670386,18.99173286245775,2.797730429310727,2.588807511216278,0.5347206768243947,21.509202338938017,2.675218676288241,0.0,102,901
reward_centered_sarsa,down_shift,0.02,0.01,0.99,5,2.4016616543234877,0.5477863184959001,18.88491582616859,2.91981317616936,2.55414963243619,0.5383624420236757,21.91902167152611,2.6061840011120663,0.0,102,901
reward_centered_sarsa,down_shift,0.02,0.01,0.99,6,2.5392844123428193,0.5678532699649829,18.39313045536617,2.921421443384313,2.4771167210712224,0.5528032562403316,21.146443542472078,2.5523095525558745,0.0,102,901
reward_centered_sarsa,down_shift,0.02,0.01,0.99,7,2.5132456004872865,0.5447433084065277,19.843923839912737,2.981202305173728,2.591182227612968,0.5394490350617887,22.104068711836216,2.6586419919691573,0.0,102,901
reward_centered_sarsa,down_shift,0.02,0.01,0.99,8,2.457078429969392,0.5413303650033867,20.057584335163092,2.9135912567007654,2.527191835573133,0.5265440176919495,22.58865205045373,2.6359336941806393,0.0,102,901
reward_centered_sarsa,down_shift,0.02,0.01,0.99,9,2.4637365160378,0.5574462716020621,18.698281641264796,2.8589677395024045,2.5451562966143513,0.5454512274278301,21.225384092406884,2.5791937846377833,0.0,102,901
reward_centered_sarsa,down_shift,0.02,0.03,0.9,0,2.4648416975561456,0.5397650524803501,17.98613000450307,2.602085818150158,2.4977176328517023,0.5475561974672386,19.418098164963816,2.4959242628302256,0.0,102,901
reward_centered_sarsa,down_shift,0.02,0.03,0.9,1,2.5354227527425834,0.5187099218155534,18.141913486173593,2.691478278315998,2.5383082139001445,0.5468556340820536,19.757988106661564,2.5426331868645153,0.0,102,901
reward_centered_sarsa,down_shift,0.02,0.03,0.9,2,2.5228086319288585,0.5638266952395196,18.322289307757174,2.654367348373658,2.565103081989247,0.5356908833692261,20.374514414847134,2.5915700966644692,0.0,102,901
reward_centered_sarsa,down_shift,0.02,0.03,0.9,3,2.330501063200406,0.519049483867476,18.339134793984616,2.6019404971570874,2.610363444908439,0.5489745648437253,19.68812202824502,2.5824729997370612,0.0,102,901
reward_centered_sarsa,down_shift,0.02,0.03,0.9,4,2.3513870035559767,0.5361456854729281,17.975183645702568,2.5392914182459685,2.560704869745636,0.5455296189169316,19.788255020252283,2.536463108050648,0.0,102,901
reward_centered_sarsa,down_shift,0.02,0.03,0.9,5,2.3547838214260683,0.5318194860316724,17.749828600550224,2.561103762120336,2.561229071390364,0.5492418462571041,19.509431683384722,2.528458201506973,0.0,102,901
reward_centered_sarsa,down_shift,0.02,0.03,0.9,6,2.62032985813457,0.5614158388507701,17.751286034005002,2.673496301882259,2.56899865849373,0.5481207351815226,19.96803361097427,2.537623598763861,0.0,102,901
reward_centered_sarsa,down_shift,0.02,0.03,0.9,7,2.488792066503231,0.5505672330212306,18.308191802571827,2.6391801221531423,2.5382202328309287,0.5477291989041189,20.02376450594389,2.549236690036818,0.0,102,901
reward_centered_sarsa,down_shift,0.02,0.03,0.9,8,2.601697880964175,0.5470223647281456,17.839984965972317,2.7375123851678413,2.541051528930257,0.5460626599623525,19.709164228490085,2.5155596365515147,0.0,102,901
reward_centered_sarsa,down_shift,0.02,0.03,0.9,9,2.506085029679756,0.5557845216286535,17.69577341682497,2.5986416382128477,2.534486029311792,0.550879618072362,19.399165935697525,2.5258692011309933,0.0,102,901
reward_centered_sarsa,down_shift,0.02,0.03,0.97,0,2.5012571197193885,0.539193022486718,18.851282698120134,2.637702476595603,2.528446686507503,0.54150263428049,20.74743550890911,2.520036012136005,0.0,102,901
reward_centered_sarsa,down_shift,0.02,0.03,0.97,1,2.277838455937803,0.5560418576063966,19.173538946141676,2.4552245902995167,2.5330583688564867,0.5412460709372872,21.173704532695975,2.5414833875930194,0.0,102,901
reward_centered_sarsa,down_shift,0.02,0.03,0.97,2,2.4498486100035404,0.5703496599924519,18.738380070877113,2.5455455124144484,2.5222916611840946,0.5422566074029058,20.726769830424267,2.526867358125128,0.0,102,901
reward_centered_sarsa,down_shift,0.02,0.03,0.97,3,2.383306287812376,0.5170435692911876,18.84767027257568,2.5872997178052093,2.6084539144985435,0.5491932241526173,20.764388207254374,2.5805993271715413,0.0,102,901
reward_centered_sarsa,down_shift,0.02,0.03,0.97,4,2.3610827692001397,0.5379877698410923,18.713943973180967,2.5514429229586106,2.5628671551121163,0.5443996154891093,20.85019761062164,2.540829327699345,0.0,102,901
reward_centered_sarsa,down_shift,0.02,0.03,0.97,5,2.4440716970827805,0.5524377598693826,18.532671863753254,2.631973647852058,2.56140043607535,0.5383923576574312,21.16450854869649,2.5689799114568057,0.0,102,901
reward_centered_sarsa,down_shift,0.02,0.03,0.97,6,2.525370934214755,0.5341877223201564,18.92216063939704,2.7028621178382473,2.5319405940624318,0.5451400980064676,20.977420410271026,2.5218874475685142,0.0,102,901
reward_centered_sarsa,down_shift,0.02,0.03,0.97,7,2.47611893562558,0.5478898451836294,19.221469170999647,2.6391221530742603,2.5668026839258795,0.5447185329420443,21.331640903382095,2.569083963934097,0.0,102,901
reward_centered_sarsa,down_shift,0.02,0.03,0.97,8,2.709447520231853,0.555574877759501,19.360399404841388,2.742233955126254,2.55179313557691,0.5479195469722108,21.16606408612473,2.5223919701451867,0.0,102,901
reward_centered_sarsa,down_shift,0.02,0.03,0.97,9,2.5191711794598444,0.5568981735788856,18.945306031764364,2.5787392109083562,2.555594988634411,0.547310152864101,21.191987448817454,2.5280257063525307,0.0,102,901
reward_centered_sarsa,down_shift,0.02,0.03,0.99,0,2.4164210356266627,0.5513422835378089,18.64976705691033,2.5237254129203666,2.54306731753881,0.5466996859826669,20.655799513784785,2.5316935632692976,0.0,102,901
reward_centered_sarsa,down_shift,0.02,0.03,0.99,1,2.4998566220903458,0.514463408493305,18.93076360958377,2.6586028593734197,2.562329197583742,0.5379916927319007,21.506335684461092,2.5717382064659478,0.0,102,901
reward_centered_sarsa,down_shift,0.02,0.03,0.99,2,2.6059565461048018,0.5638501324076519,18.796405667331587,2.6832803444569517,2.5380878195130525,0.5393820750152308,20.971700723468942,2.543214277229255,0.0,102,901
reward_centered_sarsa,down_shift,0.02,0.03,0.99,3,2.345825975745997,0.5227313679949779,19.4449973715793,2.592794784329917,2.6129726823208914,0.5486008784538554,21.091955894504714,2.5894771854493834,0.0,102,901
reward_centered_sarsa,down_shift,0.02,0.03,0.99,4,2.477554627980837,0.5285681536473698,19.025213752295702,2.6084222557530143,2.5501984637514044,0.5407818662738142,20.735303603877533,2.5704894338562605,0.0,102,901
reward_centered_sarsa,down_shift,0.02,0.03,0.99,5,2.46426875565702,0.5446923930509856,19.479229601299313,2.6099402932732363,2.548237020499417,0.534639540711482,22.236772354583405,2.5688358014226274,0.0,102,901
reward_centered_sarsa,down_shift,0.02,0.03,0.99,6,2.513146926073185,0.5360182852597322,19.438236222526527,2.6678660374520713,2.5457235527832403,0.5433106651281306,21.5338444657389,2.5441523902630125,0.0,102,901
reward_centered_sarsa,down_shift,0.02,0.03,0.99,7,2.5403240116664163,0.5362495341752623,19.766600751240425,2.618985545200663,2.6176910886307336,0.5479316814674251,21.20751066942512,2.597973239230863,0.0,102,901
reward_centered_sarsa,down_shift,0.02,0.03,0.99,8,2.4500425337518736,0.5498924407695662,19.18350412998893,2.5778146315479336,2.515690205412283,0.5286803932154321,21.2225061023476,2.5668167295493296,0.0,102,901
reward_centered_sarsa,down_shift,0.02,0.03,0.99,9,2.568622388077061,0.5286808188599987,18.34389318843996,2.7448530704657426,2.546106106068911,0.5507060744869946,20.60216484109285,2.526577528399677,0.0,102,901
reward_centered_sarsa,down_shift,0.02,0.1,0.9,0,2.3883630247489926,0.5534045236037709,17.8379229342727,2.2556489490266416,2.5181937398919114,0.5468685286122505,19.625711262474592,2.3306676948592,0.0,102,901
reward_centered_sarsa,down_shift,0.02,0.1,0.9,1,2.4216290332088453,0.5445885607741294,18.446211715656872,2.314041846515966,2.5327432931220524,0.5427207762051427,19.931962722439255,2.3706531834383116,0.0,102,901
reward_centered_sarsa,down_shift,0.02,0.1,0.9,2,2.5647565867880378,0.5619482351363475,18.14962208942748,2.4007896499867547,2.4857577314018733,0.5474178133393353,19.47959336598408,2.318168303033814,0.0,102,901
reward_centered_sarsa,down_shift,0.02,0.1,0.9,3,2.3985822607263296,0.5245324032987,18.02129877422687,2.32402276289324,2.573509436758555,0.5588985428713208,19.174621742800227,2.3658391126162694,0.0,102,901
reward_centered_sarsa,down_shift,0.02,0.1,0.9,4,2.49723707206571,0.5299673908397382,18.07551366461236,2.4058605797231705,2.5429791937967634,0.5426303687174627,19.31642739312687,2.3815872170274024,0.0,102,901
reward_centered_sarsa,down_shift,0.02,0.1,0.9,5,2.506591977746028,0.5311013823358179,18.303799749813304,2.4507065514448794,2.5168183844291674,0.5474571040234061,19.864927851645312,2.3582734161778314,0.0,102,901
reward_centered_sarsa,down_shift,0.02,0.1,0.9,6,2.5567841169380743,0.5720585795787159,17.29022042634646,2.3788199273736295,2.539278756787056,0.5485058938940206,19.280381375577534,2.35535848732574,0.0,102,901
reward_centered_sarsa,down_shift,0.02,0.1,0.9,7,2.5374009739742145,0.5447943307972593,18.078197961615285,2.4370222376152353,2.5724837540008494,0.5470071892631134,19.851298074554634,2.389468321147746,0.0,102,901
reward_centered_sarsa,down_shift,0.02,0.1,0.9,8,2.4271677772616806,0.5522457200084979,17.921947791343797,2.297796843131999,2.4735812917885673,0.5371651129701447,19.433298942627736,2.3419069639323755,0.0,102,901
reward_centered_sarsa,down_shift,0.02,0.1,0.9,9,2.5067573937200978,0.5618864316204026,17.898779399549344,2.390422960035146,2.5607283213360037,0.5466024885574154,19.769350298513007,2.3764886466378927,0.0,102,901
reward_centered_sarsa,down_shift,0.02,0.1,0.97,0,2.5105871187141946,0.5384517150042899,18.70988601495997,2.3761349229701527,2.549799923132151,0.5417490310716633,20.726742549293927,2.3794062384241115,0.0,102,901
reward_centered_sarsa,down_shift,0.02,0.1,0.97,1,2.4127306362433876,0.5245960330017561,18.166601974786087,2.399410276814486,2.556435422641143,0.5398356399870506,20.608660827364506,2.4025285206755767,0.0,102,901
reward_centered_sarsa,down_shift,0.02,0.1,0.97,2,2.624238720702672,0.5482714049302657,19.02088529003052,2.474111024055635,2.5607652368412426,0.5349288805883453,21.33046437164213,2.4215897278274148,0.0,102,901
reward_centered_sarsa,down_shift,0.02,0.1,0.97,3,2.339442073045628,0.5256072088710995,18.80959383945719,2.3650573559197867,2.610651726152392,0.5503449447673799,20.87014724987393,2.421046503491472,0.0,102,901
reward_centered_sarsa,down_shift,0.02,0.1,0.97,4,2.328027209544829,0.5356299527651436,19.142136866143378,2.294151951135745,2.577490051199391,0.5395581372096049,21.292121948702242,2.4135232887159965,0.0,102,901
reward_centered_sarsa,down_shift,0.02,0.1,0.97,5,2.40702878107771,0.5509906523371673,18.321686007163027,2.320099342138934,2.546332660234698,0.5397430001736627,20.979947345151416,2.3818776695157284,0.0,102,901
reward_centered_sarsa,down_shift,0.02,0.1,0.97,6,2.471168811632188,0.5375077077286093,18.856004438934246,2.4077272532399205,2.5542680953911017,0.5468520723799196,20.76777352249998,2.361348520279854,0.0,102,901
reward_centered_sarsa,down_shift,0.02,0.1,0.97,7,2.552364955564018,0.5368169503823282,19.836925534692295,2.4259088641823086,2.579973578952977,0.5459259252249016,21.349148458552627,2.414567792555117,0.0,102,901
reward_centered_sarsa,down_shift,0.02,0.1,0.97,8,2.4993333911334807,0.5495542552518519,18.415090372237426,2.4012404981333297,2.5156968633094783,0.5432372558943934,20.53448299349505,2.343809212661876,0.0,102,901
reward_centered_sarsa,down_shift,0.02,0.1,0.97,9,2.5526229379378673,0.5357544276410299,18.47174431044388,2.5178358139173094,2.555532512978647,0.5485485188981015,20.518502346962936,2.385559900263938,0.0,102,901
reward_centered_sarsa,down_shift,0.02,0.1,0.99,0,2.42499432199997,0.5437295169612293,18.410119832143284,2.3158647164154225,2.54111522858132,0.5381866169519859,20.755644096318473,2.3940989859929314,0.0,102,901
reward_centered_sarsa,down_shift,0.02,0.1,0.99,1,2.2438448895545133,0.5551556589350051,19.24305302304756,2.170627555209167,2.548650127206843,0.541730431837648,21.35114392221409,2.3803033435140093,0.0,102,901
reward_centered_sarsa,down_shift,0.02,0.1,0.99,2,2.547909549662167,0.5631100626283602,19.25661396565105,2.4322274776963213,2.5523484452165626,0.5337886788317684,21.554717266791332,2.415889139812106,0.0,102,901
reward_centered_sarsa,down_shift,0.02,0.1,0.99,3,2.390063804105555,0.4877756801455937,19.57056390839603,2.4816641489039406,2.5652592666965304,0.54857318216277,21.272125651218296,2.3877620819107395,0.0,102,901
reward_centered_sarsa,down_shift,0.02,0.1,0.99,4,2.3961887524596435,0.5201491604362327,19.458345498501696,2.3299429470282114,2.558868527523997,0.5455712840048502,21.523229040084484,2.3723662048633334,0.0,102,901
reward_centered_sarsa,down_shift,0.02,0.1,0.99,5,2.482585687270102,0.5455003454978715,18.596619588702435,2.3889164355397687,2.5460264573359757,0.5390325476624703,21.051263063663338,2.3786632012481848,0.0,102,901
reward_centered_sarsa,down_shift,0.02,0.1,0.99,6,2.5467223785800046,0.5489458958383047,18.77551838839329,2.3917644835266105,2.580650751477247,0.5491181280276508,21.32293187346545,2.3804081758608095,0.0,102,901
reward_centered_sarsa,down_shift,0.02,0.1,0.99,7,2.495672742560319,0.5514065320250143,18.827604091270512,2.46274109141003,2.579199798812847,0.5424090984414218,21.32241952048024,2.4112741019173254,0.0,102,901
reward_centered_sarsa,down_shift,0.02,0.1,0.99,8,2.4243081978434082,0.5522985046039959,18.686310667742784,2.330321448827316,2.447781118990472,0.5393765114118725,20.55467966949254,2.338993053060117,0.0,102,901
reward_centered_sarsa,down_shift,0.02,0.1,0.99,9,2.539557469816935,0.5538032207013619,19.142792034362184,2.387739433642256,2.5599274012613598,0.5468134621903291,21.115991323880852,2.365107821530563,0.0,102,901
reward_centered_sarsa,down_shift,0.05,0.001,0.9,0,2.2194014319624773,0.5139225886538028,35.749196524237476,5.387453839465264,2.4998119739147704,0.5064111472117179,38.107378491332135,2.750457348352824,0.0,102,901
reward_centered_sarsa,down_shift,0.05,0.001,0.9,1,2.1172221038437287,0.5164778557785977,33.71648738760391,5.424871943667142,2.546723691458016,0.5192283376267516,38.23401807965552,2.8035478278468693,0.0,102,901
reward_centered_sarsa,down_shift,0.05,0.001,0.9,2,2.381799294961265,0.5232689099187398,38.9692333565062,5.320655338412523,2.6045803500703615,0.5082574950346064,43.13679388210834,2.876227891309341,0.0,102,901
reward_centered_sarsa,down_shift,0.05,0.001,0.9,3,2.2567049685302414,0.48176092252051955,44.51314931979189,5.391745917959724,2.5789160199062113,0.5129878360517549,43.16690910345434,2.8198067384814007,0.0,102,901
reward_centered_sarsa,down_shift,0.05,0.001,0.9,4,2.2042353382097164,0.5103274555005163,35.197330483357455,5.245716592389043,2.5812377585573483,0.5062181370660886,39.2958024311876,2.845259845841942,0.0,102,901
reward_centered_sarsa,down_shift,0.05,0.001,0.9,5,2.2201077951348474,0.530337692318317,32.22238249250332,5.361593414170058,2.595627945566173,0.5100605172190256,36.97311935528362,2.8291651069043104,0.0,102,901
reward_centered_sarsa,down_shift,0.05,0.001,0.9,6,2.3251301314463246,0.5180413104338314,34.096735176894,5.257988803445098,2.540490967181231,0.5232276751842035,38.03768112193012,2.7456385304335043,0.0,102,901
reward_centered_sarsa,down_shift,0.05,0.001,0.9,7,2.29650572631045,0.5229828666049081,35.34916486245546,5.404901471098956,2.586646472460714,0.5113071057903553,39.47103405326814,2.837324201727776,0.0,102,901
reward_centered_sarsa,down_shift,0.05,0.001,0.9,8,2.338444289266264,0.5095272527342887,37.04916291591194,5.480547576576801,2.457717646100448,0.5295408488359251,40.375099850722734,2.727845383863505,0.0,102,901
reward_centered_sarsa,down_shift,0.05,0.001,0.9,9,2.325976325591753,0.5124183278316291,31.891213920509564,5.314256186662749,2.5846917634342277,0.5241734896906712,38.92046161842122,2.7861638859124613,0.0,102,901
reward_centered_sarsa,down_shift,0.05,0.001,0.97,0,2.2168845404137953,0.5114005428269259,40.8191361983057,5.388816133439414,2.504156522931062,0.5075073526886819,35.766890521909005,2.8192371723870564,0.0,102,901
reward_centered_sarsa,down_shift,0.05,0.001,0.97,1,2.1202516798215783,0.5280073713615259,44.49348996615185,5.3116867852830065,2.5315413246117235,0.49662258289388345,38.976001847126874,2.8343213135921155,0.0,102,901
reward_centered_sarsa,down_shift,0.05,0.001,0.97,2,2.344592673161795,0.5177833515541846,45.10580665863522,5.354208016663131,2.5803925896055686,0.48537529388605044,43.95659884825306,2.9376149234439186,0.0,102,901
reward_centered_sarsa,down_shift,0.05,0.001,0.97,3,2.2120884429318055,0.48745923131221913,41.011964176166586,5.361475990597988,2.64139934933432,0.5133228996778283,37.849196389034574,2.874962728071244,0.0,102,901
reward_centered_sarsa,down_shift,0.05,0.001,0.97,4,2.204244231826489,0.5141872262962774,37.12631563241065,5.169635797112379,2.5655553582106085,0.5122351003124284,34.432919674819686,2.8192351430817206,0.0,102,901
reward_centered_sarsa,down_shift,0.05,0.001,0.97,5,2.2739184404265704,0.4970782678811811,61.770732014876955,5.420191692963656,2.556824065196576,0.5023890560861514,64.55392610874465,2.8250105757254103,0.0,102,901
reward_centered_sarsa,down_shift,0.05,0.001,0.97,6,2.38286080371547,0.4993803281254769,47.94910891447748,5.329561785981214,2.574972457343956,0.5066114897546031,40.442053400090295,2.8428511654223696,0.0,102,901
reward_centered_sarsa,down_shift,0.05,0.001,0.97,7,2.312010770978716,0.5043229338277682,61.06136674974009,5.509088463963517,2.610706996849672,0.4953641663850734,53.11149507514345,2.9058829791808103,0.0,102,901
reward_centered_sarsa,down_shift,0.05,0.001,0.97,8,2.4746261570336032,0.532865824468106,41.97191250116521,5.31235103683464,2.5882926903166457,0.49756457948921806,35.668705983740026,2.9070275432787027,0.0,102,901
reward_centered_sarsa,down_shift,0.05,0.001,0.97,9,2.382320308470603,0.5163045900998986,38.382535062552236,5.236109478173089,2.608724505318674,0.5175022501035164,31.399052344706465,2.841186394194228,0.0,102,901
reward_centered_sarsa,down_shift,0.05,0.001,0.99,0,2.236126856810136,0.5079069447813329,51.75161274074968,5.407134477483851,2.5581126526786577,0.4956218873740978,38.3621706824742,2.874244026945279,0.0,102,901
reward_centered_sarsa,down_shift,0.05,0.001,0.99,1,2.1687695704784575,0.509823112732046,46.91610518303232,5.197244624640537,2.571841510595891,0.502634537992486,40.02802042693654,2.8549449546590524,0.0,102,901
reward_centered_sarsa,down_shift,0.05,0.001,0.99,2,2.3725373090480075,0.5281588035134603,50.89294762307522,5.261706820533719,2.585990927989239,0.5014194460779777,38.70281368585963,2.907916322472564,0.0,102,901
reward_centered_sarsa,down_shift,0.05,0.001,0.99,3,2.1701590617391213,0.4852702714696514,52.67148167756373,5.367229654952838,2.6385096776114803,0.5016946728555971,41.50765205344938,2.9180020354454386,0.0,102,901
reward_centered_sarsa,down_shift,0.05,0.001,0.99,4,2.2395950565927127,0.5020665269088985,53.2383639033635,5.319090819187553,2.5279205074923135,0.5027569373704684,48.89116189668518,2.8133841622927678,0.0,102,901
reward_centered_sarsa,down_shift,0.05,0.001,0.99,5,2.25583069778209,0.5272644630336141,49.17722135217062,5.372328674983085,2.58994332973446,0.5028262813363243,37.778499203223966,2.8693185181546426,0.0,102,901
reward_centered_sarsa,down_shift,0.05,0.001,0.99,6,2.2602543696390724,0.5210908039795263,53.336046136238636,5.095123937665379,2.538503130306907,0.47807377039839927,47.51010525468716,2.915497946509798,0.0,102,901
reward_centered_sarsa,down_shift,0.05,0.001,0.99,7,2.3270517183785664,0.5106619927346624,56.10389958947456,5.481027708858616,2.580608967401092,0.5076683165743537,42.54607544675188,2.8773990918489907,0.0,102,901
reward_centered_sarsa,down_shift,0.05,0.001,0.99,8,2.1265617223247957,0.4719493278178486,58.44502560699399,5.317494327295655,2.489811457220273,0.4743380245194525,49.02091394088999,2.892197883541266,0.0,102,901
reward_centered_sarsa,down_shift,0.05,0.001,0.99,9,2.281792784439669,0.5209101300316594,48.15166193500878,5.144412535725653,2.5697395967164134,0.5198362395839428,35.78271239600415,2.805345560398924,0.0,102,901
reward_centered_sarsa,down_shift,0.05,0.003,0.9,0,2.3938976083857586,0.5146986324214269,31.693021493296463,3.8060735869681923,2.5739434182716567,0.5203842095294026,31.259218816762154,2.663222684075137,0.0,102,901
reward_centered_sarsa,down_shift,0.05,0.003,0.9,1,2.346004451802891,0.5098101417742764,31.137780650464883,3.8435704831592985,2.582453058887938,0.533262776742554,30.591154632855886,2.6278722322287233,0.0,102,901
reward_centered_sarsa,down_shift,0.05,0.003,0.9,2,2.4875242223426444,0.5414100354299072,27.864740936594927,3.85282468796458,2.4552291594562474,0.5419375438542294,27.793268339390142,2.4523201604076448,0.0,102,901
reward_centered_sarsa,down_shift,0.05,0.003,0.9,3,2.3271820666728837,0.49599534394167905,29.481790602620887,3.8968763812931515,2.5201057520563315,0.5580437521751473,27.75958131877271,2.581144978085583,0.0,102,901
reward_centered_sarsa,down_shift,0.05,0.003,0.9,4,2.2693100721195414,0.5231116485306238,31.46129636524324,3.681573377714767,2.5746395865853526,0.5283453020582399,31.178024615314143,2.692806583697983,0.0,102,901
reward_centered_sarsa,down_shift,0.05,0.003,0.9,5,2.435470915408783,0.5023546330573331,29.869064218297098,3.9156256298129373,2.595171100457245,0.5258293804557541,29.77170391323137,2.671785571687407,0.0,102,901
reward_centered_sarsa,down_shift,0.05,0.003,0.9,6,2.4264979450082405,0.5203336021419264,27.970337664588772,3.7726328692351516,2.5885025097983947,0.524686993192772,29.15144045937482,2.683650616243415,0.0,102,901
reward_centered_sarsa,down_shift,0.05,0.003,0.9,7,2.402826160137386,0.5272686260163865,29.738137549538003,3.8693837711115604,2.6122595692690296,0.5335693928913007,29.25253233678883,2.6914801967294584,0.0,102,901
reward_centered_sarsa,down_shift,0.05,0.003,0.9,8,2.5348126442991834,0.5266744373647985,29.525922192184836,3.946078998200561,2.568829487817524,0.5272605866907839,30.195563674473004,2.6626598893414255,0.0,102,901
reward_centered_sarsa,down_shift,0.05,0.003,0.9,9,2.4598780164321488,0.5384059535284682,27.099038343702638,3.844190214531007,2.6160794342602056,0.5306137225126608,28.287071332987615,2.6931365031506567,0.0,102,901
reward_centered_sarsa,down_shift,0.05,0.003,0.97,0,2.478435342360559,0.5298569745194219,28.68410022766006,3.835616813259361,2.5684315431235127,0.5057450022401846,32.15472056070519,2.72101569005711,0.0,102,901
reward_centered_sarsa,down_shift,0.05,0.003,0.97,1,2.4348200471883565,0.5074242948160543,28.43294583838058,3.8691235122133714,2.604548188200851,0.5094661721578132,31.310884087607295,2.746815618864833,0.0,102,901
reward_centered_sarsa,down_shift,0.05,0.003,0.97,2,2.453126152453355,0.5318465904838044,27.172490748752008,3.8566439248684725,2.5636753717905183,0.5164074841146729,29.776829470533006,2.7159065272015606,0.0,102,901
reward_centered_sarsa,down_shift,0.05,0.003,0.97,3,2.2857674539474924,0.491848022349856,33.75490002100109,3.9106668180140196,2.680098571256656,0.5101447460855512,34.20515108095995,2.8140956630762157,0.0,102,901
reward_centered_sarsa,down_shift,0.05,0.003,0.97,4,2.2776459464662677,0.512320602194267,28.51038289970171,3.746878803365835,2.598996122164379,0.5237270751965157,29.331875226515475,2.7224177747270657,0.0,102,901
reward_centered_sarsa,down_shift,0.05,0.003,0.97,5,2.463374192223562,0.5124129347418273,30.344455172798412,3.88382562473998,2.577685275920416,0.5209687551442884,31.38712439724336,2.7048304242924326,0.0,102,901
reward_centered_sarsa,down_shift,0.05,0.003,0.97,6,2.463124863574281,0.5138534355738649,31.212457203504226,3.803810619485868,2.583814227033201,0.5236096141862001,33.010334568815445,2.6682260532096875,0.0,102,901
reward_centered_sarsa,down_shift,0.05,0.003,0.97,7,2.3903557425810686,0.5238629872287629,34.23350706145146,3.872259557556305,2.6531926045035283,0.5136598788388216,36.109179992200936,2.7742784138006904,0.0,102,901
reward_centered_sarsa,down_shift,0.05,0.003,0.97,8,2.411475164875418,0.5282075998132533,28.15151147050931,3.803982288741698,2.5600169770166965,0.5064374094122819,30.557220800696076,2.722870846918544,0.0,102,901
reward_centered_sarsa,down_shift,0.05,0.003,0.97,9,2.4984155877889953,0.5051207958985156,34.97526277717651,3.9215905475551414,2.6469811414573456,0.5005810474639911,36.29314614756851,2.8027991203808162,0.0,102,901
reward_centered_sarsa,down_shift,0.05,0.003,0.99,0,2.3660115306911016,0.5301812076622788,32.55762996614313,3.7982617849150873,2.5829183098472903,0.5144710614724224,35.159810103233,2.708504841529467,0.0,102,901
reward_centered_sarsa,down_shift,0.05,0.003,0.99,1,2.228685374986801,0.5271272086247285,27.63490883814271,3.846414466102707,2.5708480487815617,0.5191782355921157,28.887160021366196,2.691780920330579,0.0,102,901
reward_centered_sarsa,down_shift,0.05,0.003,0.99,2,2.507046184205748,0.5204300957076032,32.97618106410525,3.9062372884261207,2.6057579517691245,0.5065796915864782,34.07628985105284,2.745703229574392,0.0,102,901
reward_centered_sarsa,down_shift,0.05,0.003,0.99,3,2.3223159653455383,0.48474686006344275,35.97661823118672,3.900301331449977,2.6540276408348515,0.5004301585896651,36.65225702064687,2.800699642403871,0.0,102,901
reward_centered_sarsa,down_shift,0.05,0.003,0.99,4,2.244263736671515,0.5034185535170187,31.226147234145188,3.764715329808951,2.5879456199074538,0.5214438402429673,32.78533530446622,2.7256587539890744,0.0,102,901
reward_centered_sarsa,down_shift,0.05,0.003,0.99,5,2.4860505860329263,0.5105519877677875,29.651299294697083,3.9150379765816807,2.5948276163876436,0.5102733918611682,30.74086382615079,2.791160226505318,0.0,102,901
reward_centered_sarsa,down_shift,0.05,0.003,0.99,6,2.547320154700357,0.5432102925626476,28.791875355250077,3.773001814239787,2.634490858320389,0.5187328307114124,31.58431271929124,2.754785571752776,0.0,102,901
reward_centered_sarsa,down_shift,0.05,0.003,0.99,7,2.4073155802023276,0.5246468013079392,29.884846144859722,3.9205361802756107,2.6675776723663764,0.5209983800307235,29.449518874468524,2.752051173190607,0.0,102,901
reward_centered_sarsa,down_shift,0.05,0.003,0.99,8,2.3790085394169815,0.5286595321649957,30.37715771903019,3.798199166989699,2.6017232231738925,0.5032252105037955,30.852617357136122,2.790804409751099,0.0,102,901
reward_centered_sarsa,down_shift,0.05,0.003,0.99,9,2.4529556029932427,0.5208948456373271,34.07608695125487,3.848926885690155,2.62192361711612,0.5202842477131605,35.97084304765887,2.7261505049460486,0.0,102,901
reward_centered_sarsa,down_shift,0.05,0.01,0.9,0,2.4090801406892934,0.5490524542785126,24.46847801701425,2.8289910152800353,2.541281193774843,0.5372516916636438,24.882280292165667,2.5817433156162926,0.0,102,901
reward_centered_sarsa,down_shift,0.05,0.01,0.9,1,2.4799128587502124,0.5149188759524391,24.235642992429593,3.0301208975413565,2.58778487249129,0.5281525742035102,25.415360424181568,2.6529139901871477,0.0,102,901
reward_centered_sarsa,down_shift,0.05,0.01,0.9,2,2.498089622901943,0.5452991637848495,24.906726542410347,3.0464702989487717,2.578024088812393,0.529372802600646,25.721650894189047,2.6370521907579,0.0,102,901
reward_centered_sarsa,down_shift,0.05,0.01,0.9,3,2.3836462153402436,0.5187718315429054,25.896904344030062,2.923266930134678,2.5914169322756906,0.5494657334614218,25.488691190366044,2.6012275564025504,0.0,102,901
reward_centered_sarsa,down_shift,0.05,0.01,0.9,4,2.366322170761518,0.5244346264178436,25.008968221862943,2.872242549886609,2.512189850801877,0.5540320766885337,24.91142822124361,2.5560909598273653,0.0,102,901
reward_centered_sarsa,down_shift,0.05,0.01,0.9,5,2.471946908912282,0.517268058996641,24.970767077394072,3.0449764091979428,2.5800637925626235,0.5295820867595896,25.434310232641714,2.6447559976323847,0.0,102,901
reward_centered_sarsa,down_shift,0.05,0.01,0.9,6,2.5473310174942645,0.5412782802514097,22.60210463114777,2.978774046900276,2.5894835071335662,0.5477456011640953,24.523266311917247,2.5992956554190787,0.0,102,901
reward_centered_sarsa,down_shift,0.05,0.01,0.9,7,2.514979134219585,0.5429809185731104,24.115320235539212,2.9833454455904693,2.6030945962742202,0.5474396576689277,24.29713800862105,2.6204383538773226,0.0,102,901
reward_centered_sarsa,down_shift,0.05,0.01,0.9,8,2.552328632984462,0.5394353613412528,24.96456881124142,2.957487774851933,2.577028190452932,0.5262741791736689,25.643703604400976,2.633448598533217,0.0,102,901
reward_centered_sarsa,down_shift,0.05,0.01,0.9,9,2.440878758875676,0.5568974687024922,23.475729080727593,2.820565387945196,2.5470543017893217,0.548562226590144,24.615213259016016,2.5664345741226726,0.0,102,901
reward_centered_sarsa,down_shift,0.05,0.01,0.97,0,2.4978372789628214,0.5296646080438983,24.902694905249238,2.9724042184444905,2.5802738915308323,0.5270056779600611,26.824428977162928,2.6298314998219294,0.0,102,901
reward_centered_sarsa,down_shift,0.05,0.01,0.97,1,2.3820310868359007,0.5069307207506112,27.38491223727265,2.9743828811320854,2.575529291620462,0.5360336577703572,28.439498924719434,2.6331815836406416,0.0,102,901
reward_centered_sarsa,down_shift,0.05,0.01,0.97,2,2.5819597600361046,0.5488860617670115,24.28462665979626,3.071705323924103,2.60693420829599,0.5199059902567175,26.907854862184816,2.701120125811185,0.0,102,901
reward_centered_sarsa,down_shift,0.05,0.01,0.97,3,2.363529785398399,0.5140374836144467,26.53347160497441,2.9306730682913993,2.6427080758342005,0.5351911378265831,27.77875672824666,2.7210567242531947,0.0,102,901
reward_centered_sarsa,down_shift,0.05,0.01,0.97,4,2.449922371649218,0.5195965635230199,25.465297048764377,2.930826319474882,2.5779413775069555,0.5342764277802087,26.01583433163232,2.6393836155775556,0.0,102,901
reward_centered_sarsa,down_shift,0.05,0.01,0.97,5,2.4636906635101536,0.529853239168515,25.56660528532426,3.02965819385034,2.5968767840518683,0.5216718942793158,28.514481533806865,2.6744251572457243,0.0,102,901
reward_centered_sarsa,down_shift,0.05,0.01,0.97,6,2.5838432346593208,0.5134736658060068,25.454015235348734,3.1312499278051296,2.596979757266126,0.5336377505598774,27.663033085409506,2.654737810449708,0.0,102,901
reward_centered_sarsa,down_shift,0.05,0.01,0.97,7,2.5093155392812587,0.5404512255519346,26.616847586245648,2.9953932927056224,2.6483807706943217,0.5131866150019824,28.518819655884275,2.7940319756903587,0.0,102,901
reward_centered_sarsa,down_shift,0.05,0.01,0.97,8,2.634021178740377,0.5324173383334919,24.608375802361053,3.1243789212974344,2.5875560584994632,0.5230546519481278,27.42653709940515,2.6647539135061957,0.0,102,901
reward_centered_sarsa,down_shift,0.05,0.01,0.97,9,2.5446594049223763,0.544822085919648,24.640570323054742,3.009661249146187,2.595935324785329,0.5287949019323696,27.171229662838087,2.694968852248695,0.0,102,901
reward_centered_sarsa,down_shift,0.05,0.01,0.99,0,2.495855357741563,0.525933247136245,25.945008312337766,2.9868380357840665,2.6088072660323673,0.516976145465772,28.230551930023516,2.7176884986906686,0.0,102,901
reward_centered_sarsa,down_shift,0.05,0.01,0.99,1,2.5540784967772936,0.5188282934162999,26.5746040913413,3.038699574477103,2.5827176818966135,0.5219553678991872,29.233728506948506,2.684893921649667,0.0,102,901
reward_centered_sarsa,down_shift,0.05,0.01,0.99,2,2.5904591546568065,0.529284566895306,25.697089933970673,3.1613477535202206,2.613271375345126,0.5186593661971816,28.554591973887554,2.738266283240755,0.0,102,901
reward_centered_sarsa,down_shift,0.05,0.01,0.99,3,2.4189949302343186,0.48049060060235615,27.918373681745596,3.10396840144421,2.6596289714438615,0.530406029088493,29.4530582793625,2.7206649001467427,0.0,102,901
reward_centered_sarsa,down_shift,0.05,0.01,0.99,4,2.5240225962083116,0.5308812703286193,26.145657174827456,2.9502062316146156,2.6166809949651655,0.5254352314169023,28.528735365864634,2.6817636016727793,0.0,102,901
reward_centered_sarsa,down_shift,0.05,0.01,0.99,5,2.4837165316781387,0.5411786297895156,26.176496735561916,3.000361444969949,2.589229421146703,0.5205196491288656,29.76393752879892,2.673518018940877,0.0,102,901
reward_centered_sarsa,down_shift,0.05,0.01,0.99,6,2.5817174109212444,0.5524783271515744,22.910879618380548,2.964110884180477,2.5892523286883997,0.5262626387002172,26.833622830566593,2.66315761284547,0.0,102,901
reward_centered_sarsa,down_shift,0.05,0.01,0.99,7,2.402684488734678,0.5172102182473578,24.351843607124408,3.024346169179187,2.6084207886592714,0.5275797736585573,25.98182865382958,2.7141018797357663,0.0,102,901
reward_centered_sarsa,down_shift,0.05,0.01,0.99,8,2.6105797894077,0.5306232294344647,25.17437206946472,3.1258160887094384,2.5934053327814315,0.5212102570818381,27.49216934924654,2.695167108777316,0.0,102,901
reward_centered_sarsa,down_shift,0.05,0.01,0.99,9,2.4710213990235643,0.5368847263379373,23.89164982478841,2.9263286091213545,2.585068436423984,0.5295266034906461,27.479424877369713,2.6401329567297385,0.0,102,901
reward_centered_sarsa,down_shift,0.05,0.03,0.9,0,2.495086997004804,0.5551793783810366,22.457498248092353,2.6169655226590924,2.4589601759281914,0.5332563255802683,23.51869900082442,2.5064963226586596,0.0,102,901
reward_centered_sarsa,down_shift,0.05,0.03,0.9,1,2.341520229298517,0.5471872456890016,23.498798526599874,2.47219941273555,2.5146495834301303,0.5430260083723518,23.887279851228172,2.4993438068450415,0.0,102,901
reward_centered_sarsa,down_shift,0.05,0.03,0.9,2,2.580460176868019,0.5478020615804283,22.354179012233285,2.7249961657731814,2.5360690303964146,0.5375830477263793,23.89875699273545,2.5783091465518932,0.0,102,901
reward_centered_sarsa,down_shift,0.05,0.03,0.9,3,2.418781121090247,0.5109827185266282,23.264712749756765,2.6247310500091507,2.5912805003301256,0.5501605828680934,23.54711301960589,2.551542292130448,0.0,102,901
reward_centered_sarsa,down_shift,0.05,0.03,0.9,4,2.3804440405130984,0.5289830369627819,22.590765421738336,2.6460820525313324,2.4938103066290687,0.5542517837606401,23.07790744074109,2.484370831252525,0.0,102,901
reward_centered_sarsa,down_shift,0.05,0.03,0.9,5,2.555159073454333,0.5223860589803854,22.581323308112918,2.763009391923149,2.576252456407999,0.5344750525140394,23.99495358218602,2.5642678303572977,0.0,102,901
reward_centered_sarsa,down_shift,0.05,0.03,0.9,6,2.562887406626242,0.5619077687533319,21.768071707517382,2.6868119734592257,2.5514575223960905,0.5422176325949446,23.994621326857587,2.5645949198421167,0.0,102,901
reward_centered_sarsa,down_shift,0.05,0.03,0.9,7,2.5961495025890016,0.5223535221384169,22.643729913539847,2.7945471694817376,2.6069064547843137,0.5399089957978765,23.944335178716237,2.595469552349345,0.0,102,901
reward_centered_sarsa,down_shift,0.05,0.03,0.9,8,2.6179712857748623,0.5470354857984518,22.75398355811685,2.7147476523100145,2.545508005631942,0.5423851058602384,24.05137668437741,2.522461708341166,0.0,102,901
reward_centered_sarsa,down_shift,0.05,0.03,0.9,9,2.469114503745448,0.5238197944631053,22.167389161939457,2.6313253682373827,2.54975266979701,0.5532481623400471,23.45286267815785,2.5418535949002687,0.0,102,901
reward_centered_sarsa,down_shift,0.05,0.03,0.97,0,2.5416658300558748,0.5486760564131163,23.40429154894065,2.6390266736281895,2.516669821854596,0.5171283370990226,25.700611004375535,2.5987333866749993,0.0,102,901
reward_centered_sarsa,down_shift,0.05,0.03,0.97,1,2.429189284559707,0.5019483906833674,24.021797698316032,2.68761947945795,2.603195836379333,0.5175286405363139,26.868022328352005,2.657481051320519,0.0,102,901
reward_centered_sarsa,down_shift,0.05,0.03,0.97,2,2.590144850730247,0.5346106062564951,24.254234585085882,2.8308550079754062,2.5897235032097243,0.5321537967652525,26.45972657909629,2.6110982717987508,0.0,102,901
reward_centered_sarsa,down_shift,0.05,0.03,0.97,3,2.4269323571353594,0.5124383839209568,24.6959934487403,2.642777748065066,2.6265975128513586,0.5386160271328058,25.76144572313975,2.5897656964364097,0.0,102,901
reward_centered_sarsa,down_shift,0.05,0.03,0.97,4,2.4135629973123405,0.5246386982378297,25.228420254150112,2.5988520407853866,2.601896703493094,0.5353335637623258,26.563388801050078,2.5807290692035396,0.0,102,901
reward_centered_sarsa,down_shift,0.05,0.03,0.97,5,2.4824305631684567,0.5323046597753827,24.65101939249215,2.678084597397805,2.5718296131960443,0.5271321866227875,27.216727468583027,2.634225173679919,0.0,102,901
reward_centered_sarsa,down_shift,0.05,0.03,0.97,6,2.5117331341422484,0.5200817267418946,24.767546882039774,2.7112593913960854,2.60276463861179,0.5281136389991672,27.307991369384563,2.60736152619173,0.0,102,901
reward_centered_sarsa,down_shift,0.05,0.03,0.97,7,2.4951971065837655,0.5309221777341065,23.412447827426444,2.677597331911811,2.617179048435401,0.5353487935179942,25.36472668976852,2.635522787339213,0.0,102,901
reward_centered_sarsa,down_shift,0.05,0.03,0.97,8,2.7708142242187987,0.5330705136891639,24.26841399547735,2.8715671643091536,2.579014885020928,0.5303675229651159,26.60642073010867,2.6003283722084274,0.0,102,901
reward_centered_sarsa,down_shift,0.05,0.03,0.97,9,2.597462570905722,0.5180355052806495,23.452615803621523,2.807103435734807,2.574720967224187,0.545030701553526,25.96655390696082,2.5661277004138814,0.0,102,901
reward_centered_sarsa,down_shift,0.05,0.03,0.99,0,2.4662158284469418,0.5201579240898144,24.963871435568763,2.592863092732227,2.5820018887353537,0.5316210307918368,27.1924710876861,2.582253717053542,0.0,102,901
reward_centered_sarsa,down_shift,0.05,0.03,0.99,1,2.554399546769474,0.4955254660543656,23.66796833368811,2.7856847736716297,2.6039169471284387,0.5170822020774901,27.43963181220401,2.6497691612569896,0.0,102,901
reward_centered_sarsa,down_shift,0.05,0.03,0.99,2,2.5846399014967303,0.5480809900151221,24.612500314316666,2.6857817242899427,2.6161828416241963,0.5155207286943799,27.531545456708955,2.6909966490456156,0.0,102,901
reward_centered_sarsa,down_shift,0.05,0.03,0.99,3,2.411493821425661,0.5005678998131964,25.46328621563128,2.72895295618135,2.6762148747491814,0.5307049611807019,27.35936571412808,2.6874250255183227,0.0,102,901
reward_centered_sarsa,down_shift,0.05,0.03,0.99,4,2.519810940224834,0.511982282404662,24.988516842595242,2.6770717513401165,2.6035858271100563,0.5231598869733181,26.79179976649382,2.6558417211282297,0.0,102,901
reward_centered_sarsa,down_shift,0.05,0.03,0.99,5,2.564657613884159,0.5126043432548476,25.79424016527556,2.806614892521181,2.600589581110306,0.5163067346534698,28.661129581807185,2.690489637002461,0.0,102,901
reward_centered_sarsa,down_shift,0.05,0.03,0.99,6,2.602203510120654,0.5493767637405536,23.78430708171528,2.6950878423775046,2.611934596949399,0.5262390419553598,27.189150011166063,2.6308071276789864,0.0,102,901
reward_centered_sarsa,down_shift,0.05,0.03,0.99,7,2.5651714817562574,0.5386207812992948,25.337431896005704,2.7972304232691836,2.6485056203960675,0.5231924606260321,28.202025303295642,2.6736830739224895,0.0,102,901
reward_centered_sarsa,down_shift,0.05,0.03,0.99,8,2.7029082603147834,0.5429783867454576,24.526586284774833,2.767063684681183,2.586854483647485,0.5305187843580783,26.981547697136456,2.607822902475109,0.0,102,901
reward_centered_sarsa,down_shift,0.05,0.03,0.99,9,2.519810375987823,0.5545464531579971,23.681749894329453,2.597560258204333,2.597657126469595,0.5321049584578772,26.76287144608533,2.6148991299602296,0.0,102,901
reward_centered_sarsa,down_shift,0.05,0.1,0.9,0,2.494589636197756,0.5510246760485532,21.217095360724148,2.321803013602661,2.4929692905041825,0.5254396770103451,22.856044426417068,2.3707365532754334,0.0,102,901
reward_centered_sarsa,down_shift,0.05,0.1,0.9,1,2.3081854881414103,0.5519113105147032,22.75681036171263,2.2176759552691787,2.515027926910836,0.5400854730556648,23.266426810373943,2.361641203780776,0.0,102,901
reward_centered_sarsa,down_shift,0.05,0.1,0.9,2,2.616050237820548,0.5400872974345235,21.602047814199604,2.5124091647510993,2.5411033991150447,0.5399011281412595,22.93252012739151,2.410032380689296,0.0,102,901
reward_centered_sarsa,down_shift,0.05,0.1,0.9,3,2.344466384141781,0.5297567054264526,21.55898732644917,2.3110281369234453,2.5486967027393503,0.5576419085329147,22.111418218747293,2.3663281225610064,0.0,102,901
reward_centered_sarsa,down_shift,0.05,0.1,0.9,4,2.4618986259209934,0.5238104710894254,22.337330850004907,2.3711887657888333,2.5274663556142487,0.5438556059674693,22.68811237760354,2.383352761396711,0.0,102,901
reward_centered_sarsa,down_shift,0.05,0.1,0.9,5,2.4777341351944906,0.5470870242395702,22.474257142070186,2.332615478264712,2.560819749975372,0.5390537673268949,24.08379365171759,2.379299950756047,0.0,102,901
reward_centered_sarsa,down_shift,0.05,0.1,0.9,6,2.6030848326269185,0.5690237933773276,21.15806441833308,2.3955793290749177,2.557899207331565,0.5449981400279762,23.09126903902266,2.3827624696004044,0.0,102,901
reward_centered_sarsa,down_shift,0.05,0.1,0.9,7,2.520940554034045,0.5431997110693041,22.31626105355293,2.390324108709718,2.5631151695796404,0.5514397479432912,22.74352105776457,2.3648002690826053,0.0,102,901
reward_centered_sarsa,down_shift,0.05,0.1,0.9,8,2.6549867807426155,0.5418258016410459,21.92758195396127,2.4753963593605657,2.515461523261192,0.5435748829584195,23.203195470175825,2.33338794494167,0.0,102,901
reward_centered_sarsa,down_shift,0.05,0.1,0.9,9,2.555188439630487,0.5519602928777048,21.98417493547932,2.4033926073885383,2.558139566725935,0.5465503422563895,23.385006032451045,2.383293212601564,0.0,102,901
reward_centered_sarsa,down_shift,0.05,0.1,0.97,0,2.591170651464195,0.5341517625908316,23.46958469821701,2.434426122726794,2.5306325643782985,0.5187984976635834,26.0465501218531,2.386889022095793,0.0,102,901
reward_centered_sarsa,down_shift,0.05,0.1,0.97,1,2.5718305187267503,0.49498060463173893,24.09446415133509,2.506164992405888,2.569884137804582,0.5268040596690705,26.638657400235804,2.4399114589105393,0.0,102,901
reward_centered_sarsa,down_shift,0.05,0.1,0.97,2,2.5754337026418637,0.5445467079380812,23.745767852515623,2.4578120268111565,2.5763932654741257,0.5213110769636669,26.12341610900973,2.447078445128318,0.0,102,901
reward_centered_sarsa,down_shift,0.05,0.1,0.97,3,2.3804699796265325,0.5077281125359986,24.234507710676827,2.391116745052116,2.6352545364128015,0.5400509611137748,26.583512570150425,2.4576544868374413,0.0,102,901
reward_centered_sarsa,down_shift,0.05,0.1,0.97,4,2.392960980428618,0.5285478517960374,24.270326173878644,2.338732122258211,2.5605101579993477,0.5368052008356791,25.724135361355412,2.4059897245041,0.0,102,901
reward_centered_sarsa,down_shift,0.05,0.1,0.97,5,2.6231575096924202,0.5141805005293193,25.14237959707033,2.6060545101613393,2.5716675837884253,0.5224415330660711,27.399149152493365,2.459880420847799,0.0,102,901
reward_centered_sarsa,down_shift,0.05,0.1,0.97,6,2.5521360137702414,0.524507072031792,23.708727232709027,2.47658416129657,2.590760161908557,0.5308792911157248,26.464613778146244,2.414816034954957,0.0,102,901
reward_centered_sarsa,down_shift,0.05,0.1,0.97,7,2.455355695194118,0.5364689457442803,22.88689332991039,2.329827599926567,2.608440417414107,0.5333633124299989,25.306554672638732,2.4651111204953113,0.0,102,901
reward_centered_sarsa,down_shift,0.05,0.1,0.97,8,2.525479716988948,0.5394194661561814,24.908247242071393,2.3359891333533165,2.5619556595008643,0.5222624493040767,27.141748072728884,2.447209274021249,0.0,102,901
reward_centered_sarsa,down_shift,0.05,0.1,0.97,9,2.5033426891402066,0.5564155009196106,23.6407527021658,2.371800611345772,2.5927581818532945,0.5369874271668359,25.59210130736619,2.425926301015316,0.0,102,901
reward_centered_sarsa,down_shift,0.05,0.1,0.99,0,2.485178374334226,0.5297848403448369,24.56351048370309,2.4009849430220034,2.5778088856083077,0.5207588076550884,27.5458272097849,2.4585934464440458,0.0,102,901
reward_centered_sarsa,down_shift,0.05,0.1,0.99,1,2.424539114497144,0.52036574132718,24.273139054951375,2.442243842221146,2.590199248704166,0.5308407276276872,26.565634769847193,2.432103963890079,0.0,102,901
reward_centered_sarsa,down_shift,0.05,0.1,0.99,2,2.571311021435303,0.5546404049878322,24.428881003917347,2.429756631845294,2.550120174411767,0.5240149229387079,26.53819427126822,2.443782228902385,0.0,102,901
reward_centered_sarsa,down_shift,0.05,0.1,0.99,3,2.488422377583014,0.5081337621293759,24.915367577620536,2.4523437186886476,2.648495454327313,0.5320176906443242,27.14839494165892,2.4647241279752805,0.0,102,901
reward_centered_sarsa,down_shift,0.05,0.1,0.99,4,2.453384196250233,0.5190145799886038,24.91934998882551,2.4400428500464533,2.5953694473961684,0.5273637777240363,27.03541566911827,2.4568295354542182,0.0,102,901
reward_centered_sarsa,down_shift,0.05,0.1,0.99,5,2.545932424130533,0.5291937466827316,24.155055601298802,2.4986592659894185,2.588313964214052,0.5240798051217488,26.55898269290743,2.481905060058984,0.0,102,901
reward_centered_sarsa,down_shift,0.05,0.1,0.99,6,2.568423561249257,0.5226679367168917,24.82273189911721,2.4849909433327926,2.56856650709932,0.5301931620549295,26.83002918103821,2.459319505442574,0.0,102,901
reward_centered_sarsa,down_shift,0.05,0.1,0.99,7,2.496256811863714,0.5206570141425434,24.7384591834261,2.4522284296443417,2.638395430621352,0.5305160241994064,27.422539719515676,2.5129461429763884,0.0,102,901
reward_centered_sarsa,down_shift,0.05,0.1,0.99,8,2.469167173912488,0.5329387785206566,25.49550447122547,2.3569960062191617,2.515870228005779,0.5130057653120302,27.806145111924423,2.433594169367476,0.0,102,901
reward_centered_sarsa,down_shift,0.05,0.1,0.99,9,2.4987269785571664,0.5353182652848154,24.254843363291968,2.4009744555266805,2.5688123082035768,0.5305406219446354,26.840611218958774,2.427620732834753,0.0,102,901
reward_centered_sarsa,down_shift,0.1,0.001,0.9,0,2.071389348572888,0.49198056671519835,56.69228671028499,5.4642265841985145,2.5229357411852162,0.4930649305335348,57.0801045872814,2.8241167325165253,0.0,102,901
reward_centered_sarsa,down_shift,0.1,0.001,0.9,1,2.2057473604834907,0.48247525267717734,52.56084999568503,5.400766753081394,2.594040017628175,0.4916388641235387,54.117867001536894,2.8963245832525866,0.0,102,901
reward_centered_sarsa,down_shift,0.1,0.001,0.9,2,2.266575701500529,0.5098603942018185,46.658755332527065,5.416988611867642,2.5475493579556483,0.48325128224109515,53.73244335634706,2.892960424345623,0.0,102,901
reward_centered_sarsa,down_shift,0.1,0.001,0.9,3,2.0787179319165756,0.46871381789425215,57.262875154300495,5.504377297100629,2.6200041453338945,0.5053376850142556,55.44409591275288,2.872325709624216,0.0,102,901
reward_centered_sarsa,down_shift,0.1,0.001,0.9,4,2.10633678800264,0.4796016817840647,60.64414360223274,5.395382005365602,2.54574266800194,0.5037651135471594,60.70884400196707,2.839636043744087,0.0,102,901
reward_centered_sarsa,down_shift,0.1,0.001,0.9,5,2.2136438442357806,0.49385478030823465,50.69434626062983,5.464940897233515,2.5368252836688625,0.5189150580723129,51.14297151806678,2.750086693863344,0.0,102,901
reward_centered_sarsa,down_shift,0.1,0.001,0.9,6,2.2562328349280856,0.5115910857594018,44.0474968407291,5.360894651354888,2.5433440463108115,0.5368174078598141,50.82150447483752,2.727043976800645,0.0,102,901
reward_centered_sarsa,down_shift,0.1,0.001,0.9,7,2.205645590316942,0.5028880734225175,54.22742425117867,5.542933462387386,2.634997108773393,0.5014076651531333,53.634269689049404,2.882718539304801,0.0,102,901
reward_centered_sarsa,down_shift,0.1,0.001,0.9,8,2.1663538581348254,0.5031938703482548,47.71968974332891,5.476553373643765,2.55931417998594,0.48599217964443325,55.337385646923224,2.8650054999409402,0.0,102,901
reward_centered_sarsa,down_shift,0.1,0.001,0.9,9,2.2308467973464086,0.5071701246043859,49.68210811980915,5.361123610437828,2.5600200328018317,0.500964418563497,55.02723241873066,2.88040107579391,0.0,102,901
reward_centered_sarsa,down_shift,0.1,0.001,0.97,0,2.0881678332373426,0.49282204684969355,51.51927417273537,5.357993638402146,2.54514725982379,0.4884275005531464,51.68985279915259,2.868433608471387,0.0,102,901
reward_centered_sarsa,down_shift,0.1,0.001,0.97,1,2.0974759483191803,0.48903121884814277,56.796423771644996,5.323150343067262,2.5273829261736855,0.5051651853080577,54.723394728730945,2.8174922554116626,0.0,102,901
reward_centered_sarsa,down_shift,0.1,0.001,0.97,2,2.2554805896416794,0.48791534856425445,84.67791252930824,5.4408781476086485,2.5495885032787995,0.48302623889529606,78.20392303463693,2.9254784785734524,0.0,102,901
reward_centered_sarsa,down_shift,0.1,0.001,0.97,3,2.0480893762595014,0.4811203584637542,52.180706971128245,5.476570011202346,2.624989810000643,0.5106133466813539,46.01274336188811,2.8803305816227116,0.0,102,901
reward_centered_sarsa,down_shift,0.1,0.001,0.97,4,2.062284164165888,0.47168786060712914,73.4999969984482,5.48285772694994,2.539577251409497,0.49594782476475724,59.470520967942626,2.857467940228047,0.0,102,901
reward_centered_sarsa,down_shift,0.1,0.001,0.97,5,2.1765132195750136,0.47960712557231816,96.74939142379434,5.4095939553212276,2.526858080872316,0.4952004137242962,91.4805902502331,2.8333603525302475,0.0,102,901
reward_centered_sarsa,down_shift,0.1,0.001,0.97,6,2.2421249022739174,0.5018539696779709,53.909277662656514,5.370833245527194,2.529018966173599,0.5038761162933392,49.807159411420606,2.838452382597519,0.0,102,901
reward_centered_sarsa,down_shift,0.1,0.001,0.97,7,2.130273078160076,0.49650188890022395,59.07496851502898,5.594547327660884,2.55795100431716,0.5108337413575945,49.69278963914106,2.832978297612905,0.0,102,901
reward_centered_sarsa,down_shift,0.1,0.001,0.97,8,2.1311780541222793,0.4975573395368361,55.986759178694726,5.490585837834738,2.5140933340275406,0.47584651659085897,52.45853417414628,2.9044801767207002,0.0,102,901
reward_centered_sarsa,down_shift,0.1,0.001,0.97,9,2.243082299539099,0.5171143075456035,54.56742737846248,5.400843321024849,2.555311952207047,0.48354240441533786,52.81902231658902,2.916670021202002,0.0,102,901
reward_centered_sarsa,down_shift,0.1,0.001,0.99,0,2.1373766232025826,0.48569854606729546,84.60942187343355,5.426310099610992,2.541167693630779,0.47835183317237234,56.698037849202244,2.9059004779302873,0.0,102,901
reward_centered_sarsa,down_shift,0.1,0.001,0.99,1,2.1786510375815715,0.4826806155553975,80.54198930148328,5.384344110626051,2.514998910701094,0.49263674352398135,49.057214198233034,2.8685026265865425,0.0,102,901
reward_centered_sarsa,down_shift,0.1,0.001,0.99,2,2.274412539361938,0.5162886437641162,85.14591264469318,5.396907275528136,2.5605505002067814,0.4793081585309981,45.52512420612779,2.96903415018768,0.0,102,901
reward_centered_sarsa,down_shift,0.1,0.001,0.99,3,2.1285999208447457,0.4769058991513326,85.38148928540296,5.504665358934167,2.602777807780489,0.5048237544616144,44.31555836066958,2.875816623695115,0.0,102,901
reward_centered_sarsa,down_shift,0.1,0.001,0.99,4,2.1512613781232455,0.4785026963911288,83.04657661622304,5.441995958317074,2.5120664699735418,0.5061708391579203,58.75868547827293,2.8224084804096607,0.0,102,901
reward_centered_sarsa,down_shift,0.1,0.001,0.99,5,2.1821798046247483,0.4849606656898882,81.97900758700348,5.3279189760564405,2.5162116347589425,0.4852826640115103,54.43889142060482,2.8805351462997577,0.0,102,901
reward_centered_sarsa,down_shift,0.1,0.001,0.99,6,2.297592318313768,0.5068495710066784,78.92165594709532,5.28934198125086,2.489647459616392,0.5059278752289225,45.900951626225535,2.84292862917729,0.0,102,901
reward_centered_sarsa,down_shift,0.1,0.001,0.99,7,2.196486128079189,0.5206496225615492,76.98077981225732,5.441498666530124,2.615908652747778,0.5065969668705111,38.064592754810654,2.8915414988418946,0.0,102,901
reward_centered_sarsa,down_shift,0.1,0.001,0.99,8,2.333582288477387,0.5028033896479273,90.23945609619325,5.470917538926724,2.499901436468094,0.48641714830551425,61.13152670606756,2.87015862406742,0.0,102,901
reward_centered_sarsa,down_shift,0.1,0.001,0.99,9,2.26880201843402,0.521122564632488,77.29412185259493,5.3588372465512295,2.5482215124341026,0.4967850188009475,50.02352386052286,2.8615370885004183,0.0,102,901
reward_centered_sarsa,down_shift,0.1,0.003,0.9,0,2.3379020064718974,0.5124832530271957,41.27188569746824,3.7975623985964524,2.5735765318377997,0.5195231130645146,36.28680526678672,2.664091818795047,0.0,102,901
reward_centered_sarsa,down_shift,0.1,0.003,0.9,1,2.386690671880354,0.4977885917402762,41.381511747698625,3.839376282708396,2.591058204623029,0.5138836438931885,34.50442475455216,2.7204695434532695,0.0,102,901
reward_centered_sarsa,down_shift,0.1,0.003,0.9,2,2.4468293054756374,0.5421871547984525,41.8553965876537,3.8823611865788057,2.414182986549673,0.5543509067350164,33.70339900859955,2.4577848754944065,0.0,102,901
reward_centered_sarsa,down_shift,0.1,0.003,0.9,3,2.2686855445806717,0.48503012276953283,42.45965218061519,3.9096130559351816,2.5238182531064837,0.5385998509544206,33.73227624685762,2.592766707894545,0.0,102,901
reward_centered_sarsa,down_shift,0.1,0.003,0.9,4,2.2874321915807765,0.49542662581655916,40.40716398466416,3.7481986380530032,2.6011083541807816,0.5211365894511109,34.105425191663116,2.6927758337059355,0.0,102,901
reward_centered_sarsa,down_shift,0.1,0.003,0.9,5,2.387969000818592,0.4864404280120009,43.32010612076408,4.001864047939432,2.6004680414578396,0.5182701339353645,36.236508686470955,2.706053233239878,0.0,102,901
reward_centered_sarsa,down_shift,0.1,0.003,0.9,6,2.445775551343496,0.5177047025652147,40.55983316206182,3.8170983677281654,2.6058504419072723,0.511757044939803,35.967773887513964,2.730611502340049,0.0,102,901
reward_centered_sarsa,down_shift,0.1,0.003,0.9,7,2.3932084365707222,0.5168399780877864,40.91514341893719,3.907579009871205,2.652372718323108,0.5250444780359902,35.0252909436952,2.7373907544085823,0.0,102,901
reward_centered_sarsa,down_shift,0.1,0.003,0.9,8,2.5294215267012676,0.5174078604718992,37.70729329587449,3.9659401965904975,2.592324624486645,0.5256230817765991,32.939069983332026,2.677059528621721,0.0,102,901
reward_centered_sarsa,down_shift,0.1,0.003,0.9,9,2.2902918092306166,0.5337847676634156,44.35829531247835,3.7047370762964182,2.4122592773983165,0.5600713784503684,36.17063694692935,2.4568714844599007,0.0,102,901
reward_centered_sarsa,down_shift,0.1,0.003,0.97,0,2.2621705290437006,0.5001216745567746,40.08364907539176,3.803089889391882,2.6052143208164056,0.4975863909999444,40.10246758498245,2.786074017003844,0.0,102,901
reward_centered_sarsa,down_shift,0.1,0.003,0.97,1,2.2406232548498064,0.47631038845976814,48.828172059322064,3.8930472030914283,2.6091054898777273,0.5078988494601325,43.82741951820633,2.7301086381385855,0.0,102,901
reward_centered_sarsa,down_shift,0.1,0.003,0.97,2,2.436051977648675,0.523039517758714,40.66762195741471,3.931542331301452,2.6307809629263983,0.5001631051051697,40.30311554837771,2.810175916380039,0.0,102,901
reward_centered_sarsa,down_shift,0.1,0.003,0.97,3,2.247129335841473,0.48692981514358563,42.24128585776034,3.8801671134146676,2.6280344348303646,0.5202912358397723,38.1591157725602,2.7421318130918313,0.0,102,901
reward_centered_sarsa,down_shift,0.1,0.003,0.97,4,2.2555662709458395,0.49658157372831224,39.07815358650476,3.796667178535746,2.6270470967048984,0.5163132875715852,39.186604919628216,2.7403055321676413,0.0,102,901
reward_centered_sarsa,down_shift,0.1,0.003,0.97,5,2.3952026969825537,0.4850780500476605,41.84806595287952,3.978828704428559,2.578850444524846,0.5081130827946075,40.817554577102634,2.7433099103834957,0.0,102,901
reward_centered_sarsa,down_shift,0.1,0.003,0.97,6,2.3862726120972884,0.5150738708525979,53.37517556456136,3.8127872330153845,2.615639607136043,0.5056501056837177,53.868562315815176,2.7620324170916932,0.0,102,901
reward_centered_sarsa,down_shift,0.1,0.003,0.97,7,2.3869109484546382,0.5135947416819648,38.91064961744572,3.8908226355298767,2.6299363875154156,0.5095227503972908,37.85043725049142,2.7724510641671847,0.0,102,901
reward_centered_sarsa,down_shift,0.1,0.003,0.97,8,2.4810807969774733,0.5182814142362873,38.70471230306581,3.976909257138354,2.5600244159329657,0.5219275091881906,39.73904188405584,2.653207902665091,0.0,102,901
reward_centered_sarsa,down_shift,0.1,0.003,0.97,9,2.409078937620814,0.49978305146098,38.36746269108664,3.914160159958142,2.6564810883243433,0.5149942519780022,38.5247782601556,2.754789973092271,0.0,102,901
reward_centered_sarsa,down_shift,0.1,0.003,0.99,0,2.329593382858775,0.49439056035988593,43.53088329339139,3.885847457851587,2.5497911906777273,0.49365548041853485,43.682104557063695,2.745938059123807,0.0,102,901
reward_centered_sarsa,down_shift,0.1,0.003,0.99,1,2.371044753264402,0.4757199473393591,45.683658570480574,3.974868183306672,2.576423514947909,0.4743728904737328,43.957924693512766,2.86675019516014,0.0,102,901
reward_centered_sarsa,down_shift,0.1,0.003,0.99,2,2.354356779096149,0.5073242383472506,44.647176177890884,3.938279253636564,2.5824112078815546,0.4888376064362262,43.70169245920834,2.794565459653228,0.0,102,901
reward_centered_sarsa,down_shift,0.1,0.003,0.99,3,2.304290745748478,0.4756693768496851,63.594326070199045,3.9312357387974175,2.6731766462633195,0.48091529666960114,59.81919008835809,2.920503267019998,0.0,102,901
reward_centered_sarsa,down_shift,0.1,0.003,0.99,4,2.258826575561254,0.4827865143714785,40.11161966943312,3.855805647371927,2.605651027656784,0.5106767791770139,37.2531013563621,2.7463339570106613,0.0,102,901
reward_centered_sarsa,down_shift,0.1,0.003,0.99,5,2.349499789637495,0.5241344592815863,34.890732707169924,3.8055844770232086,2.6244261669830506,0.5071563003386307,36.374009370476074,2.783695484881664,0.0,102,901
reward_centered_sarsa,down_shift,0.1,0.003,0.99,6,2.4207381693380374,0.5189970083260953,39.262637568418185,3.799178425691064,2.6383704395308682,0.49292228565732765,41.053199040750464,2.8221964967424045,0.0,102,901
reward_centered_sarsa,down_shift,0.1,0.003,0.99,7,2.30653869743379,0.5200361414885947,36.51075284123315,3.8747760137122875,2.5910206883987863,0.5077406878869863,35.19435108828221,2.7526989691194297,0.0,102,901
reward_centered_sarsa,down_shift,0.1,0.003,0.99,8,2.5345454894443837,0.5214826071580431,36.63603146795128,3.9468807497012226,2.5709206557514794,0.5133162415107841,36.57279167735422,2.7028027069924336,0.0,102,901
reward_centered_sarsa,down_shift,0.1,0.003,0.99,9,2.3827273457336693,0.518593703171382,38.33451713516595,3.84467164796122,2.5994270918302433,0.49922370777907366,37.440443239988376,2.7900068521364236,0.0,102,901
reward_centered_sarsa,down_shift,0.1,0.01,0.9,0,2.3333490450182994,0.526151206870175,29.325435745357424,2.825478304004511,2.529613293495525,0.5405224442906271,27.12806042681494,2.576644703992308,0.0,102,901
reward_centered_sarsa,down_shift,0.1,0.01,0.9,1,2.3481142561790773,0.5262772400874823,29.701371263971698,2.8986033269280993,2.5850603611216556,0.5324179931555304,27.681201708452612,2.6226906153326945,0.0,102,901
reward_centered_sarsa,down_shift,0.1,0.01,0.9,2,2.51886592218429,0.5433611787164808,28.953866781250834,3.021845827697462,2.595136114856533,0.530355164888349,28.304673580791256,2.65521888589721,0.0,102,901
reward_centered_sarsa,down_shift,0.1,0.01,0.9,3,2.4304473501693176,0.49983651094311854,32.12263867092647,3.026616269607897,2.580339665223382,0.5445227390006554,28.6828791030317,2.6061479784489694,0.0,102,901
reward_centered_sarsa,down_shift,0.1,0.01,0.9,4,2.2993324772677632,0.5256789002732584,30.809410552189483,2.8506284483360504,2.52602214172894,0.5455024599472885,28.668280867089184,2.5739947251636686,0.0,102,901
reward_centered_sarsa,down_shift,0.1,0.01,0.9,5,2.462820776749534,0.533611038276021,31.250404112312975,3.019864157841617,2.6090644941421806,0.527537626790928,30.117225014471284,2.6892213659320885,0.0,102,901
reward_centered_sarsa,down_shift,0.1,0.01,0.9,6,2.5000651995781342,0.5146959850726996,30.561694643915143,3.078557748149581,2.603728103239436,0.5208285585066426,29.787988544914093,2.6972464089125308,0.0,102,901
reward_centered_sarsa,down_shift,0.1,0.01,0.9,7,2.4296319712527468,0.5437547861716568,29.762452335163903,2.8510746137888776,2.5797805952017563,0.5567102201755559,26.830470773871255,2.5675690752474836,0.0,102,901
reward_centered_sarsa,down_shift,0.1,0.01,0.9,8,2.661413488940868,0.5470336760308515,30.99406450265008,3.119606359556712,2.4972746187794006,0.5496701678128856,28.305097675942072,2.5567082181882537,0.0,102,901
reward_centered_sarsa,down_shift,0.1,0.01,0.9,9,2.3854328121005204,0.5223012630513664,30.759921910040436,2.9331680195704104,2.517417152297842,0.548270678609541,29.378575299223392,2.5687262412396543,0.0,102,901
reward_centered_sarsa,down_shift,0.1,0.01,0.97,0,2.5299534630084075,0.5438979030098284,29.123261521079247,3.004952413656104,2.5483324482054077,0.5122959956334114,31.907245952980936,2.6740391447063763,0.0,102,901
reward_centered_sarsa,down_shift,0.1,0.01,0.97,1,2.465558849750889,0.4942478526721361,31.100491087573097,3.1204669773493157,2.5895759742779285,0.5021418669624276,32.83307135454791,2.7586807330103467,0.0,102,901
reward_centered_sarsa,down_shift,0.1,0.01,0.97,2,2.6116964763500907,0.5180760288448436,34.26841981372065,3.144108650450839,2.5877059056129625,0.5080939246367036,34.46490336393883,2.700667306857756,0.0,102,901
reward_centered_sarsa,down_shift,0.1,0.01,0.97,3,2.3378524400949576,0.4935571790394445,35.01995369951467,2.974269915475557,2.653764775177364,0.53506186940092,34.10554911959272,2.693252434613883,0.0,102,901
reward_centered_sarsa,down_shift,0.1,0.01,0.97,4,2.5216448832937193,0.502182814984645,34.46739170866294,3.075590709734802,2.613146224888342,0.5139416463771564,34.773721680535154,2.7060011713129164,0.0,102,901
reward_centered_sarsa,down_shift,0.1,0.01,0.97,5,2.4348385961250565,0.5105486707054909,31.415150101157405,3.040599686805673,2.591772557721528,0.516972395087994,32.558387284725164,2.7105501653605413,0.0,102,901
reward_centered_sarsa,down_shift,0.1,0.01,0.97,6,2.5018745062357644,0.5204259080597982,32.017990802462855,3.059707831606394,2.5741475959311724,0.5146547735507241,33.30388013903103,2.716251114514312,0.0,102,901
reward_centered_sarsa,down_shift,0.1,0.01,0.97,7,2.5216259038364774,0.521369680101672,31.39648627971516,3.0187282915747717,2.6309554230436865,0.5305772635225694,30.450326175439557,2.7052143796991115,0.0,102,901
reward_centered_sarsa,down_shift,0.1,0.01,0.97,8,2.4827262989469108,0.5130265363724107,35.26985981907682,3.0230246842488486,2.562992126039599,0.5054643878024815,35.47374365392318,2.6822728495185038,0.0,102,901
reward_centered_sarsa,down_shift,0.1,0.01,0.97,9,2.3995116408428823,0.5345049360077783,32.75588805841801,2.879824343989819,2.5826742712717237,0.5306158539230977,33.882202100437816,2.6607361603639887,0.0,102,901
reward_centered_sarsa,down_shift,0.1,0.01,0.99,0,2.5000924213573192,0.5296757467506037,32.35362794781938,3.0080160350988647,2.5526595148398523,0.5069493866790523,34.64915696407788,2.687122169471536,0.0,102,901
reward_centered_sarsa,down_shift,0.1,0.01,0.99,1,2.3829196236456758,0.49348688925409806,31.89898386922272,3.0251430889562716,2.599041902535446,0.5149967942747489,33.401763848634616,2.727191486313561,0.0,102,901
reward_centered_sarsa,down_shift,0.1,0.01,0.99,2,2.5076566788555024,0.5235938511342147,34.525658237633806,3.0337572193626023,2.5681974166661266,0.5166155431492293,35.65420461396056,2.6724339161929995,0.0,102,901
reward_centered_sarsa,down_shift,0.1,0.01,0.99,3,2.3438667975162017,0.48533461120646687,38.114478804688126,3.0447673145113057,2.691548571317179,0.5105930938731723,38.928706173169765,2.8068167812664613,0.0,102,901
reward_centered_sarsa,down_shift,0.1,0.01,0.99,4,2.415682207610076,0.4942524519833099,33.15379044781631,3.008108462871582,2.6067644633410776,0.5167787855312118,34.46403050436523,2.7176778424330332,0.0,102,901
reward_centered_sarsa,down_shift,0.1,0.01,0.99,5,2.496740738436783,0.5221786781741764,33.09169059123846,3.073956659606548,2.620160366372927,0.4987517777037143,36.16290249294879,2.7864268855190515,0.0,102,901
reward_centered_sarsa,down_shift,0.1,0.01,0.99,6,2.4022530457514337,0.5078893978818296,32.416788765956234,2.961021827066853,2.596260322196578,0.5123385743081175,35.31292645423273,2.717035278475111,0.0,102,901
reward_centered_sarsa,down_shift,0.1,0.01,0.99,7,2.504253008359043,0.5167070411059015,29.45442197741499,3.058183503310727,2.6044149445000095,0.5321271094438571,31.05886469062865,2.675639582328401,0.0,102,901
reward_centered_sarsa,down_shift,0.1,0.01,0.99,8,2.704586027219714,0.532548651060316,33.205904585124884,3.168721598526691,2.568140115972238,0.5284881576795974,34.2777861080527,2.6444299552746866,0.0,102,901
reward_centered_sarsa,down_shift,0.1,0.01,0.99,9,2.559573127031611,0.4991919233960708,29.172099680867916,3.098739275293352,2.627818946970725,0.5200768155630511,33.1887681527119,2.705554599744989,0.0,102,901
reward_centered_sarsa,down_shift,0.1,0.03,0.9,0,2.4699764005277602,0.5499206938826894,25.371671273208023,2.5163938877757617,2.5361050232005504,0.5203184984632758,26.625747746392467,2.574590663354938,0.0,102,901
reward_centered_sarsa,down_shift,0.1,0.03,0.9,1,2.302583821935266,0.5460282938798856,27.21574092325104,2.384951504357906,2.541818585898307,0.5348534282177209,26.29770773745901,2.548953386349688,0.0,102,901
reward_centered_sarsa,down_shift,0.1,0.03,0.9,2,2.5787289812842444,0.5575618231119949,25.771681647432462,2.6711659060585164,2.528514269986313,0.5240208740225878,27.32141493628606,2.561819079369077,0.0,102,901
reward_centered_sarsa,down_shift,0.1,0.03,0.9,3,2.4507320040824863,0.5049155646040132,27.704855996684625,2.6779676123715825,2.5721773573936626,0.5533474020914525,25.988848660557064,2.5359739515381863,0.0,102,901
reward_centered_sarsa,down_shift,0.1,0.03,0.9,4,2.3412882421548367,0.5387004484296792,25.772300412310006,2.5240367236472876,2.506679637305441,0.5529576582835738,26.183034790654887,2.5072244385922775,0.0,102,901
reward_centered_sarsa,down_shift,0.1,0.03,0.9,5,2.44642173133348,0.5045664810423709,24.78701353382342,2.746205708034078,2.5722472532409095,0.5416560682441229,25.91339026559966,2.533208209310176,0.0,102,901
reward_centered_sarsa,down_shift,0.1,0.03,0.9,6,2.5473267688567964,0.5207468725331468,25.834961838812823,2.7511192265811046,2.539476680193021,0.5451415136406351,26.812765050940616,2.5289535383429724,0.0,102,901
reward_centered_sarsa,down_shift,0.1,0.03,0.9,7,2.4559077545924675,0.5535973691429706,26.750148765316464,2.628192654286972,2.5674572762958543,0.5414153892430634,26.44470750441889,2.5512536895876354,0.0,102,901
reward_centered_sarsa,down_shift,0.1,0.03,0.9,8,2.5165523945612356,0.5360297078506209,28.29677710300629,2.6259959706613922,2.525592364893731,0.5233579090913146,27.99490287515779,2.57033432119955,0.0,102,901
reward_centered_sarsa,down_shift,0.1,0.03,0.9,9,2.6015598981067938,0.5272059308198523,24.934050837431307,2.7924151056697983,2.517089918201197,0.5485450929564083,26.299456416513273,2.499177015554689,0.0,102,901
reward_centered_sarsa,down_shift,0.1,0.03,0.97,0,2.4532344430494044,0.5216327552690172,28.979979473456815,2.592880566356998,2.5625307888077584,0.52925206620898,30.48686582200552,2.575848959159125,0.0,102,901
reward_centered_sarsa,down_shift,0.1,0.03,0.97,1,2.4721455673617667,0.5022884535005464,30.20151359525298,2.7136988476546753,2.592693801786178,0.5254037491842629,31.386133019389035,2.6136751157672555,0.0,102,901
reward_centered_sarsa,down_shift,0.1,0.03,0.97,2,2.6137443469579926,0.5461474562835283,27.701881099213615,2.7372813798726767,2.5548916732732447,0.5200342305673903,29.177937636121765,2.629628570746629,0.0,102,901
reward_centered_sarsa,down_shift,0.1,0.03,0.97,3,2.501920317515317,0.49027674532251253,30.06194705403496,2.780017074202422,2.6694241003411685,0.5248507316649149,31.099025664944662,2.673072446345151,0.0,102,901
reward_centered_sarsa,down_shift,0.1,0.03,0.97,4,2.5668878870809353,0.5171343743153899,29.12012032229586,2.759154449393596,2.570927879206605,0.5318838703197653,30.181590676600408,2.5858581167207486,0.0,102,901
reward_centered_sarsa,down_shift,0.1,0.03,0.97,5,2.475351417875133,0.5344801674502334,28.778053697091725,2.688505983052355,2.58568000296247,0.5180241117888746,31.265086845071707,2.656092448821924,0.0,102,901
reward_centered_sarsa,down_shift,0.1,0.03,0.97,6,2.5507857617479606,0.5283591683157036,30.354028124009663,2.715655647333381,2.5570055937856004,0.5365377303923761,31.890877544131197,2.5566152745834185,0.0,102,901
reward_centered_sarsa,down_shift,0.1,0.03,0.97,7,2.5528007013046783,0.5367518183266695,28.851120153337867,2.7656546628495744,2.64404544132343,0.5199291670054036,30.985387123516496,2.69663925195817,0.0,102,901
reward_centered_sarsa,down_shift,0.1,0.03,0.97,8,2.5870631302315665,0.5241740127621707,29.530976953855337,2.7388025882490097,2.5473545499225243,0.5069395270163689,31.84033021498341,2.631843417712965,0.0,102,901
reward_centered_sarsa,down_shift,0.1,0.03,0.97,9,2.6700274458363267,0.5134100921629908,26.413501804763555,2.8429487630395536,2.6185553114257414,0.5312656822430462,30.04354533036611,2.6288977433407816,0.0,102,901
reward_centered_sarsa,down_shift,0.1,0.03,0.99,0,2.5283039691070557,0.5144079611891489,33.62939174879792,2.7048820844962496,2.5962536066493667,0.5065616273145692,35.64526210295503,2.6590360576833363,0.0,102,901
reward_centered_sarsa,down_shift,0.1,0.03,0.99,1,2.3857983714224376,0.530617006534244,31.579699762043983,2.572721762566182,2.5842930098130323,0.5083782787962637,32.84681304060514,2.657702001707286,0.0,102,901
reward_centered_sarsa,down_shift,0.1,0.03,0.99,2,2.6580769217586306,0.5276440277304326,29.537210258943073,2.8330031066788792,2.610454463848294,0.5062433595537496,33.49948785498224,2.713730413109261,0.0,102,901
reward_centered_sarsa,down_shift,0.1,0.03,0.99,3,2.4940306215523678,0.5073258001500955,31.758590284586873,2.7093684750046543,2.6492808064135596,0.5162931396688375,34.10410983663048,2.70228356479524,0.0,102,901
reward_centered_sarsa,down_shift,0.1,0.03,0.99,4,2.374230343310437,0.5037553801694394,30.265053924436856,2.677854667979316,2.5842657200169223,0.5183804517706542,32.64792649283203,2.6466686874792984,0.0,102,901
reward_centered_sarsa,down_shift,0.1,0.03,0.99,5,2.5659263995328976,0.5230783206872062,29.087730805924554,2.7654301287163934,2.622347611981634,0.5060620201747601,33.68113294635468,2.7191147783823877,0.0,102,901
reward_centered_sarsa,down_shift,0.1,0.03,0.99,6,2.6066794152359685,0.5168555646436451,29.014874828451624,2.815093185715765,2.5830800321429876,0.5255003914234068,31.960158375587316,2.637645621393004,0.0,102,901
reward_centered_sarsa,down_shift,0.1,0.03,0.99,7,2.4672741262830287,0.5080959001595253,30.011860514769023,2.7248064388886655,2.6403300199474615,0.5327272690304101,31.254617330099506,2.6463197438544355,0.0,102,901
reward_centered_sarsa,down_shift,0.1,0.03,0.99,8,2.5254259638075176,0.5207187044585255,31.816620292839698,2.7040901889386895,2.5611165572491124,0.49909902174156906,33.63996207235619,2.671988114541319,0.0,102,901
reward_centered_sarsa,down_shift,0.1,0.03,0.99,9,2.6070459522461116,0.5066288082864788,28.267976078004775,2.8376501669482153,2.6244110925763753,0.5175523023911929,32.594697235507006,2.6888980140494643,0.0,102,901
reward_centered_sarsa,down_shift,0.1,0.1,0.9,0,2.459432792091411,0.5380441493178402,24.25135191170656,2.3348957379876087,2.5232751579732344,0.5422787613938239,25.361992995329576,2.3507452255090078,0.0,102,901
reward_centered_sarsa,down_shift,0.1,0.1,0.9,1,2.535129969483344,0.5171900145492023,25.36743474467502,2.4070302535989203,2.542632620016148,0.5335145093272894,25.793555671938606,2.3987219459401268,0.0,102,901
reward_centered_sarsa,down_shift,0.1,0.1,0.9,2,2.622427572968458,0.5520105439767921,25.080606354871865,2.436672203592362,2.554686622197847,0.537839710681036,26.075703174827726,2.387569148866403,0.0,102,901
reward_centered_sarsa,down_shift,0.1,0.1,0.9,3,2.4885223818185285,0.5091970270523567,25.112027799949864,2.4265223349003024,2.6138873571370462,0.5443568120570506,25.473153178372034,2.4049148135359344,0.0,102,901
reward_centered_sarsa,down_shift,0.1,0.1,0.9,4,2.4967392768950383,0.519808976209042,25.728401812419104,2.4359799612798896,2.5290306998772603,0.5368884502382993,25.558734244817536,2.363242756885009,0.0,102,901
reward_centered_sarsa,down_shift,0.1,0.1,0.9,5,2.529148315387509,0.5343373680267163,23.850392199542036,2.424062777980513,2.532143255431491,0.5335903501418402,27.19338580178866,2.3734584161615433,0.0,102,901
reward_centered_sarsa,down_shift,0.1,0.1,0.9,6,2.516205471330185,0.526902163588651,25.942307636852743,2.4225218688834382,2.5785787552880497,0.5364412238378594,26.884670287207182,2.385042760462858,0.0,102,901
reward_centered_sarsa,down_shift,0.1,0.1,0.9,7,2.5298197250722922,0.5311547781937841,24.760889159225325,2.404012048065277,2.560353264380473,0.5529256214737505,25.070386772787245,2.3530066772152463,0.0,102,901
reward_centered_sarsa,down_shift,0.1,0.1,0.9,8,2.4789618500374293,0.5462920467930588,25.644737229323557,2.352063012906535,2.517348040111888,0.5279753756933439,27.00182697204182,2.3705261470877232,0.0,102,901
reward_centered_sarsa,down_shift,0.1,0.1,0.9,9,2.5251444759418624,0.5285380385117008,24.00864440123444,2.4649430427530405,2.590211171032067,0.5448438242427799,26.359280908041764,2.4015363216259953,0.0,102,901
reward_centered_sarsa,down_shift,0.1,0.1,0.97,0,2.593010638645196,0.5354418740369296,28.652275008909676,2.4494447754654454,2.5729457818088908,0.5056466589191247,30.36048207549038,2.484011708117828,0.0,102,901
reward_centered_sarsa,down_shift,0.1,0.1,0.97,1,2.44167380516283,0.5233356105463395,30.20731169569722,2.368988337382253,2.563055652762988,0.5269124459354094,30.762931992903766,2.428310456382941,0.0,102,901
reward_centered_sarsa,down_shift,0.1,0.1,0.97,2,2.6540593687932748,0.5328203415594683,28.883644701503812,2.5519654020392935,2.601363126615502,0.5213428299579571,30.524767990056162,2.480029696533159,0.0,102,901
reward_centered_sarsa,down_shift,0.1,0.1,0.97,3,2.407066199126128,0.5157582359242254,28.4348562156576,2.393462233307232,2.645348172448892,0.5288099119297363,30.79016923671256,2.5113351510785873,0.0,102,901
reward_centered_sarsa,down_shift,0.1,0.1,0.97,4,2.490409647267798,0.4929922921381511,27.830097297212053,2.4840095039599124,2.6090842966028007,0.5142088709987048,30.78035934868685,2.492897916087622,0.0,102,901
reward_centered_sarsa,down_shift,0.1,0.1,0.97,5,2.500203134132031,0.5139405314796762,30.037254462397062,2.4782532921579548,2.5799503281571,0.5279580524580438,31.814122885325876,2.431302955863496,0.0,102,901
reward_centered_sarsa,down_shift,0.1,0.1,0.97,6,2.6300294227117127,0.5469351059670926,29.425216996931916,2.4609557442280345,2.6051273887978086,0.5258947487405722,31.09213944177129,2.4650194497895397,0.0,102,901
reward_centered_sarsa,down_shift,0.1,0.1,0.97,7,2.5366750761926324,0.5254825488596494,29.16455669789342,2.435723536154759,2.632704159598238,0.5343059805260354,30.167970082521723,2.462194880904928,0.0,102,901
reward_centered_sarsa,down_shift,0.1,0.1,0.97,8,2.4639182359504352,0.5295345245657498,29.871534994633386,2.312039936922267,2.54660862399733,0.5023107311866003,31.756228630610707,2.4824220985716283,0.0,102,901
reward_centered_sarsa,down_shift,0.1,0.1,0.97,9,2.5196951324057775,0.5395780089619561,27.071725941857707,2.457715628530699,2.577555287148727,0.5356636649683082,29.822298109129125,2.436353939898414,0.0,102,901
reward_centered_sarsa,down_shift,0.1,0.1,0.99,0,2.5859188817838685,0.506852615450034,30.359301775690867,2.564434348447053,2.5989955580088266,0.5155358924594918,32.68898367844367,2.488085335684351,0.0,102,901
reward_centered_sarsa,down_shift,0.1,0.1,0.99,1,2.561163563478372,0.5084195446373638,28.830990327946957,2.479383886195074,2.5747120236976064,0.5175959400300155,31.153540294085435,2.4713564880851018,0.0,102,901
reward_centered_sarsa,down_shift,0.1,0.1,0.99,2,2.5427867777281943,0.5585454517425379,29.049464120608686,2.4209493213157423,2.558789452307835,0.5074812699484695,33.47465859229376,2.4935630591772715,0.0,102,901
reward_centered_sarsa,down_shift,0.1,0.1,0.99,3,2.4958224898675043,0.5041587036581601,29.793528224806675,2.449799095598317,2.6212037983606336,0.5294501413117909,31.42439474321107,2.450285325572328,0.0,102,901
reward_centered_sarsa,down_shift,0.1,0.1,0.99,4,2.4004469784915328,0.5148456242649028,28.92009745182652,2.4015395272885924,2.5766679562078845,0.5285675617267538,30.16959825871447,2.444358147964438,0.0,102,901
reward_centered_sarsa,down_shift,0.1,0.1,0.99,5,2.471266484425194,0.5096282528392623,29.196286980249244,2.429455657829415,2.594538677873583,0.5192105885246733,32.9607953932125,2.4856890434363264,0.0,102,901
reward_centered_sarsa,down_shift,0.1,0.1,0.99,6,2.6617759958321296,0.5467564530816851,27.89303100533093,2.4655275691183065,2.6189950950107286,0.5268060994647628,31.855362804036584,2.468391876069926,0.0,102,901
reward_centered_sarsa,down_shift,0.1,0.1,0.99,7,2.518562927162983,0.5166157923611424,30.05784739014622,2.5094891675567856,2.6281080754855846,0.517442751416773,31.864666238894156,2.544239366417678,0.0,102,901
reward_centered_sarsa,down_shift,0.1,0.1,0.99,8,2.5316792889386175,0.5343490463365246,31.635871722206417,2.342056120691187,2.5742972887659223,0.5031568790486683,33.88943661288994,2.499440234689703,0.0,102,901
reward_centered_sarsa,down_shift,0.1,0.1,0.99,9,2.5297596595630143,0.5084796056709684,29.479796810446786,2.533804965857873,2.605023218734,0.5184943934910861,32.02851647574136,2.4950590316158836,0.0,102,901
reward_centered_sarsa,sign_shift,0.02,0.001,0.9,0,2.480949521840007,0.5473871479081305,27.025882123933993,7.295313922262541,2.4687156338423684,0.5535854558515104,33.868890058026764,2.5992988925082736,0.0,102,901
reward_centered_sarsa,sign_shift,0.02,0.001,0.9,1,2.57070834495562,0.5181637927781955,28.654942458020923,7.3733373168311145,2.555618520146467,0.5413752849462251,34.74288802061503,2.6666379097112416,0.0,102,901
reward_centered_sarsa,sign_shift,0.02,0.001,0.9,2,2.5003224695208517,0.5671394756859265,27.817096661141157,7.28680296848463,2.4629970015355123,0.5529188037367191,34.15334474573481,2.5935376248409034,0.0,102,901
reward_centered_sarsa,sign_shift,0.02,0.001,0.9,3,2.4233728782632715,0.5234420608209654,27.25993698016376,7.271846127937899,2.6091398516028543,0.5531797196415981,34.145771056775104,2.6769999188952873,0.0,102,901
reward_centered_sarsa,sign_shift,0.02,0.001,0.9,4,2.3728587508556673,0.5608218378101629,26.65629286114096,7.23438299720024,2.3866405701201083,0.5664292931756818,33.412026013119515,2.4657514202985342,0.0,102,901
reward_centered_sarsa,sign_shift,0.02,0.001,0.9,5,2.4969502412386655,0.526997860298312,27.844847032100898,7.264872058108922,2.576553760890613,0.5499504981883986,34.285490573081965,2.6523926385734624,0.0,102,901
reward_centered_sarsa,sign_shift,0.02,0.001,0.9,6,2.4590151658723185,0.5422041089162363,28.02656253825822,7.293393988742288,2.4636003709574954,0.5606948584346768,34.2426547680318,2.592125662311815,0.0,102,901
reward_centered_sarsa,sign_shift,0.02,0.001,0.9,7,2.501604899844703,0.5423902707036922,27.8381081066837,7.192723227586878,2.598391389875399,0.5552885265711329,34.2541065896066,2.6711674239935297,0.0,102,901
reward_centered_sarsa,sign_shift,0.02,0.001,0.9,8,2.628623340632902,0.5732666538298793,28.087463152127334,7.327772174727867,2.4853203838785487,0.5589034827995791,34.06597669489871,2.5834479548558145,0.0,102,901
reward_centered_sarsa,sign_shift,0.02,0.001,0.9,9,2.3907785633213745,0.5448161305640875,27.561291496319974,7.278760069286343,2.466904171064734,0.5555213894236866,34.0099503214029,2.591547263886416,0.0,102,901
reward_centered_sarsa,sign_shift,0.02,0.001,0.97,0,2.4493835722842787,0.561876142176085,27.53658415052919,7.195364977877419,2.429201412210592,0.537796140040461,41.26020884740336,2.5923104511282227,0.0,102,901
reward_centered_sarsa,sign_shift,0.02,0.001,0.97,1,2.559412036763276,0.5127509685874405,28.943719436713977,7.344214862450871,2.557970745736892,0.5421319342175811,41.85531977433759,2.6660649001125036,0.0,102,901
reward_centered_sarsa,sign_shift,0.02,0.001,0.97,2,2.5147742517716756,0.5751999821927051,28.76762522942381,7.2697322661405845,2.4520526994973206,0.5470039700819453,41.61622268653736,2.5937560700559295,0.0,102,901
reward_centered_sarsa,sign_shift,0.02,0.001,0.97,3,2.3573274223851697,0.528320242185583,27.16872451968149,7.228756299301591,2.531628776140576,0.5626757769733762,41.25252564284437,2.637811457082817,0.0,102,901
reward_centered_sarsa,sign_shift,0.02,0.001,0.97,4,2.397443596576113,0.5260764615913646,28.58788637198066,7.272023214438824,2.5615517246713693,0.5454274477824581,42.31556015468131,2.6574275626317507,0.0,102,901
reward_centered_sarsa,sign_shift,0.02,0.001,0.97,5,2.4945996926574243,0.542888420953069,27.739589401165382,7.24907138005016,2.556715392110888,0.5393274640743436,41.56637358510768,2.666942375611274,0.0,102,901
reward_centered_sarsa,sign_shift,0.02,0.001,0.97,6,2.6343963437747515,0.564756298737556,29.298944161499517,7.3865913403091765,2.5841079724398064,0.5475798697481654,41.815045824681356,2.662821279561638,0.0,102,901
reward_centered_sarsa,sign_shift,0.02,0.001,0.97,7,2.4758283070328515,0.5548770594630139,28.232849014753935,7.199661751457685,2.51542796289751,0.5565000230518002,41.739420306276266,2.6311270053808453,0.0,102,901
reward_centered_sarsa,sign_shift,0.02,0.001,0.97,8,2.685486176079965,0.5534766421420799,29.389581207738015,7.275165285778353,2.545070780420724,0.5451435570109193,41.64181711824749,2.6237819054364757,0.0,102,901
reward_centered_sarsa,sign_shift,0.02,0.001,0.97,9,2.554753731796834,0.5542551592994233,28.55917473162336,7.355187409347673,2.588361391724074,0.5463268438859805,42.14386725674817,2.6682999675806633,0.0,102,901
reward_centered_sarsa,sign_shift,0.02,0.001,0.99,0,2.570181735025185,0.5524396169520749,28.64762399289568,7.2250746220434126,2.505468746629686,0.528179418070983,43.87531214587028,2.6300561430220735,0.0,102,901
reward_centered_sarsa,sign_shift,0.02,0.001,0.99,1,2.3825549792296057,0.5400939864681323,28.356284802835678,7.225774279994025,2.54340534732163,0.5418477021847591,44.155068857051745,2.6510936221541317,0.0,102,901
reward_centered_sarsa,sign_shift,0.02,0.001,0.99,2,2.539406897807792,0.5607563334457228,28.53487910369932,7.3073833680048415,2.4979389124442313,0.5511721273585236,44.8624738002318,2.632193104468888,0.0,102,901
reward_centered_sarsa,sign_shift,0.02,0.001,0.99,3,2.397250270757443,0.5136443096889924,28.137799699117366,7.315886924173525,2.50520380283735,0.5653011930986962,44.15272076077497,2.6086380538024962,0.0,102,901
reward_centered_sarsa,sign_shift,0.02,0.001,0.99,4,2.5024044696205334,0.5279640166412809,29.087384866124626,7.3389120089437645,2.561417620196102,0.5437863613937605,44.608062454552034,2.6628778614558826,0.0,102,901
reward_centered_sarsa,sign_shift,0.02,0.001,0.99,5,2.43650534420509,0.5389889126457142,27.94944759746236,7.2594387115846715,2.4836597112207355,0.5601153795740897,44.37243200775539,2.5938827267138334,0.0,102,901
reward_centered_sarsa,sign_shift,0.02,0.001,0.99,6,2.562449741670338,0.5465033361114073,28.69904541042183,7.32444852109963,2.610234968655883,0.5523397158201994,44.10362870869226,2.6838264467776027,0.0,102,901
reward_centered_sarsa,sign_shift,0.02,0.001,0.99,7,2.4324651045214405,0.5543154824411199,27.833115031990424,7.176606532360306,2.517072811542222,0.5572807823506496,44.30231277343165,2.631488081857004,0.0,102,901
reward_centered_sarsa,sign_shift,0.02,0.001,0.99,8,2.5365246083556574,0.5347841787565367,30.840251083376916,7.196209891954585,2.482900786615204,0.5210449681400868,45.84562191580677,2.6730294294896053,0.0,102,901
reward_centered_sarsa,sign_shift,0.02,0.001,0.99,9,2.5453894999715354,0.5503472190175178,28.248077525398543,7.37259421092298,2.5814380381508397,0.5451931352404994,44.59564275075414,2.6626880344840274,0.0,102,901
reward_centered_sarsa,sign_shift,0.02,0.003,0.9,0,2.5093885961642632,0.5333538118434066,22.517282334445255,4.347788999417928,2.5450756059771327,0.5428836829556575,21.622969940752707,2.588936412685899,0.0,102,901
reward_centered_sarsa,sign_shift,0.02,0.003,0.9,1,2.3953589238641295,0.5243491813763956,21.931110357595113,4.319369077378554,2.5777079854627045,0.5441179320906478,21.47520492112985,2.6166254369768644,0.0,102,901
reward_centered_sarsa,sign_shift,0.02,0.003,0.9,2,2.50927896315604,0.5615020205255812,22.08099649252799,4.270031338554071,2.5037423517261272,0.5508254696241065,21.58529204197414,2.6021198778942334,0.0,102,901
reward_centered_sarsa,sign_shift,0.02,0.003,0.9,3,2.2151151168014294,0.5357864877081413,20.746864024607614,4.211630665471591,2.4862176495517976,0.5689555557622188,21.020433253285532,2.5063274460492035,0.0,102,901
reward_centered_sarsa,sign_shift,0.02,0.003,0.9,4,2.3250636031248173,0.5379251766991726,21.635742151010795,4.2624001654670005,2.511309641836373,0.5532451358307319,21.214743134498868,2.572775411794482,0.0,102,901
reward_centered_sarsa,sign_shift,0.02,0.003,0.9,5,2.3890824869155964,0.5405841510151094,21.720421002942075,4.230005969819437,2.498716786579969,0.559747185853356,21.065390952236662,2.562736192624371,0.0,102,901
reward_centered_sarsa,sign_shift,0.02,0.003,0.9,6,2.3001086313080377,0.5540513144797653,22.07160992105281,4.201381127545076,2.406368959959411,0.5670779212697994,21.532342519529493,2.436809241668156,0.0,102,901
reward_centered_sarsa,sign_shift,0.02,0.003,0.9,7,2.5440606818365112,0.5421149790307743,22.494560031851915,4.27665035331903,2.5772255007962923,0.5457107157504966,21.777480690795116,2.6188329287079553,0.0,102,901
reward_centered_sarsa,sign_shift,0.02,0.003,0.9,8,2.536567977387965,0.5529754456370085,22.089921775428262,4.2442381721382025,2.480852997377314,0.5542052318935267,21.55980536583438,2.546786786780019,0.0,102,901
reward_centered_sarsa,sign_shift,0.02,0.003,0.9,9,2.4966080972198363,0.5531039336436661,22.73791193731624,4.351022030312277,2.5661457586081933,0.5476758372138032,22.492349551095298,2.6010116647854273,0.0,102,901
reward_centered_sarsa,sign_shift,0.02,0.003,0.97,0,2.5348100721740012,0.5315235684530597,22.700825635333015,4.357190048870108,2.5440472291711314,0.5423916271954922,23.880514529747554,2.5931886022865034,0.0,102,901
reward_centered_sarsa,sign_shift,0.02,0.003,0.97,1,2.388813939611841,0.5392505203554883,23.167796786257927,4.2907857502081965,2.5568671781437344,0.542672174697058,24.48448720724124,2.6000423044409677,0.0,102,901
reward_centered_sarsa,sign_shift,0.02,0.003,0.97,2,2.5190718170736175,0.5775857898891251,23.419059159546467,4.287752280569698,2.445261449439764,0.5444934689654836,24.385800646529812,2.549395116753188,0.0,102,901
reward_centered_sarsa,sign_shift,0.02,0.003,0.97,3,2.284808292690857,0.5233778566338554,21.604352103814062,4.26927229026384,2.54257329814432,0.5612082443021632,23.3934999174275,2.6018719830664887,0.0,102,901
reward_centered_sarsa,sign_shift,0.02,0.003,0.97,4,2.4661020711774704,0.5486123064588928,23.25056529365394,4.327012963323963,2.490764688502442,0.560937137436108,23.706259646103412,2.5568804304541444,0.0,102,901
reward_centered_sarsa,sign_shift,0.02,0.003,0.97,5,2.5156577322954634,0.5484319361662565,22.97673256064352,4.288551932543529,2.5518812321289395,0.5400332520207963,24.651758674006526,2.60645990916066,0.0,102,901
reward_centered_sarsa,sign_shift,0.02,0.003,0.97,6,2.555082815436595,0.526714596405785,24.20413487718226,4.381432652101037,2.561024490939671,0.5480037015172874,24.90811057386284,2.5981709544164695,0.0,102,901
reward_centered_sarsa,sign_shift,0.02,0.003,0.97,7,2.4459767860164177,0.5560000259700936,22.551458828720083,4.210799018287005,2.4966323670023223,0.5570438530423122,23.621846987153194,2.5724938020819734,0.0,102,901
reward_centered_sarsa,sign_shift,0.02,0.003,0.97,8,2.5264972970392625,0.5448847220332024,24.266139570490463,4.214943357395937,2.5126134378505833,0.5339528504166836,24.96839263876381,2.582036523668559,0.0,102,901
reward_centered_sarsa,sign_shift,0.02,0.003,0.97,9,2.5322672486590623,0.5360328893473197,23.01338703331213,4.339874897151329,2.5151311002593486,0.5562529199310179,23.104780878759314,2.5814163001818784,0.0,102,901
reward_centered_sarsa,sign_shift,0.02,0.003,0.99,0,2.4623019178360193,0.5533149551064728,22.92978869991327,4.3043973519138765,2.4680629530953473,0.5542036179568539,24.31710628646337,2.5472535754644965,0.0,102,901
reward_centered_sarsa,sign_shift,0.02,0.003,0.99,1,2.4411483271298318,0.5295558580658245,23.467800221976532,4.313656674299985,2.5740725168400354,0.5437580383231593,25.325489741639107,2.6147215372245216,0.0,102,901
reward_centered_sarsa,sign_shift,0.02,0.003,0.99,2,2.5342698707570617,0.5645086924806805,22.553325509767475,4.268580658842925,2.479063680244832,0.5450892316359297,24.351677720386782,2.5078522701567607,0.0,102,901
reward_centered_sarsa,sign_shift,0.02,0.003,0.99,3,2.4232802454037756,0.5197846065323684,23.2533324904555,4.247541294696227,2.599626729109799,0.5508983158173761,24.81542643607868,2.6150908977171707,0.0,102,901
reward_centered_sarsa,sign_shift,0.02,0.003,0.99,4,2.2784024048708313,0.5326343273987056,23.221716943560136,4.230024325673073,2.4806263005500586,0.5561204246168712,24.569364194570937,2.5643520688290047,0.0,102,901
reward_centered_sarsa,sign_shift,0.02,0.003,0.99,5,2.50229070541275,0.5344502265446169,23.072978850410596,4.328402704058835,2.4770785217861566,0.5537358331955845,24.595699132253326,2.5707919488776927,0.0,102,901
reward_centered_sarsa,sign_shift,0.02,0.003,0.99,6,2.4759108061584074,0.5434050386720971,23.648118421894516,4.333957492400385,2.4795461535176475,0.5594140858534776,25.091570268775254,2.5600526020604426,0.0,102,901
reward_centered_sarsa,sign_shift,0.02,0.003,0.99,7,2.4539356562278924,0.5543180005440284,22.788991423144125,4.196011701222505,2.4983054463447507,0.5546302729798,24.473374321214838,2.5789131237230682,0.0,102,901
reward_centered_sarsa,sign_shift,0.02,0.003,0.99,8,2.437205221364514,0.5546466787983612,23.847137532584224,4.19492909445779,2.413484319658654,0.5441252435871106,24.51358368604342,2.525583379486429,0.0,102,901
reward_centered_sarsa,sign_shift,0.02,0.003,0.99,9,2.463333550293898,0.5595860685183188,23.187036689708954,4.363261386424871,2.498040920474475,0.556219150822032,24.704362307167752,2.5714562341067486,0.0,102,901
reward_centered_sarsa,sign_shift,0.02,0.01,0.9,0,2.352004350513577,0.5452501944052274,18.339766801251145,2.9557574944121803,2.499657628959184,0.5446589034834018,19.26504961201845,2.5603874097665664,0.0,102,901
reward_centered_sarsa,sign_shift,0.02,0.01,0.9,1,2.3895333493346573,0.5413026296462429,19.29496354997846,2.9205020544439413,2.527087950460894,0.5433125295201146,19.875581025582157,2.5528255005811205,0.0,102,901
reward_centered_sarsa,sign_shift,0.02,0.01,0.9,2,2.564369859871125,0.5571119810609182,19.253748263803175,3.072618091868479,2.500500573776555,0.5439995962923502,19.724152425967826,2.534623085505974,0.0,102,901
reward_centered_sarsa,sign_shift,0.02,0.01,0.9,3,2.477531786069528,0.5239318878836,18.50138405529167,3.0210458044991038,2.5508868239730984,0.554639116283578,19.14716146674635,2.5831691482848487,0.0,102,901
reward_centered_sarsa,sign_shift,0.02,0.01,0.9,4,2.444904414848464,0.5249263216824234,19.47953153515377,3.0904550470209142,2.5482360074302703,0.5455810801500559,19.36304668336609,2.5962025669832363,0.0,102,901
reward_centered_sarsa,sign_shift,0.02,0.01,0.9,5,2.5411006456780956,0.5420483517639423,18.813918905766354,3.0688862798742202,2.5388510168367686,0.5404764628018967,20.120665747654304,2.5804084954180317,0.0,102,901
reward_centered_sarsa,sign_shift,0.02,0.01,0.9,6,2.5590351654075367,0.5687848073720885,18.75667956713586,3.104245323704849,2.5232783455749397,0.5513061182785816,19.37704557226263,2.5683016350771473,0.0,102,901
reward_centered_sarsa,sign_shift,0.02,0.01,0.9,7,2.4311774646137563,0.5550398827522289,18.262229484911973,2.979400604091886,2.49462139951931,0.5576656767678269,19.38262783059343,2.55541712972778,0.0,102,901
reward_centered_sarsa,sign_shift,0.02,0.01,0.9,8,2.640527361755842,0.5705550951638223,18.854483644147212,3.1371038012722225,2.4990090491607604,0.5572497818331631,19.437084298619812,2.53995801971212,0.0,102,901
reward_centered_sarsa,sign_shift,0.02,0.01,0.9,9,2.5959438757256343,0.5224381447246879,19.43531520526683,3.1774569339168814,2.5789033284335288,0.5476855103416334,19.85774660900142,2.607794077973434,0.0,102,901
reward_centered_sarsa,sign_shift,0.02,0.01,0.97,0,2.5021281996080718,0.5343301791423818,20.15262089410184,3.074132789193597,2.551723273093559,0.5436071659921612,21.107775551188475,2.5848276876168845,0.0,102,901
reward_centered_sarsa,sign_shift,0.02,0.01,0.97,1,2.2706059977278787,0.5475994971270618,19.27932201387587,2.78850317517358,2.5152928297140797,0.5447046361637683,20.926626358323023,2.536283062580031,0.0,102,901
reward_centered_sarsa,sign_shift,0.02,0.01,0.97,2,2.616007609406347,0.5464856281558573,19.835386629457414,3.1653525599367605,2.559589583940088,0.5328588281292028,21.306590298765904,2.6449096412129514,0.0,102,901
reward_centered_sarsa,sign_shift,0.02,0.01,0.97,3,2.44013861245009,0.5217364018586969,19.064944833415595,3.0161908756008664,2.6065273761127328,0.5535533988742594,20.687773876418284,2.609433069842216,0.0,102,901
reward_centered_sarsa,sign_shift,0.02,0.01,0.97,4,2.562926127995643,0.5212746051256909,20.644488535766587,3.21142464886062,2.563457253783761,0.5443385373703702,21.615959138186955,2.606153762967686,0.0,102,901
reward_centered_sarsa,sign_shift,0.02,0.01,0.97,5,2.4228352746411668,0.5391724254573401,19.304864740301838,3.0305018742446483,2.5425286008775694,0.5533384416332563,20.46606182241483,2.572057186988605,0.0,102,901
reward_centered_sarsa,sign_shift,0.02,0.01,0.97,6,2.6162086281502486,0.5564674364822945,19.84066989867223,3.137149168537956,2.5773311829913523,0.5460493515698678,21.13785494678556,2.6007820358004934,0.0,102,901
reward_centered_sarsa,sign_shift,0.02,0.01,0.97,7,2.405546934178225,0.5525550111830071,19.017438979765647,2.965206035882597,2.580204796281033,0.556154277104042,20.035027596425355,2.6035821235905368,0.0,102,901
reward_centered_sarsa,sign_shift,0.02,0.01,0.97,8,2.5159919213653,0.5463643559762573,19.95118595603959,3.0573963890511013,2.5252901521406477,0.5346802663676031,21.010485921072906,2.586670249903852,0.0,102,901
reward_centered_sarsa,sign_shift,0.02,0.01,0.97,9,2.51276392760495,0.5392522373546637,19.588524261617167,3.119733353844743,2.5334698601924868,0.5548866217324868,20.23400981041726,2.583117512865053,0.0,102,901
reward_centered_sarsa,sign_shift,0.02,0.01,0.99,0,2.5138732856420676,0.5541143151022719,20.67681892014183,3.0761293271377665,2.5113171130433143,0.5246288664029901,21.857553227122697,2.6158287807030423,0.0,102,901
reward_centered_sarsa,sign_shift,0.02,0.01,0.99,1,2.5142129450428956,0.5178570002833394,20.198418941075065,3.1095848677266225,2.545454915573088,0.5394853090457641,21.802469078936774,2.603442049437004,0.0,102,901
reward_centered_sarsa,sign_shift,0.02,0.01,0.99,2,2.5675941799498725,0.5507719895678053,20.629917232245166,3.0972617581941053,2.5361349869696572,0.5379038872961904,21.72123967183791,2.5921666822512237,0.0,102,901
reward_centered_sarsa,sign_shift,0.02,0.01,0.99,3,2.4683562549348803,0.5001426210024611,19.537927132923926,3.1283266102525933,2.557131780398963,0.5532819254305194,20.556414269610343,2.5739763035146783,0.0,102,901
reward_centered_sarsa,sign_shift,0.02,0.01,0.99,4,2.310953176310753,0.5339056163904118,19.92212676142963,2.999600766647027,2.4795642942164635,0.556031131117178,21.06365340066691,2.5487690009218777,0.0,102,901
reward_centered_sarsa,sign_shift,0.02,0.01,0.99,5,2.395473592322693,0.537003796934783,19.668751731273918,3.006438758258653,2.519015813019426,0.5586917168458496,20.58907784150216,2.5641038406483014,0.0,102,901
reward_centered_sarsa,sign_shift,0.02,0.01,0.99,6,2.514148222478625,0.5408289611784889,20.05859631705123,3.0736955407765687,2.5955546872154875,0.5515125274462268,21.472930173399913,2.5946594893955703,0.0,102,901
reward_centered_sarsa,sign_shift,0.02,0.01,0.99,7,2.426786304950435,0.5562972997066319,19.40911686226727,2.9551408696145898,2.537037601223916,0.5516815439921218,20.994259641771713,2.5853425313805514,0.0,102,901
reward_centered_sarsa,sign_shift,0.02,0.01,0.99,8,2.6010823464540227,0.5465246139359383,19.862498563304502,3.1020929938495274,2.5246323263013553,0.5442582791602636,21.448723586141842,2.5523151607121535,0.0,102,901
reward_centered_sarsa,sign_shift,0.02,0.01,0.99,9,2.4597520575776954,0.5256511253098729,20.519336322719337,3.040080033196348,2.5436803260449015,0.5437258048985365,21.732865446495204,2.5906980056270568,0.0,102,901
reward_centered_sarsa,sign_shift,0.02,0.03,0.9,0,2.4698527534029644,0.5618560723252041,18.386253889494252,2.6369913931274875,2.438640954868767,0.5379651796494048,19.32901740461721,2.5086142015537245,0.0,102,901
reward_centered_sarsa,sign_shift,0.02,0.03,0.9,1,2.376755217089552,0.5230165472903257,17.762205998686216,2.6173185644519212,2.5565986220213794,0.542339628525629,19.38414659115428,2.5424665823954173,0.0,102,901
reward_centered_sarsa,sign_shift,0.02,0.03,0.9,2,2.6048566258017845,0.5496435285931499,18.634306471550616,2.738749964563707,2.574207324121079,0.5383567271192881,20.298125650934274,2.5819019434264234,0.0,102,901
reward_centered_sarsa,sign_shift,0.02,0.03,0.9,3,2.2894390601479784,0.5240286417433685,17.8030056772821,2.571772563458757,2.563978819012667,0.5569089695225249,19.12950423243836,2.551034605106285,0.0,102,901
reward_centered_sarsa,sign_shift,0.02,0.03,0.9,4,2.3294295604786504,0.5415858497030342,18.530635587128305,2.552742894634921,2.5465204996120026,0.5483932713930718,19.50842516708219,2.5365493074978853,0.0,102,901
reward_centered_sarsa,sign_shift,0.02,0.03,0.9,5,2.4328956691791666,0.5393379472224183,17.615645357055044,2.640551326538264,2.5114174081502876,0.5585146830868135,18.76390143400855,2.5163575056264293,0.0,102,901
reward_centered_sarsa,sign_shift,0.02,0.03,0.9,6,2.493702144596328,0.5263055120822248,18.853224391818863,2.7063348630372572,2.5640876854438526,0.546298110509381,20.144880342466205,2.554252286037084,0.0,102,901
reward_centered_sarsa,sign_shift,0.02,0.03,0.9,7,2.4288851580896806,0.5552036477772198,17.852514103340862,2.6294302858593017,2.4910229853113424,0.5556571852676401,19.318043177063217,2.4800907071448535,0.0,102,901
reward_centered_sarsa,sign_shift,0.02,0.03,0.9,8,2.6982914920965153,0.5502025325282888,18.500479965398203,2.7632329548755417,2.5405596647943995,0.5483252079150398,19.701351194076874,2.511960200104124,0.0,102,901
reward_centered_sarsa,sign_shift,0.02,0.03,0.9,9,2.5134633968101547,0.5367186311337329,18.816006379956374,2.661885626197992,2.5291946600838364,0.5494371633512,19.952464122858018,2.5245387562050183,0.0,102,901
reward_centered_sarsa,sign_shift,0.02,0.03,0.97,0,2.471383957485559,0.5600548383125423,18.909249194476708,2.6536435689250326,2.4884578493600404,0.5321617329726991,20.55116102362847,2.527694761677929,0.0,102,901
reward_centered_sarsa,sign_shift,0.02,0.03,0.97,1,2.308478695355385,0.5538375340561592,19.423221192607027,2.520607655108863,2.5405506986335205,0.5430619836518232,20.85829744578983,2.52882187734167,0.0,102,901
reward_centered_sarsa,sign_shift,0.02,0.03,0.97,2,2.5060223389912553,0.5742909144736621,19.112241344079106,2.6814219508252304,2.507034872448714,0.5417271563281303,21.033100706311533,2.5275629126472077,0.0,102,901
reward_centered_sarsa,sign_shift,0.02,0.03,0.97,3,2.441251131329847,0.5246412937939909,18.487153889355458,2.6518491188570863,2.5966376012951544,0.5515305813375708,20.135022033696107,2.5481738035347465,0.0,102,901
reward_centered_sarsa,sign_shift,0.02,0.03,0.97,4,2.333716328264113,0.5369845635446289,18.97522661739124,2.5855599341899578,2.531406727721292,0.5497558457637253,20.600797324730433,2.5291987061888057,0.0,102,901
reward_centered_sarsa,sign_shift,0.02,0.03,0.97,5,2.490152980510557,0.5417143962425608,18.743128041609545,2.651901472960175,2.5546733734946936,0.5429729059406818,21.000232058456177,2.5545971045849263,0.0,102,901
reward_centered_sarsa,sign_shift,0.02,0.03,0.97,6,2.5660056802538533,0.548262609662124,18.772930358957804,2.709241545258203,2.5853424091796855,0.549893047949257,20.668425969102437,2.546494935700341,0.0,102,901
reward_centered_sarsa,sign_shift,0.02,0.03,0.97,7,2.5274893658615634,0.539837449790802,19.397372054267848,2.7030767991612947,2.5721072006246755,0.543946903897195,21.44219110107564,2.5692019138621474,0.0,102,901
reward_centered_sarsa,sign_shift,0.02,0.03,0.97,8,2.5516807101142573,0.5532320004262024,18.93381628173202,2.683645039166153,2.47032805755431,0.550024462473345,20.41980701738983,2.475148607612361,0.0,102,901
reward_centered_sarsa,sign_shift,0.02,0.03,0.97,9,2.6213555322290434,0.5236952859759887,18.802733624695474,2.8571171854971964,2.58440604238127,0.5480178361658594,20.56910347546003,2.555884291456462,0.0,102,901
reward_centered_sarsa,sign_shift,0.02,0.03,0.99,0,2.511369294487405,0.563464797478142,19.423462126301892,2.6674925425222535,2.4391907320468778,0.5362498265886658,20.685593546244693,2.518138132040796,0.0,102,901
reward_centered_sarsa,sign_shift,0.02,0.03,0.99,1,2.416866370345091,0.5417174714958068,19.783021370024414,2.572563474447777,2.547338423212302,0.5296522147573848,21.551288168095997,2.5982627504697273,0.0,102,901
reward_centered_sarsa,sign_shift,0.02,0.03,0.99,2,2.5391071688992564,0.5762310005857872,19.520404445682303,2.699629625117495,2.477151406697135,0.5411985989685826,21.629336542825154,2.506320598914361,0.0,102,901
reward_centered_sarsa,sign_shift,0.02,0.03,0.99,3,2.3492192816920725,0.530308655980591,18.784692233919415,2.597857113025126,2.559711819400516,0.5570876356084754,20.119682491501678,2.5395271649019664,0.0,102,901
reward_centered_sarsa,sign_shift,0.02,0.03,0.99,4,2.4302347674727134,0.5257721219827539,19.8358895878312,2.6438168904787633,2.563986966710868,0.5453457930279754,21.379909780009946,2.5431393743823842,0.0,102,901
reward_centered_sarsa,sign_shift,0.02,0.03,0.99,5,2.510360090537058,0.535987541226486,19.413543143923725,2.769057903318292,2.5449287680925545,0.5366063294107747,21.160741505708884,2.5868512959998733,0.0,102,901
reward_centered_sarsa,sign_shift,0.02,0.03,0.99,6,2.639193754182014,0.5638121571237312,19.323249317548466,2.7197501527862333,2.5689567273023894,0.5451761371538513,21.347037297667057,2.5501910242143446,0.0,102,901
reward_centered_sarsa,sign_shift,0.02,0.03,0.99,7,2.52843146807577,0.5378518628041977,19.356297161882665,2.7104996845924036,2.5850864073769233,0.5431893582350625,21.59832630883569,2.5740271251200144,0.0,102,901
reward_centered_sarsa,sign_shift,0.02,0.03,0.99,8,2.5096339922543813,0.5408728484384322,20.095684507533804,2.6385028680684783,2.5157740681082545,0.5344071038480859,21.703049901290946,2.5310718139018595,0.0,102,901
reward_centered_sarsa,sign_shift,0.02,0.03,0.99,9,2.49364547512532,0.5650420713607623,18.807462979977505,2.656792594346939,2.569223019004132,0.5481264998330305,20.751725007236367,2.5597830586479224,0.0,102,901
reward_centered_sarsa,sign_shift,0.02,0.1,0.9,0,2.467758338816898,0.5687577368334099,17.96223992295581,2.3378272705285625,2.4639523314330907,0.5335458488569345,19.26314741397973,2.348399228871919,0.0,102,901
reward_centered_sarsa,sign_shift,0.02,0.1,0.9,1,2.405506953876413,0.523435817242324,17.552949674353037,2.295172097714174,2.543409199699668,0.5420816808621121,19.464268734246854,2.3644840763552266,0.0,102,901
reward_centered_sarsa,sign_shift,0.02,0.1,0.9,2,2.575258967439529,0.5635026796246948,18.494695415377027,2.3877035040289845,2.485937060083359,0.537621619410984,20.273925223807364,2.347692673701192,0.0,102,901
reward_centered_sarsa,sign_shift,0.02,0.1,0.9,3,2.402043083329891,0.5119309263430005,18.037142449860227,2.4629327827912264,2.5061918321531333,0.5644924123315763,18.862164491765274,2.337267738343898,0.0,102,901
reward_centered_sarsa,sign_shift,0.02,0.1,0.9,4,2.314000062257267,0.5357178581958412,18.039403280277046,2.286484134033954,2.53779989049675,0.5511580920003933,19.192236071268876,2.360611626823043,0.0,102,901
reward_centered_sarsa,sign_shift,0.02,0.1,0.9,5,2.4786849497066696,0.535775116582468,18.381346415117314,2.4780657252245626,2.5381732528010135,0.5461203315622897,19.763235468144114,2.3693416575718196,0.0,102,901
reward_centered_sarsa,sign_shift,0.02,0.1,0.9,6,2.362667948843087,0.5454575626916981,18.26825368718038,2.320946795834357,2.540968523794944,0.5500512769189182,19.769394657097575,2.3376148014890927,0.0,102,901
reward_centered_sarsa,sign_shift,0.02,0.1,0.9,7,2.4543137007231706,0.5511126117421049,17.574731166585302,2.391167424192704,2.5467499974911454,0.5514167188837967,19.41127358699223,2.369177263318452,0.0,102,901
reward_centered_sarsa,sign_shift,0.02,0.1,0.9,8,2.5618906968606945,0.5445714492865947,18.15904552472818,2.39762065005809,2.507875299253765,0.533674275029546,19.813235706802022,2.356726493363641,0.0,102,901
reward_centered_sarsa,sign_shift,0.02,0.1,0.9,9,2.382894914188168,0.5468352180898504,17.214849042533455,2.3330682667031315,2.5296347632217073,0.5474937204056138,19.066765178608836,2.3630161529588687,0.0,102,901
reward_centered_sarsa,sign_shift,0.02,0.1,0.97,0,2.508161686193733,0.5597039092687907,18.605717298954676,2.3770560567198076,2.499137455186353,0.5284511524946676,20.69714095691827,2.365867797937205,0.0,102,901
reward_centered_sarsa,sign_shift,0.02,0.1,0.97,1,2.3955421044632077,0.5416997569882347,19.706032425471104,2.287879728844733,2.510597242728802,0.5416609031435449,21.199183423568172,2.3368679392981915,0.0,102,901
reward_centered_sarsa,sign_shift,0.02,0.1,0.97,2,2.5963938524163384,0.5564622470472926,18.55262766231713,2.447639414922218,2.5115506451920964,0.5474404573637074,20.432748784538678,2.3323354373476306,0.0,102,901
reward_centered_sarsa,sign_shift,0.02,0.1,0.97,3,2.342843049958823,0.5253495038443452,18.66415191861268,2.356254654093575,2.617416442213146,0.5495787500731381,20.64722329296542,2.414332391232993,0.0,102,901
reward_centered_sarsa,sign_shift,0.02,0.1,0.97,4,2.3186114592495897,0.5398832240556785,18.479395169284757,2.272720375394753,2.540434845065905,0.5490142251022168,19.977853301477666,2.3671268208811873,0.0,102,901
reward_centered_sarsa,sign_shift,0.02,0.1,0.97,5,2.4454528620569715,0.5567920049671192,18.36953723141904,2.371764359815994,2.543709895935335,0.5443011293285358,20.526988408967636,2.35878464493582,0.0,102,901
reward_centered_sarsa,sign_shift,0.02,0.1,0.97,6,2.529538554143207,0.5311181825316079,19.422452528076217,2.4373692072161246,2.549425767482599,0.542519010980551,21.204453351183982,2.3820684829301646,0.0,102,901
reward_centered_sarsa,sign_shift,0.02,0.1,0.97,7,2.4786401496297166,0.5394968130320268,18.922753023171783,2.33484479588106,2.5814168198341263,0.5542676976032985,20.818095391005816,2.385197559480258,0.0,102,901
reward_centered_sarsa,sign_shift,0.02,0.1,0.97,8,2.5987162606066336,0.542801401633235,18.859381545124094,2.429035797998293,2.538736448020981,0.5450370902944052,21.04549596721315,2.3457676386523545,0.0,102,901
reward_centered_sarsa,sign_shift,0.02,0.1,0.97,9,2.470332299783062,0.562505954773619,18.232502517855387,2.365497309502893,2.5556698291190507,0.5500335767749229,20.149009871725152,2.3729095811063186,0.0,102,901
reward_centered_sarsa,sign_shift,0.02,0.1,0.99,0,2.4684441256118532,0.5359492722911571,18.530075618385776,2.388088350054098,2.548210457919422,0.5442934930936822,20.625588588428137,2.363709881985267,0.0,102,901
reward_centered_sarsa,sign_shift,0.02,0.1,0.99,1,2.408479491613474,0.5248455388984095,18.84276573652004,2.3724844475941027,2.5574069010998337,0.5451434393350014,20.846216644498668,2.3696389237091715,0.0,102,901
reward_centered_sarsa,sign_shift,0.02,0.1,0.99,2,2.554509209289155,0.5634320505251644,18.804095465593267,2.4577898478184688,2.538748859996858,0.5391888176350845,20.705112153840744,2.4131287029127733,0.0,102,901
reward_centered_sarsa,sign_shift,0.02,0.1,0.99,3,2.4355593844342747,0.5118680841605655,18.955765960855665,2.4716312241435574,2.555450757383296,0.5554344655921744,20.197311977634556,2.372692744597223,0.0,102,901
reward_centered_sarsa,sign_shift,0.02,0.1,0.99,4,2.443280099744813,0.5419681311368163,18.74765563989193,2.418094764433563,2.5079779387620915,0.5518581558620651,19.73057953972008,2.356046526433305,0.0,102,901
reward_centered_sarsa,sign_shift,0.02,0.1,0.99,5,2.4626968282264454,0.5274407757787852,19.03146894482627,2.3727687912634314,2.566975678383414,0.5454852657400671,21.11928074897879,2.3911945926139335,0.0,102,901
reward_centered_sarsa,sign_shift,0.02,0.1,0.99,6,2.5621984982596446,0.5478658883916347,19.376991873589347,2.42078727184781,2.5994404753436733,0.5442268216757237,21.434718040363162,2.4236302552828524,0.0,102,901
reward_centered_sarsa,sign_shift,0.02,0.1,0.99,7,2.3956582132345483,0.5537381869160838,18.404543239176427,2.3084031642304144,2.578409812479061,0.5540637338221974,20.09729047728799,2.3886671063142626,0.0,102,901
reward_centered_sarsa,sign_shift,0.02,0.1,0.99,8,2.7192886528318763,0.5571255534766942,19.251805538968032,2.4576925944972534,2.5434685330585274,0.5445743832244058,21.075407199793716,2.367438188291547,0.0,102,901
reward_centered_sarsa,sign_shift,0.02,0.1,0.99,9,2.448163850374885,0.5586263559398134,18.746293332925347,2.361201219987335,2.5427161383403156,0.5494162196263148,20.37521173141692,2.36873802605273,0.0,102,901
reward_centered_sarsa,sign_shift,0.05,0.001,0.9,0,2.459771730176304,0.5415093808947683,49.68856961019183,7.270300553020049,2.5344505479400214,0.5421374426869036,50.1385213218645,2.6434556796136763,0.0,102,901
reward_centered_sarsa,sign_shift,0.05,0.001,0.9,1,2.4798774737504305,0.5301597540506781,48.815574904141556,7.286249553784351,2.546296252156307,0.5426120367774745,49.35243951038677,2.654746880576674,0.0,102,901
reward_centered_sarsa,sign_shift,0.05,0.001,0.9,2,2.617754908972284,0.548338701943427,49.98485489298453,7.292248728454537,2.5157153823488394,0.5344141811339583,50.22554523217709,2.6586078946226728,0.0,102,901
reward_centered_sarsa,sign_shift,0.05,0.001,0.9,3,2.463604516649357,0.5190302507559198,48.510087201622184,7.233185259502605,2.5647866983705274,0.5480871413439229,49.33898369054828,2.6743741817980773,0.0,102,901
reward_centered_sarsa,sign_shift,0.05,0.001,0.9,4,2.426274120831786,0.5279422290125677,48.63321505831998,7.258729780168752,2.539691769633958,0.5447469649234303,50.139358996957455,2.6611610763011915,0.0,102,901
reward_centered_sarsa,sign_shift,0.05,0.001,0.9,5,2.5272187929460075,0.5464874499293282,48.01095082312648,7.2936907067383245,2.5169489668520697,0.5398649051493253,51.15212669684825,2.6494683427233983,0.0,102,901
reward_centered_sarsa,sign_shift,0.05,0.001,0.9,6,2.6243641768196775,0.5616238307679896,51.553330167625944,7.392405588664424,2.5292889834427426,0.5476525990079709,50.80485523583413,2.6332494587449675,0.0,102,901
reward_centered_sarsa,sign_shift,0.05,0.001,0.9,7,2.555122157128811,0.5419047682741256,49.508359711325284,7.16479982240674,2.570002828132006,0.5497933930767172,50.127109115376236,2.671816048207502,0.0,102,901
reward_centered_sarsa,sign_shift,0.05,0.001,0.9,8,2.7230300059038113,0.540570313003416,50.659739745055724,7.326009290761871,2.546308728704053,0.5431181912815265,50.92707917470248,2.6540114221300377,0.0,102,901
reward_centered_sarsa,sign_shift,0.05,0.001,0.9,9,2.570613744964411,0.5217537781787069,50.428329646248976,7.317985032383053,2.5835990027720244,0.529581594240712,51.66705758144735,2.7151271791097757,0.0,102,901
reward_centered_sarsa,sign_shift,0.05,0.001,0.97,0,2.5501889970551033,0.5408056652250384,51.208078193005946,7.251300096064077,2.51287762222781,0.5202518830047747,74.07900501590873,2.6877666863788017,0.0,102,901
reward_centered_sarsa,sign_shift,0.05,0.001,0.97,1,2.500619665052582,0.5360645154314095,51.11351553574349,7.284972454925204,2.5696689889844637,0.5307669846087806,74.2489084502249,2.6801743093416515,0.0,102,901
reward_centered_sarsa,sign_shift,0.05,0.001,0.97,2,2.6561519672783573,0.5333214169963978,52.86545875376883,7.268543228880074,2.6058522267758284,0.5116322647526356,74.19872129732215,2.761198499157958,0.0,102,901
reward_centered_sarsa,sign_shift,0.05,0.001,0.97,3,2.4689279278032967,0.5196896649532753,50.54062953140562,7.219728504541915,2.599534507603272,0.5514136515688304,73.80987453299893,2.6825167998574955,0.0,102,901
reward_centered_sarsa,sign_shift,0.05,0.001,0.97,4,2.453386950904103,0.5206091117166174,49.85106721466705,7.272118457850432,2.5804686088607864,0.5368506279085684,74.14881469282345,2.7287796915379183,0.0,102,901
reward_centered_sarsa,sign_shift,0.05,0.001,0.97,5,2.637373334164084,0.5144829434379098,50.90415921261183,7.298250884117657,2.581403723226056,0.5309056857118546,74.51097726789047,2.6875601013802703,0.0,102,901
reward_centered_sarsa,sign_shift,0.05,0.001,0.97,6,2.6369987740319805,0.5377152547126156,51.263819553749755,7.357040792268465,2.6231211212312497,0.5412119450919519,75.1387560743751,2.6936676123007124,0.0,102,901
reward_centered_sarsa,sign_shift,0.05,0.001,0.97,7,2.532047203264376,0.5161118245514685,55.04043763516154,7.181743305432361,2.5915958115711777,0.5356881002220463,74.75516653746305,2.757205047044966,0.0,102,901
reward_centered_sarsa,sign_shift,0.05,0.001,0.97,8,2.4827708732506797,0.5333664872655145,52.22136240161161,7.157872325539112,2.4904441400902844,0.5271345501364308,74.2169035704655,2.6566186093536577,0.0,102,901
reward_centered_sarsa,sign_shift,0.05,0.001,0.97,9,2.5426062498172812,0.5398441922965774,50.99107229791643,7.3814586248056,2.57704039748886,0.5331258655657999,74.14294739940277,2.7227462116497914,0.0,102,901
reward_centered_sarsa,sign_shift,0.05,0.001,0.99,0,2.5669108766506397,0.5522833515081474,49.28730483592828,7.232875345137008,2.5169030060564834,0.527636296092776,84.10162196768984,2.6514101472504805,0.0,102,901
reward_centered_sarsa,sign_shift,0.05,0.001,0.99,1,2.495588220116958,0.521130043316577,49.33853015770713,7.274409626219946,2.591907122570807,0.5344200400110316,84.68037925841996,2.6925140941562415,0.0,102,901
reward_centered_sarsa,sign_shift,0.05,0.001,0.99,2,2.635113919212437,0.5364499645018853,52.932834362732216,7.321003755804253,2.5578752770301723,0.5272073491892064,85.44613460911842,2.7212482083220233,0.0,102,901
reward_centered_sarsa,sign_shift,0.05,0.001,0.99,3,2.450967131092415,0.5102065454274962,49.0399698445772,7.201827334871649,2.6409136669787188,0.5421969015119994,85.04612116542225,2.706612567351602,0.0,102,901
reward_centered_sarsa,sign_shift,0.05,0.001,0.99,4,2.4587955956925684,0.5088487392178165,55.512248573202065,7.274895080137369,2.584305319684408,0.5233820567894693,86.63616200685716,2.7783298461947052,0.0,102,901
reward_centered_sarsa,sign_shift,0.05,0.001,0.99,5,2.575286589383878,0.5341548106475826,51.69671060234168,7.3551770075484555,2.5648463119502503,0.5290444752925543,84.0714179575624,2.7220113637318444,0.0,102,901
reward_centered_sarsa,sign_shift,0.05,0.001,0.99,6,2.5141783756602405,0.5275921447934111,51.04750127577523,7.284769107390804,2.5517825690548133,0.5439692107922091,84.72233740102567,2.673625351686119,0.0,102,901
reward_centered_sarsa,sign_shift,0.05,0.001,0.99,7,2.5497915818500907,0.5161194976096768,52.160541170535616,7.175164135540042,2.6535844946686447,0.5309616859290818,84.871429356581,2.7787923680411324,0.0,102,901
reward_centered_sarsa,sign_shift,0.05,0.001,0.99,8,2.652291456586437,0.5203402044172688,51.37598650848184,7.194108135299425,2.599548902414246,0.5213875353693076,83.74124312243814,2.7148688747441967,0.0,102,901
reward_centered_sarsa,sign_shift,0.05,0.001,0.99,9,2.5082555247363523,0.5314781602747375,52.27777820087933,7.282164505234238,2.5884508900981977,0.5378871122065154,85.43177365428983,2.6734339249564454,0.0,102,901
reward_centered_sarsa,sign_shift,0.05,0.003,0.9,0,2.5189839921642982,0.5371113366860832,34.3995924311694,4.340588992713684,2.525299516260837,0.5451925202951904,27.362068201176047,2.5806104004471315,0.0,102,901
reward_centered_sarsa,sign_shift,0.05,0.003,0.9,1,2.474677843622985,0.5361096340843733,34.668254486171286,4.334605624554653,2.567485642487096,0.5336329115285738,28.019016885225078,2.626663606191219,0.0,102,901
reward_centered_sarsa,sign_shift,0.05,0.003,0.9,2,2.6045215306415104,0.5629086019125886,36.110560697377075,4.329381810750061,2.515649398604139,0.5321035337167012,28.255215151704913,2.596418647987882,0.0,102,901
reward_centered_sarsa,sign_shift,0.05,0.003,0.9,3,2.4309777040718727,0.5209727961561382,33.40648566106551,4.261785833012489,2.5681169499157184,0.5553934508477769,26.181244340873416,2.571298137730806,0.0,102,901
reward_centered_sarsa,sign_shift,0.05,0.003,0.9,4,2.5358776212263123,0.5341883012413622,35.67722385607955,4.384640975170027,2.538190241569241,0.5450478337792054,27.895515814010597,2.5829592417760345,0.0,102,901
reward_centered_sarsa,sign_shift,0.05,0.003,0.9,5,2.545386164875929,0.5208855337511384,34.29739224791128,4.366148348733203,2.5557011861565115,0.5381466200815107,27.32603815502073,2.627443985005861,0.0,102,901
reward_centered_sarsa,sign_shift,0.05,0.003,0.9,6,2.534689673486516,0.5316254010715711,36.515552000589786,4.373835540481742,2.527233785926442,0.5452339326389315,28.597248456431824,2.589431601129907,0.0,102,901
reward_centered_sarsa,sign_shift,0.05,0.003,0.9,7,2.5117533887718695,0.5546223788777229,34.20776368386066,4.185174183555141,2.541864994794855,0.5553802603202505,26.43412188994167,2.603220534624549,0.0,102,901
reward_centered_sarsa,sign_shift,0.05,0.003,0.9,8,2.6352167580684966,0.5312818939984891,34.509715614537235,4.285835893938503,2.52119804586586,0.5399164424278825,27.304284169707334,2.598669139930157,0.0,102,901
reward_centered_sarsa,sign_shift,0.05,0.003,0.9,9,2.4873111267776076,0.5407609650639433,35.233801911356295,4.292563940314256,2.539868318524714,0.543625986163248,27.506633562620443,2.6067131429475636,0.0,102,901
reward_centered_sarsa,sign_shift,0.05,0.003,0.97,0,2.597900921454256,0.533170681986345,38.11722275765725,4.381854418373457,2.5609957469033002,0.5126688297038803,35.55413531211087,2.67564622863159,0.0,102,901
reward_centered_sarsa,sign_shift,0.05,0.003,0.97,1,2.390504055978249,0.5243128344560123,39.150821423442025,4.302165310262106,2.5673609489808555,0.5312711341051951,35.65289788665332,2.6804957249380412,0.0,102,901
reward_centered_sarsa,sign_shift,0.05,0.003,0.97,2,2.645196633234723,0.5293628811323995,38.09187325712631,4.4083861113918825,2.5810030043032977,0.5214051080323047,34.88151751498646,2.729783531231869,0.0,102,901
reward_centered_sarsa,sign_shift,0.05,0.003,0.97,3,2.489699572015186,0.5215120813839424,36.83875731756655,4.299375315658807,2.617439684890407,0.5496884207723279,33.198748346327804,2.6414020295563,0.0,102,901
reward_centered_sarsa,sign_shift,0.05,0.003,0.97,4,2.540465702418121,0.5071968696795259,38.59378076585848,4.394837006234444,2.6043497787304,0.5247813455014684,34.54654354243292,2.693642451564036,0.0,102,901
reward_centered_sarsa,sign_shift,0.05,0.003,0.97,5,2.461713353628347,0.5188113461129467,38.083239564747174,4.265715761927439,2.552028360193133,0.54194803707661,33.94647100078035,2.6336460408732014,0.0,102,901
reward_centered_sarsa,sign_shift,0.05,0.003,0.97,6,2.6022450593507336,0.5185349418303947,38.198605107553384,4.4059447604628605,2.562439137872859,0.5366705790345611,34.866167816728904,2.663206060597129,0.0,102,901
reward_centered_sarsa,sign_shift,0.05,0.003,0.97,7,2.5598446256181155,0.5418608749448389,36.982238714274125,4.284350467822128,2.580226674759138,0.543253527934076,33.70534067863992,2.638750700564979,0.0,102,901
reward_centered_sarsa,sign_shift,0.05,0.003,0.97,8,2.7039587730888526,0.5382466474234993,38.99317657042201,4.3488556399912595,2.559511345618618,0.537247953250597,34.28185459136055,2.64927251865244,0.0,102,901
reward_centered_sarsa,sign_shift,0.05,0.003,0.97,9,2.5125592460663313,0.5259713989943751,37.19881868753362,4.328885655551278,2.5793484300608633,0.5316467885521128,33.863293002427994,2.6806282202282854,0.0,102,901
reward_centered_sarsa,sign_shift,0.05,0.003,0.99,0,2.3392146639364566,0.5325582515558659,35.284930168000585,4.207861954645846,2.486020864256276,0.5327114033315711,37.34181708833235,2.6016414056596417,0.0,102,901
reward_centered_sarsa,sign_shift,0.05,0.003,0.99,1,2.55927216253421,0.5151441987946008,37.220623908477705,4.389615182263475,2.546372704902036,0.5408648721811289,36.843666323573046,2.606354309672549,0.0,102,901
reward_centered_sarsa,sign_shift,0.05,0.003,0.99,2,2.6934020155436995,0.5260607836785995,41.20277407646724,4.402490785615382,2.5649076733892313,0.5222789830122977,38.56371679195101,2.66867601673624,0.0,102,901
reward_centered_sarsa,sign_shift,0.05,0.003,0.99,3,2.3990292208561934,0.5167667438609959,35.40964551152604,4.310484643832114,2.618636906594874,0.5480065712722592,36.89353776988045,2.647455218167933,0.0,102,901
reward_centered_sarsa,sign_shift,0.05,0.003,0.99,4,2.553515626658552,0.533809653918298,37.95725355153664,4.370422094839898,2.5578242077979962,0.5449115505968781,37.44264171993373,2.609027669458728,0.0,102,901
reward_centered_sarsa,sign_shift,0.05,0.003,0.99,5,2.537777484606332,0.5448303128616445,37.22564866416075,4.31940732169396,2.5608815976381636,0.5389283606009272,38.155689112674246,2.627181265856826,0.0,102,901
reward_centered_sarsa,sign_shift,0.05,0.003,0.99,6,2.4853508694064788,0.5203823661146255,39.01064882955687,4.3400861744394525,2.535840066449232,0.5380485603258466,38.95051914223554,2.6398917370088375,0.0,102,901
reward_centered_sarsa,sign_shift,0.05,0.003,0.99,7,2.549008049797487,0.5082913308792673,41.30374375193857,4.277435906247736,2.593827696118122,0.5301487349346858,39.496867613203925,2.7533099743885026,0.0,102,901
reward_centered_sarsa,sign_shift,0.05,0.003,0.99,8,2.6065222584348704,0.5412533200281844,36.35691031008736,4.268127137012345,2.517193541870519,0.5398524183170185,36.648155642942776,2.6003550942522984,0.0,102,901
reward_centered_sarsa,sign_shift,0.05,0.003,0.99,9,2.5292444135203134,0.5535446335323717,38.96515243808285,4.376977757055987,2.5624331669149387,0.5430085807912806,37.735558140151596,2.620203212210307,0.0,102,901
reward_centered_sarsa,sign_shift,0.05,0.01,0.9,0,2.442888851505878,0.5406811325007812,23.82242685375896,3.0127364172068956,2.5510255155502444,0.5412549693891568,23.554578863524302,2.585104059138696,0.0,102,901
reward_centered_sarsa,sign_shift,0.05,0.01,0.9,1,2.414373773332918,0.5256421135622993,22.94410693025244,2.974041798891499,2.5492985977447487,0.5423786808819981,22.615963278426086,2.5892499724568148,0.0,102,901
reward_centered_sarsa,sign_shift,0.05,0.01,0.9,2,2.6174274782408715,0.5493704251333036,23.960073459557872,3.1597571814668766,2.5681526287739573,0.5328933159336678,23.77721976613341,2.654460899223148,0.0,102,901
reward_centered_sarsa,sign_shift,0.05,0.01,0.9,3,2.404143700793159,0.5122571232983433,23.295722977120917,3.033044122071538,2.618321026140872,0.5484621007517265,22.792152162857672,2.634883600175141,0.0,102,901
reward_centered_sarsa,sign_shift,0.05,0.01,0.9,4,2.34998033750187,0.5406344161636962,24.481417722597,3.0119496720741235,2.537652746963403,0.5475494938510128,22.888804311175722,2.5790555014044374,0.0,102,901
reward_centered_sarsa,sign_shift,0.05,0.01,0.9,5,2.3221816731702245,0.5674483813384917,22.23555204414065,2.842578313488655,2.5008269933053993,0.5488095433477621,23.26032590373938,2.5320961341473907,0.0,102,901
reward_centered_sarsa,sign_shift,0.05,0.01,0.9,6,2.5194189531405193,0.5285361722423165,24.523331877790636,3.17313887136882,2.5510915641963448,0.543278619750801,23.49703648358065,2.594035220741688,0.0,102,901
reward_centered_sarsa,sign_shift,0.05,0.01,0.9,7,2.441928352241107,0.5545182081404899,22.164195975551205,2.9812300202797535,2.5316300741175453,0.5478552908085542,22.37683919985588,2.587213525149128,0.0,102,901
reward_centered_sarsa,sign_shift,0.05,0.01,0.9,8,2.530854832252098,0.552502493571099,23.774858435078247,3.036211266990054,2.475000435522161,0.5500739812380706,23.403558160065575,2.478990161629826,0.0,102,901
reward_centered_sarsa,sign_shift,0.05,0.01,0.9,9,2.5454282126200187,0.5507392463609098,25.015711155146196,3.0658881447037105,2.5586739175863125,0.546440506334761,23.9092205002168,2.5955626830191805,0.0,102,901
reward_centered_sarsa,sign_shift,0.05,0.01,0.97,0,2.540854898240891,0.5379832751209349,26.301456804649124,3.09514337720584,2.5449868103282682,0.5388292888636304,25.879387922654338,2.599230957276957,0.0,102,901
reward_centered_sarsa,sign_shift,0.05,0.01,0.97,1,2.389315266969903,0.5404546496150137,26.447018941249326,2.93683444487384,2.5740198152301783,0.531426752146037,26.090755483413016,2.6362090803660663,0.0,102,901
reward_centered_sarsa,sign_shift,0.05,0.01,0.97,2,2.5838457215865347,0.5530416386973762,26.748394257897203,3.106430034053151,2.538551620850486,0.5390895318777867,25.169780723874883,2.601767920220205,0.0,102,901
reward_centered_sarsa,sign_shift,0.05,0.01,0.97,3,2.377750022638211,0.5161287758459522,24.968658951710296,2.9851772896055118,2.613943910685636,0.5449596755637517,25.401796853938485,2.6544450494372804,0.0,102,901
reward_centered_sarsa,sign_shift,0.05,0.01,0.97,4,2.495903787452781,0.5182093336106565,27.86843104149877,3.17256179900815,2.5838842512151206,0.5321360275011809,26.49312205526752,2.673516700374535,0.0,102,901
reward_centered_sarsa,sign_shift,0.05,0.01,0.97,5,2.581229350620112,0.5392938390476063,25.58112337663545,3.0941012304592648,2.5615423101458807,0.5275696204658491,27.049766894035727,2.6321278175890512,0.0,102,901
reward_centered_sarsa,sign_shift,0.05,0.01,0.97,6,2.5473665476522807,0.5295717598414467,27.638834094664738,3.1948862524336574,2.543558479292682,0.5429346254671867,26.767266713991024,2.596627488118269,0.0,102,901
reward_centered_sarsa,sign_shift,0.05,0.01,0.97,7,2.5659236228544398,0.5449542523293378,25.423438982067154,3.0498692961418064,2.5828275649608883,0.5433201183208413,25.3127375673914,2.626117024400344,0.0,102,901
reward_centered_sarsa,sign_shift,0.05,0.01,0.97,8,2.711764511563694,0.5406003820606642,27.216432700399576,3.2219660862947164,2.571593139672878,0.5371663090460083,25.860013576247646,2.6522210980518244,0.0,102,901
reward_centered_sarsa,sign_shift,0.05,0.01,0.97,9,2.513630701499158,0.5496940277217504,25.962238419564358,3.028668988186305,2.5619311881083826,0.5453698079021656,25.801962625388057,2.5934381507195714,0.0,102,901
reward_centered_sarsa,sign_shift,0.05,0.01,0.99,0,2.486569946229197,0.5326189011293879,26.65866498636129,3.0651631916455244,2.547463278491628,0.5393698671886831,26.273222448263517,2.606461076043306,0.0,102,901
reward_centered_sarsa,sign_shift,0.05,0.01,0.99,1,2.411415024431333,0.5284300943606304,24.984279239335383,2.964603235688053,2.573494972617923,0.5382817447811858,26.291381961979738,2.637061961275594,0.0,102,901
reward_centered_sarsa,sign_shift,0.05,0.01,0.99,2,2.6390320063797224,0.5373840360223109,27.3650000633716,3.213925595239643,2.5718052016172535,0.5255104985697773,27.62741684239325,2.7102847793086493,0.0,102,901
reward_centered_sarsa,sign_shift,0.05,0.01,0.99,3,2.3090175873324883,0.5099086639262779,26.494787993129417,2.946094472655227,2.6357584020144524,0.535936177008734,27.08613310118625,2.7190868081072206,0.0,102,901
reward_centered_sarsa,sign_shift,0.05,0.01,0.99,4,2.4475751383761186,0.5141027658373174,27.884746498362237,3.1475077447045936,2.582166583717573,0.5266011000469998,26.949584139713206,2.7012000483732557,0.0,102,901
reward_centered_sarsa,sign_shift,0.05,0.01,0.99,5,2.5485920980327506,0.5350722837557526,26.285179049263782,3.078437979019682,2.583946711310427,0.5251795720091996,27.939164745341003,2.6493489283338194,0.0,102,901
reward_centered_sarsa,sign_shift,0.05,0.01,0.99,6,2.675868654905051,0.5462764463431324,29.130018395667957,3.2264621350644895,2.592504220651535,0.5362402041423165,27.532340244943345,2.6652272564172117,0.0,102,901
reward_centered_sarsa,sign_shift,0.05,0.01,0.99,7,2.529891173412774,0.5424839940164142,25.571167562888657,3.0317246351599416,2.595518710364846,0.5407453917355286,26.41882574313816,2.649191854358386,0.0,102,901
reward_centered_sarsa,sign_shift,0.05,0.01,0.99,8,2.4954481428990616,0.5437850134956277,27.146083519624028,3.084106590657049,2.549112842654729,0.5280812937211851,27.03852855657381,2.6886675479882354,0.0,102,901
reward_centered_sarsa,sign_shift,0.05,0.01,0.99,9,2.5705146052833814,0.538445656629302,28.205779783725806,3.1602479302466326,2.6140059238031257,0.5363066463031528,27.737937037693943,2.6712779485422713,0.0,102,901
reward_centered_sarsa,sign_shift,0.05,0.03,0.9,0,2.5513400741429177,0.5528508949499478,22.25917509255126,2.678068458528309,2.5145116425989937,0.523206766455561,22.999051474611516,2.568618514859592,0.0,102,901
reward_centered_sarsa,sign_shift,0.05,0.03,0.9,1,2.3954248780424647,0.5394190848090358,22.8308588482819,2.5614582479608523,2.5561696305161257,0.5347790786793605,23.13926645754436,2.5456818600817073,0.0,102,901
reward_centered_sarsa,sign_shift,0.05,0.03,0.9,2,2.6126419091766375,0.5555242005756997,21.94244827139962,2.7454508409626848,2.4806716983823165,0.548070704459409,22.800297428237123,2.4863027026788784,0.0,102,901
reward_centered_sarsa,sign_shift,0.05,0.03,0.9,3,2.433258952530803,0.5165951587583875,21.26697022148985,2.6598679987060017,2.630887887551452,0.5482942139866052,23.130752939887675,2.6063159003975787,0.0,102,901
reward_centered_sarsa,sign_shift,0.05,0.03,0.9,4,2.489257032767171,0.5265128782603224,22.18907193757725,2.7063588573496595,2.5409004922523852,0.5469604949424884,22.121259266124213,2.5425785183977827,0.0,102,901
reward_centered_sarsa,sign_shift,0.05,0.03,0.9,5,2.5339155211484434,0.5474869410377483,21.802548644185173,2.681630795306713,2.531067308222139,0.5407024607457968,23.79339861256661,2.524322463871127,0.0,102,901
reward_centered_sarsa,sign_shift,0.05,0.03,0.9,6,2.534781507724097,0.5293254016006805,22.63797615886184,2.737890184185161,2.5539857765894713,0.5418843360368161,23.52293706505509,2.5589614053591414,0.0,102,901
reward_centered_sarsa,sign_shift,0.05,0.03,0.9,7,2.515636362564586,0.5404336059424035,21.5416542664122,2.6680326317444347,2.553423959726229,0.557874953761474,21.83663357774687,2.528436775313189,0.0,102,901
reward_centered_sarsa,sign_shift,0.05,0.03,0.9,8,2.583593458444834,0.5421724822472359,21.68651448345997,2.701957952791345,2.5170643003569695,0.5471524625036156,22.66829872924697,2.496687214008361,0.0,102,901
reward_centered_sarsa,sign_shift,0.05,0.03,0.9,9,2.6362504576275176,0.5240294343171304,22.401850037538996,2.860994756684733,2.5869641772792376,0.5430380229702509,23.24563676381956,2.565041661603556,0.0,102,901
reward_centered_sarsa,sign_shift,0.05,0.03,0.97,0,2.5400947677418078,0.5361581300139178,23.383207827503117,2.7075693834555468,2.54392314541985,0.5365510906367057,24.832487653252628,2.5812153430626004,0.0,102,901
reward_centered_sarsa,sign_shift,0.05,0.03,0.97,1,2.339861845449297,0.5419321913632512,21.673053060713986,2.470631729855158,2.547163082511435,0.5403077218742833,24.095341689889448,2.5456584073167545,0.0,102,901
reward_centered_sarsa,sign_shift,0.05,0.03,0.97,2,2.594948824660168,0.5371366910210965,24.50486485620141,2.789557366568061,2.5639863748480405,0.532582016268511,25.378514718770735,2.611548102345446,0.0,102,901
reward_centered_sarsa,sign_shift,0.05,0.03,0.97,3,2.443673468436662,0.5175559774368031,23.317759820632173,2.6579446718748874,2.6156007232014833,0.5449683997893783,24.767603917641086,2.56622650381424,0.0,102,901
reward_centered_sarsa,sign_shift,0.05,0.03,0.97,4,2.4920607683194778,0.5221883628001445,24.96616057535297,2.7598172927274116,2.585507068187384,0.5363092540747925,25.376914440597638,2.5908585386221605,0.0,102,901
reward_centered_sarsa,sign_shift,0.05,0.03,0.97,5,2.508341853949253,0.5404530990710258,23.857073517872106,2.66370546092621,2.5891050586403233,0.5234014473260354,26.27252113898175,2.627889361077779,0.0,102,901
reward_centered_sarsa,sign_shift,0.05,0.03,0.97,6,2.5521378928221563,0.5324520634963307,24.354708654874315,2.756934821182906,2.585591576444059,0.5319131069213504,25.588881079763922,2.6246401123032115,0.0,102,901
reward_centered_sarsa,sign_shift,0.05,0.03,0.97,7,2.531797361476457,0.5434151421786373,23.894275027679953,2.690045497505596,2.581665687508384,0.5417327562393142,25.38818022424334,2.5774172685308256,0.0,102,901
reward_centered_sarsa,sign_shift,0.05,0.03,0.97,8,2.6341187171214533,0.5449610503387078,23.305428343251915,2.736377566837457,2.5244253724335852,0.5417536262740562,24.940421596806253,2.5196703571244883,0.0,102,901
reward_centered_sarsa,sign_shift,0.05,0.03,0.97,9,2.587058642492628,0.5122071242504993,24.553994392228542,2.8998532269184945,2.620303520781455,0.5395652412548575,26.442401484797166,2.5928775380297355,0.0,102,901
reward_centered_sarsa,sign_shift,0.05,0.03,0.99,0,2.4700002644975396,0.5657811855135202,23.915407578615003,2.6222517351471417,2.503655226742326,0.5335279221002502,25.29391634162434,2.545925832409316,0.0,102,901
reward_centered_sarsa,sign_shift,0.05,0.03,0.99,1,2.5252491835000477,0.5079515173730346,25.07291039540424,2.810084694169382,2.5894411715683052,0.5204541748011321,27.250193536235475,2.657547542249769,0.0,102,901
reward_centered_sarsa,sign_shift,0.05,0.03,0.99,2,2.5960606893990246,0.5405665855875439,25.17952302756595,2.7798475607042272,2.564932066758223,0.5279425151595984,26.08600244175658,2.6090352490944793,0.0,102,901
reward_centered_sarsa,sign_shift,0.05,0.03,0.99,3,2.4452942276042946,0.5218482255877164,23.224800992976775,2.6457586260357546,2.6356017138264054,0.5455275378194543,24.73652784137541,2.6161990920896043,0.0,102,901
reward_centered_sarsa,sign_shift,0.05,0.03,0.99,4,2.421111537758931,0.5148460338024466,24.745341249349732,2.704411689916111,2.594744211879815,0.5291712687321367,26.352726410498022,2.6449648588942263,0.0,102,901
reward_centered_sarsa,sign_shift,0.05,0.03,0.99,5,2.5082319723871733,0.527238987993496,24.853278796721572,2.747674646517694,2.587211941323852,0.5197845825527325,27.704427864626638,2.636335563395316,0.0,102,901
reward_centered_sarsa,sign_shift,0.05,0.03,0.99,6,2.6100273135605354,0.5172872846612158,25.359088898600568,2.8746575164524475,2.5731711870086933,0.5311894035095205,26.640057739109945,2.61504879988876,0.0,102,901
reward_centered_sarsa,sign_shift,0.05,0.03,0.99,7,2.553692332374682,0.5140965826572429,26.079297938838668,2.8717597104069017,2.607478099529171,0.5297621873919364,27.506182150719344,2.6615385059568437,0.0,102,901
reward_centered_sarsa,sign_shift,0.05,0.03,0.99,8,2.6157095931248855,0.5389270557760402,23.604621926914295,2.7348093990850786,2.538964495892335,0.5403351848453274,25.603070880764875,2.529682854356012,0.0,102,901
reward_centered_sarsa,sign_shift,0.05,0.03,0.99,9,2.503413894707652,0.5489807974407599,24.686354020114283,2.6612413608246968,2.5788369116447405,0.5424270298649253,26.252726428098253,2.58502281323797,0.0,102,901
reward_centered_sarsa,sign_shift,0.05,0.1,0.9,0,2.518166673411648,0.5575112578250465,21.548137863773384,2.3697260594693375,2.4740096519760764,0.5354705312310637,22.46868782310911,2.351284675282814,0.0,102,901
reward_centered_sarsa,sign_shift,0.05,0.1,0.9,1,2.3981209282407026,0.539925761373521,23.42426096975894,2.2906264861786396,2.5734071714060316,0.5350570046381763,24.03315043756482,2.3962205550998883,0.0,102,901
reward_centered_sarsa,sign_shift,0.05,0.1,0.9,2,2.6305710214806264,0.5456384256315331,22.5424966237421,2.4968179586992543,2.5207604488145288,0.5406506280968744,23.704123490170655,2.389466688695123,0.0,102,901
reward_centered_sarsa,sign_shift,0.05,0.1,0.9,3,2.366981902118644,0.5219386437327107,21.74867615064801,2.3994526107368412,2.643561118612046,0.5400854845536311,23.58005999677878,2.4752798261329336,0.0,102,901
reward_centered_sarsa,sign_shift,0.05,0.1,0.9,4,2.3806392778384513,0.5251950524596203,22.18937219977123,2.323547741967539,2.5353736049610562,0.5456500737446165,22.872085484773365,2.367782834102794,0.0,102,901
reward_centered_sarsa,sign_shift,0.05,0.1,0.9,5,2.447608645058773,0.5570261380527888,21.282971878330482,2.302742933262236,2.5180712195369654,0.5451116015724956,23.032772876718006,2.362196602840122,0.0,102,901
reward_centered_sarsa,sign_shift,0.05,0.1,0.9,6,2.5458619243212186,0.5255135764512254,22.9215363816256,2.46954633977231,2.559168822902629,0.5364960312861029,23.89935215748551,2.403653849508903,0.0,102,901
reward_centered_sarsa,sign_shift,0.05,0.1,0.9,7,2.570811994215334,0.5435046904418745,21.2964829114111,2.468479019253279,2.5763586345636393,0.5422508205401341,23.010443710775387,2.41109041331124,0.0,102,901
reward_centered_sarsa,sign_shift,0.05,0.1,0.9,8,2.5476599455055484,0.543852221867458,22.304104663273808,2.391488362589401,2.488873202002244,0.5325680444289095,22.95847355396482,2.357152834884083,0.0,102,901
reward_centered_sarsa,sign_shift,0.05,0.1,0.9,9,2.5424980154826726,0.5537581931586056,21.050325193480937,2.3878163891266797,2.5698827140727016,0.546757277971279,22.887025520731964,2.3886987830977313,0.0,102,901
reward_centered_sarsa,sign_shift,0.05,0.1,0.97,0,2.48434603618316,0.5325276741797933,24.016958229598213,2.371669958742412,2.5872193692997483,0.5309072691743836,26.230672548763838,2.403119325941071,0.0,102,901
reward_centered_sarsa,sign_shift,0.05,0.1,0.97,1,2.4096096460135246,0.5286327916975101,22.194231026952227,2.3398474268050524,2.5844618745997545,0.5398532518374904,24.495061610999965,2.425276718250496,0.0,102,901
reward_centered_sarsa,sign_shift,0.05,0.1,0.97,2,2.629156526391462,0.5445628997142484,24.36400997123963,2.5121476984082913,2.5712390710870516,0.5277446030298347,26.232309968561896,2.462210623566064,0.0,102,901
reward_centered_sarsa,sign_shift,0.05,0.1,0.97,3,2.4387878962795764,0.49728105665279043,23.681581734651797,2.465970364352885,2.6043358095390334,0.5353898428660688,25.07443886568407,2.450186279844501,0.0,102,901
reward_centered_sarsa,sign_shift,0.05,0.1,0.97,4,2.517983466507056,0.5287852959762575,24.206357373828634,2.456716330334128,2.569932863876842,0.5354739335682436,26.04665935211139,2.433587659676786,0.0,102,901
reward_centered_sarsa,sign_shift,0.05,0.1,0.97,5,2.5813701378868177,0.5185054718662023,25.50626334307669,2.5537652567239775,2.6141244312828347,0.5229030551163678,27.394100281659863,2.4644984083254218,0.0,102,901
reward_centered_sarsa,sign_shift,0.05,0.1,0.97,6,2.5139150228812195,0.5255713855732181,24.546455503903218,2.467471610403256,2.5894992636017817,0.5302740635936061,26.19587081363431,2.441073975807158,0.0,102,901
reward_centered_sarsa,sign_shift,0.05,0.1,0.97,7,2.513959439711156,0.5425818935356048,23.620523101391054,2.4162177535498315,2.61287015832713,0.5275123038410118,26.445915499643036,2.4816889662904194,0.0,102,901
reward_centered_sarsa,sign_shift,0.05,0.1,0.97,8,2.510228550566088,0.5430701335951568,24.697924105392495,2.373938808762721,2.5137190906331783,0.5207149603782738,26.062482229935874,2.3835108298342647,0.0,102,901
reward_centered_sarsa,sign_shift,0.05,0.1,0.97,9,2.6338992805617796,0.52380881514066,23.170870593739686,2.570029595755874,2.593860333344377,0.5462896656838075,25.021445104581524,2.4033092088715677,0.0,102,901
reward_centered_sarsa,sign_shift,0.05,0.1,0.99,0,2.4697292177057504,0.5300420637347765,24.885961031719294,2.4627168991482375,2.568677210138476,0.5238685630623008,26.392544890436387,2.4678343693821443,0.0,102,901
reward_centered_sarsa,sign_shift,0.05,0.1,0.99,1,2.445765024255351,0.519967988878394,24.43207340492929,2.3726562002872944,2.581283350536134,0.5230145052459966,27.128497942695056,2.4513091941163574,0.0,102,901
reward_centered_sarsa,sign_shift,0.05,0.1,0.99,2,2.6597988140070843,0.5207574762248413,25.26768133606286,2.576855858739293,2.5856064450797165,0.5190227095097827,27.255619581358754,2.456337824963446,0.0,102,901
reward_centered_sarsa,sign_shift,0.05,0.1,0.99,3,2.405209284018742,0.5184138585921134,24.162292803127087,2.4085135762902463,2.638846340862296,0.5288206099890949,26.504267428332692,2.469238890626988,0.0,102,901
reward_centered_sarsa,sign_shift,0.05,0.1,0.99,4,2.4514910570652546,0.5174748805584257,24.821554070000293,2.423010362669082,2.597450083636159,0.5283850771616416,26.589947452411817,2.45733720950444,0.0,102,901
reward_centered_sarsa,sign_shift,0.05,0.1,0.99,5,2.5515199056907636,0.5324913028623213,24.364532674874066,2.497943357134489,2.5683146090780427,0.5259723701285418,27.304454414875973,2.4344844462333244,0.0,102,901
reward_centered_sarsa,sign_shift,0.05,0.1,0.99,6,2.6494111235979,0.5579146612437234,24.503373905672895,2.4558882173668155,2.609460322088494,0.5332550952842479,26.370252581523218,2.451873437343104,0.0,102,901
reward_centered_sarsa,sign_shift,0.05,0.1,0.99,7,2.564065778868362,0.5309487092319967,24.421530239918173,2.4613099116026596,2.6619380463722524,0.5193063066401505,28.045094912434422,2.528937874725075,0.0,102,901
reward_centered_sarsa,sign_shift,0.05,0.1,0.99,8,2.5806460648353537,0.5359656772355258,25.41148961631078,2.425845431863328,2.5622503327925528,0.5157122792194181,27.548750400562056,2.454560183447926,0.0,102,901
reward_centered_sarsa,sign_shift,0.05,0.1,0.99,9,2.5741973039369417,0.5299623125702744,23.564145608042285,2.5181438876556927,2.5938099075091117,0.538875488279747,26.28974854705544,2.442444602750081,0.0,102,901
reward_centered_sarsa,sign_shift,0.1,0.001,0.9,0,2.4180249089013732,0.5448014304304959,77.66542973731627,7.233252958594078,2.4554736613319923,0.5378130895287401,62.98221634170757,2.5969891405722114,0.0,102,901
reward_centered_sarsa,sign_shift,0.1,0.001,0.9,1,2.36764677276815,0.5409454592317131,80.94185241934032,7.243450299137723,2.496976828919125,0.5334686063318186,63.60950784691672,2.662827934208145,0.0,102,901
reward_centered_sarsa,sign_shift,0.1,0.001,0.9,2,2.6057341113141494,0.5456420026390375,79.52362317327498,7.345165438526468,2.4954653139413385,0.5320218073423031,64.23931478528954,2.641364133694689,0.0,102,901
reward_centered_sarsa,sign_shift,0.1,0.001,0.9,3,2.46158725628653,0.5131518876037047,81.12225936545423,7.223597118891467,2.574479631904868,0.5446811496092082,65.3228672656537,2.692122373642632,0.0,102,901
reward_centered_sarsa,sign_shift,0.1,0.001,0.9,4,2.3183429649340344,0.53545694176098,77.93445101229754,7.16651262568059,2.4615587303519,0.5456123687546627,62.33269232073266,2.597778765914461,0.0,102,901
reward_centered_sarsa,sign_shift,0.1,0.001,0.9,5,2.51920757361491,0.5347977292318694,81.99225513474288,7.278747851885147,2.491175241450913,0.5369560506347882,62.73909524123733,2.632066904766028,0.0,102,901
reward_centered_sarsa,sign_shift,0.1,0.001,0.9,6,2.623653242794912,0.5224991002792436,80.10825236751158,7.365619967120117,2.5660583741513983,0.5344827208678283,68.39031607470548,2.701407125609892,0.0,102,901
reward_centered_sarsa,sign_shift,0.1,0.001,0.9,7,2.574070337797722,0.5327007656287068,77.97696337239896,7.264582837525443,2.540905004770613,0.5389946920036853,65.34739883239641,2.6691053206880846,0.0,102,901
reward_centered_sarsa,sign_shift,0.1,0.001,0.9,8,2.3763293592815113,0.5379637807264281,81.6923498454588,7.100585442989894,2.4128181314282937,0.5291183434415371,64.0309508689956,2.5765525400293225,0.0,102,901
reward_centered_sarsa,sign_shift,0.1,0.001,0.9,9,2.584085692165178,0.53120374662251,79.91219153702488,7.373301511086316,2.5694135830779326,0.5323695291703469,67.66749907971993,2.6914666912361334,0.0,102,901
reward_centered_sarsa,sign_shift,0.1,0.001,0.97,0,2.508886886393049,0.5260343090810379,82.40801935444581,7.248370092060284,2.5085176953820856,0.5338068802821239,115.22674026496625,2.6473823152985787,0.0,102,901
reward_centered_sarsa,sign_shift,0.1,0.001,0.97,1,2.4695588198915437,0.517634300851802,83.46188612581602,7.261244007947146,2.559148985656243,0.5358743776901872,114.82453014394063,2.6706028519428586,0.0,102,901
reward_centered_sarsa,sign_shift,0.1,0.001,0.97,2,2.5380342124680433,0.5601886659271306,89.26701925804774,7.264540166485731,2.482575433865474,0.5424784941123642,114.5748188076993,2.6308815423346257,0.0,102,901
reward_centered_sarsa,sign_shift,0.1,0.001,0.97,3,2.4418591420070848,0.5121808685203008,86.16095176010109,7.296184339480285,2.614802264564048,0.538499703659143,116.51628692879581,2.734479548197103,0.0,102,901
reward_centered_sarsa,sign_shift,0.1,0.001,0.97,4,2.60867327655995,0.5116487592305077,83.83844458500694,7.365596434912834,2.5747734795086137,0.5252743187498811,116.12578512150169,2.7409769949557,0.0,102,901
reward_centered_sarsa,sign_shift,0.1,0.001,0.97,5,2.516175890639529,0.5353350214543018,83.92268826336932,7.287823907250225,2.5494738991714976,0.527800381568484,115.66774019997202,2.6889713797839945,0.0,102,901
reward_centered_sarsa,sign_shift,0.1,0.001,0.97,6,2.678627472921726,0.5156232338967461,87.10470308448683,7.361466871232843,2.6001799528205,0.518629456431291,115.19390845103752,2.777224090775956,0.0,102,901
reward_centered_sarsa,sign_shift,0.1,0.001,0.97,7,2.5434073714523717,0.5176799510693865,85.13627689068042,7.155879741609738,2.6070810708756844,0.5272977449007963,115.90925222237166,2.7641440050691326,0.0,102,901
reward_centered_sarsa,sign_shift,0.1,0.001,0.97,8,2.7574382242267834,0.5460108101999203,89.01930516820907,7.3370525058612,2.5431499440320025,0.5376835860978475,116.07491759169895,2.6451197683004777,0.0,102,901
reward_centered_sarsa,sign_shift,0.1,0.001,0.97,9,2.6469486309496886,0.522736058314522,88.16947176988936,7.391810354611852,2.5453635897414637,0.5424932956473048,115.75097136030446,2.6576168423590487,0.0,102,901
reward_centered_sarsa,sign_shift,0.1,0.001,0.99,0,2.613197902781449,0.5220543733623713,84.03130388990503,7.248379973300368,2.573705370014805,0.50395928034495,141.99661643950972,2.7578600082691227,0.0,102,901
reward_centered_sarsa,sign_shift,0.1,0.001,0.99,1,2.4445774729305265,0.5222765277658825,85.02473527516423,7.265722273218554,2.4921973211099737,0.542228890247567,143.89301432617034,2.6243511794615046,0.0,102,901
reward_centered_sarsa,sign_shift,0.1,0.001,0.99,2,2.5747778305478497,0.5237268519606657,87.9484035567429,7.2376419814695945,2.55176649881973,0.5170262724568816,145.07189330324564,2.7362375481396137,0.0,102,901
reward_centered_sarsa,sign_shift,0.1,0.001,0.99,3,2.550587618109978,0.48793856884879855,85.8590230532755,7.252389312229853,2.631172884939044,0.528080789423084,141.62647458776658,2.7557136413241796,0.0,102,901
reward_centered_sarsa,sign_shift,0.1,0.001,0.99,4,2.559276239504007,0.4993971522185899,85.81041658899939,7.347785581467511,2.604592259616382,0.521647623835605,142.12851370141735,2.7437609117617336,0.0,102,901
reward_centered_sarsa,sign_shift,0.1,0.001,0.99,5,2.5773353904062484,0.5345500990429776,85.4085627758196,7.313704217058025,2.5530749255463165,0.5267243212575503,143.33717578357877,2.727839762586382,0.0,102,901
reward_centered_sarsa,sign_shift,0.1,0.001,0.99,6,2.5745193177536456,0.5253627572336164,85.99774900731636,7.3089191389357655,2.5830078080252536,0.5353342012276238,145.47665827707877,2.7005911291234574,0.0,102,901
reward_centered_sarsa,sign_shift,0.1,0.001,0.99,7,2.6378295123414333,0.5123773431670569,85.21054812736183,7.2162910084553165,2.613130659227195,0.5300780859441729,139.6478320387799,2.727164114393078,0.0,102,901
reward_centered_sarsa,sign_shift,0.1,0.001,0.99,8,2.476387444090929,0.48097929259834404,94.9324634840974,7.137229332186774,2.4908867732430497,0.4805321043428344,145.47626319179096,2.7963060964010125,0.0,102,901
reward_centered_sarsa,sign_shift,0.1,0.001,0.99,9,2.4916308925526236,0.4999764016886604,91.43925714474626,7.2626867916960824,2.539719292513767,0.5182043703855824,144.4714952518508,2.759715740073225,0.0,102,901
reward_centered_sarsa,sign_shift,0.1,0.003,0.9,0,2.4987876786889154,0.5384906683071364,52.304499187311094,4.326698717487733,2.545220621259521,0.5348359718385097,31.278308403981377,2.6237882587096437,0.0,102,901
reward_centered_sarsa,sign_shift,0.1,0.003,0.9,1,2.2746133372849378,0.5555107194091785,52.40436950634669,4.252517934416669,2.4950036397457795,0.5409622094721224,31.094781582730608,2.5833979170379693,0.0,102,901
reward_centered_sarsa,sign_shift,0.1,0.003,0.9,2,2.6080509811538373,0.5478521392069446,52.13868899291801,4.320073761373075,2.519556800178714,0.5375264865614836,31.92360083980245,2.5832465375430513,0.0,102,901
reward_centered_sarsa,sign_shift,0.1,0.003,0.9,3,2.4311997038805995,0.489574850198395,53.38301486187321,4.378093384014025,2.5505957935051677,0.5490061225246018,30.8751382850701,2.596450909164289,0.0,102,901
reward_centered_sarsa,sign_shift,0.1,0.003,0.9,4,2.3913139726448582,0.5266624809205179,52.741061037051665,4.288034131874725,2.5597351029332396,0.5378191143768443,32.11705211216676,2.633923439521922,0.0,102,901
reward_centered_sarsa,sign_shift,0.1,0.003,0.9,5,2.545150287137221,0.5376263463798586,52.13655119935954,4.31614578197753,2.565849398325883,0.5295344269730844,33.7169499806982,2.642905873153577,0.0,102,901
reward_centered_sarsa,sign_shift,0.1,0.003,0.9,6,2.491597963668414,0.5262194534942964,54.84527385512844,4.352560283083746,2.5250230163713723,0.5452806167957581,33.38327938239504,2.577181646234785,0.0,102,901
reward_centered_sarsa,sign_shift,0.1,0.003,0.9,7,2.458750061084238,0.5372161774520001,52.524149116791,4.2943586415410415,2.5425564736847774,0.5409994386626436,31.415539364266817,2.6150796709637776,0.0,102,901
reward_centered_sarsa,sign_shift,0.1,0.003,0.9,8,2.600888997883509,0.5360942625520798,53.426744053383004,4.248748925335792,2.513897025706579,0.5248068241095083,33.02275378651969,2.608394181395396,0.0,102,901
reward_centered_sarsa,sign_shift,0.1,0.003,0.9,9,2.5409369224178238,0.5504147318638453,53.01158240456263,4.383309496264639,2.5621633818597056,0.5441210015206972,33.5852039351037,2.6233028467165838,0.0,102,901
reward_centered_sarsa,sign_shift,0.1,0.003,0.97,0,2.56735489511878,0.5424415273690318,58.62834962658724,4.292053887006826,2.5245460531938564,0.5126106092910234,46.437320656840626,2.6533685638166458,0.0,102,901
reward_centered_sarsa,sign_shift,0.1,0.003,0.97,1,2.4586350983533745,0.5345482211019177,59.82105687438965,4.3299636563062585,2.5723564926882503,0.5289636414519536,47.261697394396315,2.655171760629601,0.0,102,901
reward_centered_sarsa,sign_shift,0.1,0.003,0.97,2,2.604850818610656,0.5361076007289977,58.40224250860982,4.385836137473254,2.568546924000518,0.5248442272840347,46.642166200746736,2.713459479838322,0.0,102,901
reward_centered_sarsa,sign_shift,0.1,0.003,0.97,3,2.516887153722413,0.49637545716346304,57.00725227434461,4.331554418930434,2.6240199426473527,0.5390966628893218,47.03008167824228,2.659361895263144,0.0,102,901
reward_centered_sarsa,sign_shift,0.1,0.003,0.97,4,2.4881649112471744,0.4926711679915173,60.804464510285754,4.392501050175555,2.565669764570001,0.5210679386693109,47.66753951107584,2.7108130680157467,0.0,102,901
reward_centered_sarsa,sign_shift,0.1,0.003,0.97,5,2.4542372942528643,0.5181724211071134,57.24248668524483,4.307629592796575,2.519936323063626,0.5318443536660599,46.940364545207764,2.6538560021059796,0.0,102,901
reward_centered_sarsa,sign_shift,0.1,0.003,0.97,6,2.6435852066360694,0.5515355680274979,57.99070810000613,4.405134588253604,2.591419395894728,0.5248837903535608,47.392472332421356,2.711645478063182,0.0,102,901
reward_centered_sarsa,sign_shift,0.1,0.003,0.97,7,2.5112947228432003,0.5227674200077166,58.12598557272938,4.255506390996125,2.5844683177699426,0.5379333741613122,46.42688649242322,2.6807715932121594,0.0,102,901
reward_centered_sarsa,sign_shift,0.1,0.003,0.97,8,2.5851783717989245,0.5394940179181904,57.98891212622688,4.25202796176076,2.521370904883526,0.5165056383968982,46.69906371957612,2.6629990961263768,0.0,102,901
reward_centered_sarsa,sign_shift,0.1,0.003,0.97,9,2.5381165203346843,0.5337381475253532,59.60026641893304,4.447980982304379,2.5876189078219984,0.5309764317536961,48.14062139760378,2.6744597060849467,0.0,102,901
reward_centered_sarsa,sign_shift,0.1,0.003,0.99,0,2.5875237571728085,0.4970313047059415,61.18440400077916,4.42969151548622,2.5933465760338827,0.5059165633578562,58.369084639897814,2.7432672638304862,0.0,102,901
reward_centered_sarsa,sign_shift,0.1,0.003,0.99,1,2.538206735895948,0.5124581548928384,60.652249605945926,4.4056484032727115,2.5735779190831445,0.5261056717207794,55.43291136388378,2.6734490306851617,0.0,102,901
reward_centered_sarsa,sign_shift,0.1,0.003,0.99,2,2.652696941842294,0.5286020732233342,60.6220137738747,4.403946098763744,2.6153164858047724,0.5094045943962766,57.993912045203835,2.772031668341242,0.0,102,901
reward_centered_sarsa,sign_shift,0.1,0.003,0.99,3,2.4860623493370855,0.5179349560473755,58.802974546883846,4.303664783553391,2.612176952861085,0.5384997051974459,56.05010042424016,2.6568318209636423,0.0,102,901
reward_centered_sarsa,sign_shift,0.1,0.003,0.99,4,2.487235783410314,0.5018090181305139,59.18911914108884,4.353602888046207,2.535321503779326,0.5226932646968889,54.7020814950051,2.643857366694732,0.0,102,901
reward_centered_sarsa,sign_shift,0.1,0.003,0.99,5,2.623828974058473,0.5013668515629018,55.73400640510015,4.393161841916488,2.6113166249804243,0.5188464047716252,55.4500430303101,2.731163440229528,0.0,102,901
reward_centered_sarsa,sign_shift,0.1,0.003,0.99,6,2.657097947047429,0.5529130694115696,62.2271696773511,4.407696386745301,2.5638047641755786,0.5307305165415174,56.785831449152404,2.6924012309856513,0.0,102,901
reward_centered_sarsa,sign_shift,0.1,0.003,0.99,7,2.5548503713131345,0.5143012910782714,61.42462248756958,4.336159135976407,2.613298889178746,0.5229283956205928,56.60101806155793,2.7779580507562427,0.0,102,901
reward_centered_sarsa,sign_shift,0.1,0.003,0.99,8,2.6556602798450246,0.5165573196993312,59.55538208242139,4.313629527286392,2.5887901278067647,0.525695347385777,57.140995903106855,2.686303244436266,0.0,102,901
reward_centered_sarsa,sign_shift,0.1,0.003,0.99,9,2.5824479771134436,0.5464073833608802,59.65186225743595,4.381591543651963,2.5737171579294698,0.527416363734546,56.15078789999087,2.6767988055643053,0.0,102,901
reward_centered_sarsa,sign_shift,0.1,0.01,0.9,0,2.5267392303104876,0.535803238680004,30.2812679046688,3.101598406072615,2.515667492072691,0.5341930528965938,26.487380799452943,2.5956167849365785,0.0,102,901
reward_centered_sarsa,sign_shift,0.1,0.01,0.9,1,2.3977785327301517,0.5419763146966087,30.12284792806784,2.9475319766184436,2.5187743516395957,0.5393502137090505,26.579710872053923,2.5691709134589686,0.0,102,901
reward_centered_sarsa,sign_shift,0.1,0.01,0.9,2,2.5085242780177173,0.5608547516898823,29.828557581272804,2.9991139140550964,2.5648414374292656,0.5301884993767507,27.10228019909971,2.6377322683383326,0.0,102,901
reward_centered_sarsa,sign_shift,0.1,0.01,0.9,3,2.3912606215732084,0.5184339273004045,28.04689609238762,2.990429321174035,2.6018632982868626,0.5453181433776365,24.95012010611111,2.6138071383534154,0.0,102,901
reward_centered_sarsa,sign_shift,0.1,0.01,0.9,4,2.38725246394883,0.5205200380654658,31.151654601206072,3.083624740103513,2.5543752937073627,0.537821298776249,26.305628722916595,2.612084004054746,0.0,102,901
reward_centered_sarsa,sign_shift,0.1,0.01,0.9,5,2.5806478618116615,0.5009027601892151,29.939595681975163,3.2284930054586223,2.5477800934612245,0.5329094713821498,26.63020403295806,2.6297008352504667,0.0,102,901
reward_centered_sarsa,sign_shift,0.1,0.01,0.9,6,2.618942476636041,0.5478966629803543,32.20055671789454,3.173947411906498,2.565053329923708,0.5421866992256856,26.966727294180796,2.626977763905748,0.0,102,901
reward_centered_sarsa,sign_shift,0.1,0.01,0.9,7,2.596678265281481,0.53596271376763,29.480154462533605,3.072855677063551,2.5991574690927943,0.5454754646415468,25.363234210825798,2.6329029120398832,0.0,102,901
reward_centered_sarsa,sign_shift,0.1,0.01,0.9,8,2.721827366319635,0.5544452510581175,30.66129570269821,3.1770754606691676,2.55609635651268,0.5385762883580296,25.760263464194676,2.5884748550313357,0.0,102,901
reward_centered_sarsa,sign_shift,0.1,0.01,0.9,9,2.541212021263116,0.5177352472182711,31.46158256887639,3.1000294441461924,2.525139841595733,0.5382761644097885,26.701894437968058,2.5692910561193867,0.0,102,901
reward_centered_sarsa,sign_shift,0.1,0.01,0.97,0,2.5459651958979435,0.5307113835464221,33.51210435215474,3.091662354759465,2.5761175838894737,0.5232535778010996,31.14867557019565,2.6737102566999043,0.0,102,901
reward_centered_sarsa,sign_shift,0.1,0.01,0.97,1,2.4791050251827587,0.5092328921619834,32.12185332743708,3.075872547990969,2.5713019548014313,0.5322528058777678,30.40444474321744,2.6444455801217135,0.0,102,901
reward_centered_sarsa,sign_shift,0.1,0.01,0.97,2,2.66102119024549,0.5411699487037479,32.7694777952935,3.1857605680799392,2.595162407952727,0.5287439289480759,30.893718625357614,2.6755779900916212,0.0,102,901
reward_centered_sarsa,sign_shift,0.1,0.01,0.97,3,2.4456503243272785,0.5119924577870901,31.08615336998584,2.98412022392772,2.620706519149326,0.5415381988999521,28.70921496217591,2.65476471480096,0.0,102,901
reward_centered_sarsa,sign_shift,0.1,0.01,0.97,4,2.362063283894465,0.5267408028691515,34.00636823760471,2.99291438309149,2.5738809229832404,0.536785622521601,30.014019391967697,2.625289706843998,0.0,102,901
reward_centered_sarsa,sign_shift,0.1,0.01,0.97,5,2.471344707549806,0.5342562085033633,32.66609639645509,3.0066046189172164,2.5797149106464228,0.5211842062306925,31.27450792232687,2.6731259051200777,0.0,102,901
reward_centered_sarsa,sign_shift,0.1,0.01,0.97,6,2.6517346513429088,0.5475044678326393,33.563581539529594,3.2206652921901977,2.5787033967529793,0.5339872399411418,30.406925927735287,2.6542567583203107,0.0,102,901
reward_centered_sarsa,sign_shift,0.1,0.01,0.97,7,2.463330589635908,0.5259065180407689,32.68027263268913,2.978036234615948,2.620072435640023,0.5283903002168726,31.11900317016299,2.693471746265149,0.0,102,901
reward_centered_sarsa,sign_shift,0.1,0.01,0.97,8,2.707744414924074,0.5196853935400304,33.17928243221066,3.2537863233227644,2.5719814320375365,0.5271394375338645,31.511465755559524,2.6542112021641975,0.0,102,901
reward_centered_sarsa,sign_shift,0.1,0.01,0.97,9,2.602362051779087,0.5163466972315816,34.44581108272851,3.188776763256368,2.5673321240898157,0.5360484570493104,30.04882614251723,2.662661256342193,0.0,102,901
reward_centered_sarsa,sign_shift,0.1,0.01,0.99,0,2.5417929242181354,0.5340602165111723,34.57734542335261,3.0846888489538715,2.5727816660264637,0.5312984633688994,32.57117442707397,2.655300566596835,0.0,102,901
reward_centered_sarsa,sign_shift,0.1,0.01,0.99,1,2.459043227488956,0.49462665221661534,33.85138805726857,3.071495870329604,2.6086254601887413,0.5198843510043095,33.131027851676485,2.7086787455364814,0.0,102,901
reward_centered_sarsa,sign_shift,0.1,0.01,0.99,2,2.6547412014373695,0.5361653286432712,36.76761670051862,3.206075865257327,2.572503061194916,0.5065141028425085,34.55812931612337,2.727423458658142,0.0,102,901
reward_centered_sarsa,sign_shift,0.1,0.01,0.99,3,2.432296379987357,0.5073055342704609,34.16425647570988,3.0533913223537583,2.618025178576735,0.5334489189763234,32.280970330478496,2.680750341617024,0.0,102,901
reward_centered_sarsa,sign_shift,0.1,0.01,0.99,4,2.497820275981633,0.4948781569012994,37.65033948343385,3.2113270707258086,2.61712063730507,0.5195128905646035,34.469881867893136,2.72640862222429,0.0,102,901
reward_centered_sarsa,sign_shift,0.1,0.01,0.99,5,2.5970618951573203,0.49370248805784495,35.48396751436068,3.222535743496504,2.588639618240627,0.5242733855736211,33.01302778507648,2.6919250812266835,0.0,102,901
reward_centered_sarsa,sign_shift,0.1,0.01,0.99,6,2.6352670953564172,0.5120202005092501,37.9168876254769,3.3606835450492056,2.5774831456102443,0.5208932776716563,35.194744101702874,2.6965614409202394,0.0,102,901
reward_centered_sarsa,sign_shift,0.1,0.01,0.99,7,2.6625639297757515,0.5293161537229942,34.623246429622014,3.1352471914781503,2.5985672349886957,0.5440326585826413,32.25546368238052,2.6544617036671436,0.0,102,901
reward_centered_sarsa,sign_shift,0.1,0.01,0.99,8,2.7275532215576805,0.5289615316448026,34.33812395072007,3.2237186506005107,2.5952919113844657,0.518944859115148,33.278245338432114,2.6860633500882876,0.0,102,901
reward_centered_sarsa,sign_shift,0.1,0.01,0.99,9,2.614953723952383,0.5255815324740916,38.54431277852442,3.1748537278916293,2.634807598778255,0.5172759940901259,35.596553395444055,2.7409688944636796,0.0,102,901
reward_centered_sarsa,sign_shift,0.1,0.03,0.9,0,2.4730666191073487,0.5608959889993878,26.993080152545765,2.6398613520202834,2.494986721965821,0.5230788329713972,26.04805276431845,2.551811009192176,0.0,102,901
reward_centered_sarsa,sign_shift,0.1,0.03,0.9,1,2.381189794800621,0.5377057365793866,25.668443458377276,2.5853534639949447,2.555704944166648,0.5287999494491956,26.08545182752362,2.5708789887248154,0.0,102,901
reward_centered_sarsa,sign_shift,0.1,0.03,0.9,2,2.573281903313137,0.5603607136318962,25.874966619333435,2.7144504749059877,2.531888137718152,0.5311544187025941,26.21674305043692,2.5550707345438184,0.0,102,901
reward_centered_sarsa,sign_shift,0.1,0.03,0.9,3,2.4356494230447447,0.5166161808249882,23.35247061993772,2.6304695325619307,2.579985141062176,0.550316488043744,24.42716284719485,2.5497503564074315,0.0,102,901
reward_centered_sarsa,sign_shift,0.1,0.03,0.9,4,2.4672556935136947,0.5311728635948317,25.35896609291168,2.750736027085476,2.540493656843241,0.5403365170109807,24.404966969110117,2.5608040251378803,0.0,102,901
reward_centered_sarsa,sign_shift,0.1,0.03,0.9,5,2.568312086812999,0.5218810563736898,24.043546660791577,2.7915543485959105,2.5391974354141538,0.5388616656464558,25.196442797274223,2.5656998982365793,0.0,102,901
reward_centered_sarsa,sign_shift,0.1,0.03,0.9,6,2.4527729781414944,0.5345787329445694,25.838836855458222,2.6602051099413635,2.5562263541603447,0.5404257910919908,25.727946518601946,2.551144003328519,0.0,102,901
reward_centered_sarsa,sign_shift,0.1,0.03,0.9,7,2.5006007623411883,0.534714918931034,24.55491793247004,2.696172921547319,2.54453358193131,0.5428985378092938,25.757106641102233,2.531810776178984,0.0,102,901
reward_centered_sarsa,sign_shift,0.1,0.03,0.9,8,2.6832236015802935,0.5359256049776713,25.155900334499233,2.7892224629505757,2.5319176599756616,0.5400214063825338,25.79680477054929,2.5101440116443534,0.0,102,901
reward_centered_sarsa,sign_shift,0.1,0.03,0.9,9,2.6100681130663888,0.5222794673045268,25.374573312063653,2.850239778124725,2.5649701294801783,0.5442454068024304,25.90324772710984,2.5317767161203872,0.0,102,901
reward_centered_sarsa,sign_shift,0.1,0.03,0.97,0,2.515268022769399,0.5571383632930889,27.863658788570202,2.668865300205609,2.5365458926352633,0.505648352596736,29.646656173968474,2.6659053493653895,0.0,102,901
reward_centered_sarsa,sign_shift,0.1,0.03,0.97,1,2.526302577070398,0.5166674282819247,28.110417048820448,2.735996413508748,2.5678691065492214,0.5289583926240939,28.618046549515046,2.607911126458247,0.0,102,901
reward_centered_sarsa,sign_shift,0.1,0.03,0.97,2,2.6769873346496595,0.5459442128637852,29.44874157036782,2.7959848669574665,2.575551802216473,0.5240060314501196,29.78295063789504,2.6044064090514096,0.0,102,901
reward_centered_sarsa,sign_shift,0.1,0.03,0.97,3,2.48646817049222,0.4928685970408791,28.435549067701025,2.7739720027844346,2.5998802755400767,0.5345449286804841,28.363779256411807,2.599809390215112,0.0,102,901
reward_centered_sarsa,sign_shift,0.1,0.03,0.97,4,2.562983905540921,0.501053983690535,31.24431021358786,2.8269376312636876,2.556804385637195,0.5343210318001745,28.8560191504514,2.577069596179072,0.0,102,901
reward_centered_sarsa,sign_shift,0.1,0.03,0.97,5,2.543240364905658,0.5100705199114521,29.70619867631623,2.736486265443784,2.5806369690878346,0.528516037225729,29.39563980782164,2.6159939723620727,0.0,102,901
reward_centered_sarsa,sign_shift,0.1,0.03,0.97,6,2.591670693325623,0.5161721561761073,29.988697078457935,2.8519118082760886,2.542416202880478,0.5337442275219755,29.50072519373306,2.5920288944275667,0.0,102,901
reward_centered_sarsa,sign_shift,0.1,0.03,0.97,7,2.497253025722705,0.5303326194884194,28.125187022171996,2.7354556859060746,2.640029310822837,0.5231898749133148,29.838849588942047,2.6873834885662706,0.0,102,901
reward_centered_sarsa,sign_shift,0.1,0.03,0.97,8,2.4999832428043907,0.5450679270500715,28.460143947238304,2.6223150554129466,2.5372386142413803,0.5188203992227802,30.509753040074983,2.6063026168600736,0.0,102,901
reward_centered_sarsa,sign_shift,0.1,0.03,0.97,9,2.5535834746299417,0.536483020216831,28.04847854086846,2.727465682793987,2.5974048013313715,0.5285258955763709,30.447075957699976,2.6094324741128396,0.0,102,901
reward_centered_sarsa,sign_shift,0.1,0.03,0.99,0,2.533111576729899,0.5014824254486677,30.057584101526047,2.8071363810946446,2.5899646476855858,0.5139503333745484,30.77862743604686,2.668118148316109,0.0,102,901
reward_centered_sarsa,sign_shift,0.1,0.03,0.99,1,2.429635925553378,0.5139674528282657,27.004096055929757,2.635171083079943,2.5623696983861675,0.5316461086808351,29.460651064669037,2.5915964708590944,0.0,102,901
reward_centered_sarsa,sign_shift,0.1,0.03,0.99,2,2.5600955613842755,0.5546358250715194,29.961318986253417,2.7271779645229604,2.5194870119068145,0.5251858668639002,30.858403821469913,2.5794853887619924,0.0,102,901
reward_centered_sarsa,sign_shift,0.1,0.03,0.99,3,2.5000771300920066,0.4810275826875085,29.81723258594385,2.8650801085539044,2.598642934803392,0.5326289185729571,28.684687253020197,2.625323986929637,0.0,102,901
reward_centered_sarsa,sign_shift,0.1,0.03,0.99,4,2.519758791422681,0.5096776607078457,30.234836666530374,2.799883210739051,2.5830585950672074,0.5214181809973754,29.94965935087436,2.665318827300411,0.0,102,901
reward_centered_sarsa,sign_shift,0.1,0.03,0.99,5,2.6625733941145837,0.5046487714252238,29.43718531101078,2.901850189580814,2.591524566619718,0.5173394295794471,31.105562534981914,2.6492827445698186,0.0,102,901
reward_centered_sarsa,sign_shift,0.1,0.03,0.99,6,2.6123648684793634,0.503238396646336,32.56940387975376,2.8736978899018544,2.6008456337977384,0.5071291068718806,33.44857067191505,2.6899845214972657,0.0,102,901
reward_centered_sarsa,sign_shift,0.1,0.03,0.99,7,2.5752641056751155,0.5201008565753481,28.446371612445105,2.8720123375158684,2.594805010758639,0.5322388747571148,30.680363129908955,2.669617403938191,0.0,102,901
reward_centered_sarsa,sign_shift,0.1,0.03,0.99,8,2.7061222781799756,0.520514641047507,29.286712166604573,2.861332084551098,2.5711774723863643,0.5194823735458596,30.171018289564138,2.6185807862957122,0.0,102,901
reward_centered_sarsa,sign_shift,0.1,0.03,0.99,9,2.6025411631994326,0.5101052020560869,29.745843861586874,2.89791076844372,2.621482747169007,0.5306370014671751,30.534034556632488,2.6448884220895104,0.0,102,901
reward_centered_sarsa,sign_shift,0.1,0.1,0.9,0,2.586607177573333,0.517373121350005,25.109048832483086,2.5278585270876506,2.530466417378612,0.5405992994444441,25.23079107365945,2.3702244961304983,0.0,102,901
reward_centered_sarsa,sign_shift,0.1,0.1,0.9,1,2.434412294693587,0.5168036352572467,23.970661654309563,2.4273624796918396,2.5356712821954517,0.5431559755573521,25.44612917226324,2.3506352918381883,0.0,102,901
reward_centered_sarsa,sign_shift,0.1,0.1,0.9,2,2.5916044654249726,0.549223738460263,24.371124277147025,2.4624401884963705,2.5468487153044452,0.534560238072121,26.03427886886162,2.4095512279467557,0.0,102,901
reward_centered_sarsa,sign_shift,0.1,0.1,0.9,3,2.475678582435822,0.4989965220848249,24.561291899150145,2.507187501383542,2.560758662603448,0.548432979516262,24.655298538930854,2.366246554245372,0.0,102,901
reward_centered_sarsa,sign_shift,0.1,0.1,0.9,4,2.4336318521837312,0.5115926132274259,25.809745477133628,2.389460764169605,2.5810930967080323,0.5325807065829182,26.195998885080442,2.407603219875838,0.0,102,901
reward_centered_sarsa,sign_shift,0.1,0.1,0.9,5,2.4213329121299028,0.5543737182556988,24.233476813481467,2.269770530674423,2.5557903148972865,0.5373653134508748,26.324848235340692,2.3856598174128334,0.0,102,901
reward_centered_sarsa,sign_shift,0.1,0.1,0.9,6,2.582318164666687,0.5332507255296192,25.786596672924833,2.5022199026742333,2.5472672233057025,0.5430154610929834,25.756607707030508,2.376458094482946,0.0,102,901
reward_centered_sarsa,sign_shift,0.1,0.1,0.9,7,2.5537676274016534,0.5412281694857861,25.01806460025078,2.441555051159322,2.5934837780852686,0.536463787703283,26.47868803758188,2.430182389945769,0.0,102,901
reward_centered_sarsa,sign_shift,0.1,0.1,0.9,8,2.522942635321776,0.551583965645191,23.21532497050535,2.382463755887813,2.5096024266738866,0.5449971241816709,25.151787859260615,2.327354578642094,0.0,102,901
reward_centered_sarsa,sign_shift,0.1,0.1,0.9,9,2.592034225088368,0.5294282214327514,24.16280785423665,2.547963057121658,2.5896913873211425,0.5422366059865243,26.071272728945193,2.402433730956639,0.0,102,901
reward_centered_sarsa,sign_shift,0.1,0.1,0.97,0,2.638115236763927,0.5285610853518481,29.14038044429694,2.5422782707173845,2.5539854860448448,0.5114947585294661,30.821205829328168,2.4432643991486973,0.0,102,901
reward_centered_sarsa,sign_shift,0.1,0.1,0.97,1,2.5312855182074556,0.4990117261390331,27.305995866006647,2.5007938883450067,2.5877089605940387,0.5190217542515978,30.101390882669147,2.47144347106359,0.0,102,901
reward_centered_sarsa,sign_shift,0.1,0.1,0.97,2,2.64454537370923,0.5409429655399306,29.07976200558038,2.521703459149341,2.596003694682113,0.5093484322664289,31.97155843512154,2.4907540172387903,0.0,102,901
reward_centered_sarsa,sign_shift,0.1,0.1,0.97,3,2.41698974952192,0.4955379782947497,27.202091073813843,2.47920653763936,2.662488881959542,0.5221806116486388,29.92745069469566,2.5543135098270002,0.0,102,901
reward_centered_sarsa,sign_shift,0.1,0.1,0.97,4,2.443931725402678,0.5184366930192106,28.100974886401126,2.3609183490527204,2.591954080549314,0.5248471278363666,29.6164781045246,2.45810097782206,0.0,102,901
reward_centered_sarsa,sign_shift,0.1,0.1,0.97,5,2.515715012929421,0.5402599299883895,27.9649352757143,2.3974056220270006,2.6106169796069736,0.5172656772134918,31.165996879117692,2.4930378952447114,0.0,102,901
reward_centered_sarsa,sign_shift,0.1,0.1,0.97,6,2.6121161081956887,0.5180155145092115,29.594836534686742,2.5762596130369646,2.5924471528261623,0.5221962407663325,30.586463224648018,2.469125441638571,0.0,102,901
reward_centered_sarsa,sign_shift,0.1,0.1,0.97,7,2.495079592139407,0.5442156616349113,26.95567671840495,2.3348884004488455,2.621151632931249,0.5343632391238553,29.076223495301182,2.4738222140674746,0.0,102,901
reward_centered_sarsa,sign_shift,0.1,0.1,0.97,8,2.6740632976533916,0.5262705904537112,26.735536462400106,2.483554309696509,2.604258286398651,0.5113680280078657,30.829886046191554,2.4765548728982605,0.0,102,901
reward_centered_sarsa,sign_shift,0.1,0.1,0.97,9,2.722881120705352,0.4964438095376276,29.09466504975258,2.7400589099204162,2.6432391865764875,0.5206764854852309,31.33686430466702,2.497661336599737,0.0,102,901
reward_centered_sarsa,sign_shift,0.1,0.1,0.99,0,2.615748309321732,0.5283005474955685,30.340536742732848,2.6055509205120417,2.572184141102678,0.503653315562315,31.872327247401653,2.500910528554805,0.0,102,901
reward_centered_sarsa,sign_shift,0.1,0.1,0.99,1,2.459923299750281,0.49837474188538716,31.366860379606987,2.489782895419542,2.607389345856186,0.5069689871497643,32.21155476637726,2.5363580875524065,0.0,102,901
reward_centered_sarsa,sign_shift,0.1,0.1,0.99,2,2.654839477802852,0.5495991004507783,30.050429549582127,2.4729644546839955,2.5656591778057725,0.503498302094439,32.92448773552649,2.4771025031088714,0.0,102,901
reward_centered_sarsa,sign_shift,0.1,0.1,0.99,3,2.420087430130881,0.515405666210754,28.427550974453005,2.3664017057681517,2.6386219251839087,0.5335081406424971,29.493022611744948,2.4848385108078075,0.0,102,901
reward_centered_sarsa,sign_shift,0.1,0.1,0.99,4,2.4270940632133575,0.5016762751912734,31.25245331953681,2.470629010122912,2.6182646453097083,0.5160893766552893,32.115230017032694,2.5066307849394747,0.0,102,901
reward_centered_sarsa,sign_shift,0.1,0.1,0.99,5,2.544069458580467,0.48811302679149804,31.75613757372623,2.566821100724659,2.6318668617436867,0.5153254815875441,33.29466011984923,2.53202910902486,0.0,102,901
reward_centered_sarsa,sign_shift,0.1,0.1,0.99,6,2.5879300257217603,0.5162706458194529,30.59136524740883,2.5695164489256404,2.6065849370155774,0.5236534538998002,31.948464577338243,2.4777595184365344,0.0,102,901
reward_centered_sarsa,sign_shift,0.1,0.1,0.99,7,2.5707708566427176,0.5229757523982904,30.964859710652927,2.491302025381056,2.6189270438107264,0.5066461060046743,33.75518404065723,2.5539835269405087,0.0,102,901
reward_centered_sarsa,sign_shift,0.1,0.1,0.99,8,2.7607848638761143,0.520553764519141,31.199062742219724,2.6101072760041575,2.5974294662210298,0.5169534505821691,32.19856698771557,2.489980837809573,0.0,102,901
reward_centered_sarsa,sign_shift,0.1,0.1,0.99,9,2.5596298488614715,0.5374314053110304,28.11637776585062,2.4616549467104516,2.5952494374329165,0.5271434490465385,31.87023630182257,2.4774035216218846,0.0,102,901
reward_centered_sarsa,up_shift,0.02,0.001,0.9,0,2.5520274023185463,0.5377548787197525,24.747012378123227,4.985728976176879,2.541589390610732,0.5431724826383796,29.27653138155986,2.5714202957178967,0.0,102,901
reward_centered_sarsa,up_shift,0.02,0.001,0.9,1,2.306702460558807,0.5401091556575844,24.00991619244666,4.917777256258646,2.4861159984951495,0.5555265089962104,29.200420225343734,2.544795300471884,0.0,102,901
reward_centered_sarsa,up_shift,0.02,0.001,0.9,2,2.549958465343607,0.5753471226016645,25.23978010286236,4.950544896235633,2.461559196678143,0.5453970283136058,29.57575018737823,2.531168661868659,0.0,102,901
reward_centered_sarsa,up_shift,0.02,0.001,0.9,3,2.3127148683235244,0.526758125220328,24.242556595601272,4.908725345756994,2.5145744616606795,0.5615177726173336,29.033117347745645,2.564210358198268,0.0,102,901
reward_centered_sarsa,up_shift,0.02,0.001,0.9,4,2.4747997893182636,0.5440048431382598,25.210222020498712,4.99331159203679,2.4889651193988165,0.5567891300573573,29.28256191150313,2.534324156361487,0.0,102,901
reward_centered_sarsa,up_shift,0.02,0.001,0.9,5,2.4281753342924306,0.553268307225767,24.01058884324392,4.933982976557956,2.466148005626317,0.5512380530761924,29.113144256319394,2.5439893563669935,0.0,102,901
reward_centered_sarsa,up_shift,0.02,0.001,0.9,6,2.316961667414286,0.5518446065802783,24.73727090832725,4.916175464710291,2.4031398589474793,0.5675735497304156,29.498644681273756,2.424701966174612,0.0,102,901
reward_centered_sarsa,up_shift,0.02,0.001,0.9,7,2.4521020262038307,0.5570183592004662,24.10650975201567,4.854246821210337,2.4935789912820097,0.5560032936171545,28.857666918296488,2.5470572660996496,0.0,102,901
reward_centered_sarsa,up_shift,0.02,0.001,0.9,8,2.527121304746406,0.5573344936885674,24.871461630520287,4.89257389203216,2.4471624941370216,0.5541822574468344,28.921057161331177,2.4919887767566333,0.0,102,901
reward_centered_sarsa,up_shift,0.02,0.001,0.9,9,2.411307921078722,0.5600264540359424,24.726308421702345,5.01653879527129,2.505458608295951,0.5553833740792112,29.29736237880923,2.5477849316868877,0.0,102,901
reward_centered_sarsa,up_shift,0.02,0.001,0.97,0,2.476291388968034,0.5623135077438984,27.056533452388557,4.896132842084699,2.4329632824787972,0.5392828229018549,36.52165016652547,2.5258971864774242,0.0,102,901
reward_centered_sarsa,up_shift,0.02,0.001,0.97,1,2.287031582094746,0.5520334916746316,27.006514048774047,4.925615781624896,2.4752108484790325,0.5540314117142888,37.1022140368365,2.5403386730080704,0.0,102,901
reward_centered_sarsa,up_shift,0.02,0.001,0.97,2,2.522629067920676,0.5724776210103086,27.558860165634005,4.930106574528496,2.4339300576377396,0.5461094367956157,37.13890746323035,2.5121521006707686,0.0,102,901
reward_centered_sarsa,up_shift,0.02,0.001,0.97,3,2.3428177267847845,0.5283212286519656,26.538773020592387,4.892471955675331,2.528528150320436,0.5621212969344735,37.12622308784138,2.5737008955403504,0.0,102,901
reward_centered_sarsa,up_shift,0.02,0.001,0.97,4,2.4303983815802868,0.5393479928566179,27.31144301454592,5.014283209178204,2.4749310443267087,0.5542635640461815,36.78837339057313,2.551333784018373,0.0,102,901
reward_centered_sarsa,up_shift,0.02,0.001,0.97,5,2.329290085670321,0.5653029183575834,25.617087837005013,4.867601897612744,2.3552253570824506,0.5627815413163939,35.935871676822494,2.3591626050874335,0.0,102,901
reward_centered_sarsa,up_shift,0.02,0.001,0.97,6,2.4823712415503736,0.5434776839567967,27.357246488290826,4.968709218776996,2.4771829533396934,0.560066091706342,36.935704294902855,2.5433251077150385,0.0,102,901
reward_centered_sarsa,up_shift,0.02,0.001,0.97,7,2.4331177756491074,0.5516202988524284,27.311173272669976,4.8456438046489,2.5279039380601103,0.5647161853650604,36.998278061315105,2.5675442531702712,0.0,102,901
reward_centered_sarsa,up_shift,0.02,0.001,0.97,8,2.46748576305762,0.5567815281480348,27.764115448056245,4.8575797872492,2.4232256840788575,0.5438489692940015,36.87101597014976,2.5093256952984047,0.0,102,901
reward_centered_sarsa,up_shift,0.02,0.001,0.97,9,2.5059278135859766,0.5645706235624722,27.522254836160744,5.058746576507566,2.4949538148990182,0.5575256042223602,37.02320080937553,2.542365148556809,0.0,102,901
reward_centered_sarsa,up_shift,0.02,0.001,0.99,0,2.36213076356852,0.5505388719034748,27.94173222459395,4.926938820918954,2.4885753140814995,0.5510302549212153,40.75851357753018,2.5530982711945827,0.0,102,901
reward_centered_sarsa,up_shift,0.02,0.001,0.99,1,2.2867945307420197,0.5525612269020646,27.735164015680937,4.9180908441281534,2.4693459326806315,0.5530197884182136,40.41944769203596,2.5383994415016966,0.0,102,901
reward_centered_sarsa,up_shift,0.02,0.001,0.99,2,2.5777164324933213,0.5647190715650922,28.433881664823556,4.9686045335920435,2.4842908417417475,0.5489869731622588,40.47615515395673,2.5612427331046215,0.0,102,901
reward_centered_sarsa,up_shift,0.02,0.001,0.99,3,2.2903091871126624,0.5235526749488905,26.954284756835367,4.912401897899956,2.5538913223418964,0.5629431099354482,40.59867200272421,2.603738354271193,0.0,102,901
reward_centered_sarsa,up_shift,0.02,0.001,0.99,4,2.37328409001105,0.5400635782588722,28.309073168255345,4.9641660484019745,2.4843031916407177,0.5565795057742247,40.501880739158366,2.5469168001796625,0.0,102,901
reward_centered_sarsa,up_shift,0.02,0.001,0.99,5,2.409243087047696,0.5535129621852094,27.3155647898131,4.912007097039441,2.468528338891305,0.5503179015974977,39.887645054052854,2.5467481917830193,0.0,102,901
reward_centered_sarsa,up_shift,0.02,0.001,0.99,6,2.4757262373153552,0.5420477767408607,28.429515421616507,4.98354382692585,2.4735222535897696,0.5582592358591931,40.35372290421711,2.5479818211152248,0.0,102,901
reward_centered_sarsa,up_shift,0.02,0.001,0.99,7,2.437437646875041,0.5567067368985741,28.322496570433124,4.8377477004873946,2.502439306743115,0.5555763570841602,40.782520630470835,2.5582412397013585,0.0,102,901
reward_centered_sarsa,up_shift,0.02,0.001,0.99,8,2.607730176259076,0.5702099157242638,28.91866986878138,4.9549103474096,2.487771525152171,0.5590456725253924,40.72919230931626,2.52657228845085,0.0,102,901
reward_centered_sarsa,up_shift,0.02,0.001,0.99,9,2.4861415084843554,0.5621377481616383,28.200616753780025,5.051185185740668,2.4992947921832673,0.5572879063545801,40.278730714958755,2.5488136089028233,0.0,102,901
reward_centered_sarsa,up_shift,0.02,0.003,0.9,0,2.4464205830563714,0.5401807251136066,20.33187363415302,3.289711337300317,2.5526431214180607,0.541719925608989,20.700275102803108,2.5988834954141278,0.0,102,901
reward_centered_sarsa,up_shift,0.02,0.003,0.9,1,2.444991472150883,0.5286968477489697,20.18127190197023,3.3416883472288363,2.5037607049130854,0.5545503404408372,20.55006942886372,2.5852486455989805,0.0,102,901
reward_centered_sarsa,up_shift,0.02,0.003,0.9,2,2.4491636137104047,0.5756501762486457,19.64027306801576,3.2314512110708584,2.4563147286809714,0.5533005854344701,20.384074087066622,2.537454239700078,0.0,102,901
reward_centered_sarsa,up_shift,0.02,0.003,0.9,3,2.37674506249614,0.5260073028369782,19.6524163829636,3.230213693734524,2.5326838254344968,0.5583910021425342,19.7405742876448,2.576738204119316,0.0,102,901
reward_centered_sarsa,up_shift,0.02,0.003,0.9,4,2.3573263233961277,0.5370270476897323,20.746252281635158,3.2741385138277272,2.5117855036858687,0.55329538793275,20.848606346756263,2.5708859936124804,0.0,102,901
reward_centered_sarsa,up_shift,0.02,0.003,0.9,5,2.602620208749576,0.5207379940788821,20.80075169743467,3.4352766465130626,2.5580877199015037,0.5414984656482271,21.27382620347312,2.6160357726187353,0.0,102,901
reward_centered_sarsa,up_shift,0.02,0.003,0.9,6,2.473879136792608,0.5417503756813442,20.744413511741858,3.389368943091256,2.526566091900973,0.5484542718610417,20.706724505894982,2.5930545747485043,0.0,102,901
reward_centered_sarsa,up_shift,0.02,0.003,0.9,7,2.573443231219361,0.5427483550166097,21.007881556623786,3.2814666940031625,2.592636877876356,0.5539386422705834,20.525490779884922,2.6196751438745576,0.0,102,901
reward_centered_sarsa,up_shift,0.02,0.003,0.9,8,2.526069684072857,0.5404439142029194,21.064779071821057,3.2668325358386285,2.506664768569026,0.5348748173172236,21.270340568684958,2.5762747044108343,0.0,102,901
reward_centered_sarsa,up_shift,0.02,0.003,0.9,9,2.4443985017834065,0.5609527811713407,20.492878215022955,3.339642213910639,2.50640245931382,0.553247195384372,20.699086758408367,2.575839381704785,0.0,102,901
reward_centered_sarsa,up_shift,0.02,0.003,0.97,0,2.510298745744373,0.5288497779455144,21.912711345144707,3.336245129382306,2.5499286861645527,0.5387626453521794,23.224951965865223,2.6219528097531586,0.0,102,901
reward_centered_sarsa,up_shift,0.02,0.003,0.97,1,2.433340826133367,0.5254503338091535,21.422262254576946,3.3599404349541393,2.491578908735029,0.5510243799061927,22.536706181416914,2.573052411089311,0.0,102,901
reward_centered_sarsa,up_shift,0.02,0.003,0.97,2,2.530906635818817,0.5619738276262399,21.409921369687023,3.3438328680313507,2.498444941378286,0.5499407204069088,22.319855431035265,2.6040331595687065,0.0,102,901
reward_centered_sarsa,up_shift,0.02,0.003,0.97,3,2.3645900793998984,0.5307825469075378,20.854629837437944,3.23755070598997,2.550798944984063,0.5598414149462878,21.866696863248333,2.60122814450561,0.0,102,901
reward_centered_sarsa,up_shift,0.02,0.003,0.97,4,2.367070037557284,0.536556533077133,21.45847867677891,3.271459603179227,2.4923893494641334,0.5558112122665297,22.43062942033505,2.564223403931382,0.0,102,901
reward_centered_sarsa,up_shift,0.02,0.003,0.97,5,2.4734541698605645,0.5344471851892394,21.00686950094468,3.3229551642796324,2.47117136561094,0.5544075347923954,22.52511721365035,2.56060203977106,0.0,102,901
reward_centered_sarsa,up_shift,0.02,0.003,0.97,6,2.56678294850666,0.5504443514492644,21.97021306827649,3.39014345455818,2.577434782445947,0.5477113163460046,23.207235229150132,2.606918253780747,0.0,102,901
reward_centered_sarsa,up_shift,0.02,0.003,0.97,7,2.5185335444650705,0.5428541951815885,21.757952656727575,3.294476556770934,2.588510871392939,0.5460389721559031,23.125404112348424,2.631894270220089,0.0,102,901
reward_centered_sarsa,up_shift,0.02,0.003,0.97,8,2.578798847385463,0.5513087563655995,21.17451319958578,3.2923544865318286,2.4721666395877944,0.550122076100763,22.213927434384125,2.5528084252069045,0.0,102,901
reward_centered_sarsa,up_shift,0.02,0.003,0.97,9,2.481168223518412,0.5594747853024815,21.395175932622845,3.371545195895104,2.5250132821545157,0.5568400294070038,22.659235911308283,2.5881655931602827,0.0,102,901
reward_centered_sarsa,up_shift,0.02,0.003,0.99,0,2.510659333157402,0.5391572490772043,22.694695139865964,3.331700162303701,2.5458165756845927,0.5418131096829731,24.093828970365927,2.5951654410804066,0.0,102,901
reward_centered_sarsa,up_shift,0.02,0.003,0.99,1,2.4279192263584406,0.5419540050057816,22.369445341563022,3.28790479043245,2.532646734095619,0.5400925484128659,24.17042183902196,2.5876432906654254,0.0,102,901
reward_centered_sarsa,up_shift,0.02,0.003,0.99,2,2.5991767062354336,0.5604665269434782,23.067983854275848,3.3925265237617577,2.533894864635042,0.5332647780649019,25.25141241079925,2.6155651627009218,0.0,102,901
reward_centered_sarsa,up_shift,0.02,0.003,0.99,3,2.4063577491916748,0.5135683770351642,21.261691073438264,3.3334412038438845,2.496080548942053,0.5670462213727114,22.739503600846966,2.545817885078367,0.0,102,901
reward_centered_sarsa,up_shift,0.02,0.003,0.99,4,2.344048441641789,0.5399043864814691,21.91529032513133,3.2531928654247375,2.470154875023782,0.5563178644401777,23.378219653276705,2.5550104154627977,0.0,102,901
reward_centered_sarsa,up_shift,0.02,0.003,0.99,5,2.565277245949912,0.522568550704901,22.229869331954724,3.415073617864423,2.5521118081176035,0.5422737925883726,24.154083538436232,2.61088708569538,0.0,102,901
reward_centered_sarsa,up_shift,0.02,0.003,0.99,6,2.6109158564947155,0.5582698377158658,22.53399138301069,3.4032244925875488,2.572414423097291,0.5442758944172162,24.29982782846261,2.6229214117287887,0.0,102,901
reward_centered_sarsa,up_shift,0.02,0.003,0.99,7,2.4464733719351757,0.5526520793333248,21.66960469567231,3.243922489974227,2.5062858195524007,0.556148295763872,23.624893132943793,2.580931508478444,0.0,102,901
reward_centered_sarsa,up_shift,0.02,0.003,0.99,8,2.6368909319400142,0.5435881010366872,21.85744310645315,3.3171138063148335,2.522727636021609,0.54460051127045,23.77195552171902,2.5618875937451615,0.0,102,901
reward_centered_sarsa,up_shift,0.02,0.003,0.99,9,2.48164861901645,0.5354013925885175,22.54029615644353,3.298995147700846,2.565702721384943,0.5460161588807937,23.909373712030053,2.606565895673054,0.0,102,901
reward_centered_sarsa,up_shift,0.02,0.01,0.9,0,2.4874671434151874,0.5652482272419226,18.34310588360827,2.7428306102394386,2.4804683937323007,0.5328649018401002,19.534612295929254,2.575581961065804,0.0,102,901
reward_centered_sarsa,up_shift,0.02,0.01,0.9,1,2.4097073636684057,0.5375611786960259,18.924193118099776,2.661390654046744,2.5232462713195716,0.5438331289671797,19.927485983346244,2.550547514604587,0.0,102,901
reward_centered_sarsa,up_shift,0.02,0.01,0.9,2,2.5352062162589646,0.5614172555381008,18.4647075260365,2.8107900320759622,2.5342364598362126,0.540517829644572,19.71040074118991,2.611642255966894,0.0,102,901
reward_centered_sarsa,up_shift,0.02,0.01,0.9,3,2.33428766838409,0.5281385931296236,17.962927406200556,2.6499621542328122,2.5298176899103435,0.5619901461395787,18.97129590187532,2.560048963673281,0.0,102,901
reward_centered_sarsa,up_shift,0.02,0.01,0.9,4,2.4848167807718857,0.5250691917379723,18.909390067346063,2.8379618375000835,2.5369977612769414,0.5473548796792919,19.222040290792265,2.585517484454187,0.0,102,901
reward_centered_sarsa,up_shift,0.02,0.01,0.9,5,2.4423997480769204,0.5515218010414205,17.881583193687565,2.734328454066184,2.4639077385600543,0.5514589565862926,19.60937073474986,2.5416231317932487,0.0,102,901
reward_centered_sarsa,up_shift,0.02,0.01,0.9,6,2.4294850445135046,0.5402259347027616,18.761591248343755,2.840148445683026,2.5184591780332526,0.5494664584124905,19.883494267989626,2.566917603092419,0.0,102,901
reward_centered_sarsa,up_shift,0.02,0.01,0.9,7,2.4783132130121004,0.555741390405508,18.06814481927217,2.7229573653300965,2.516790262622229,0.5521260315474467,19.346873365428905,2.5749878306073373,0.0,102,901
reward_centered_sarsa,up_shift,0.02,0.01,0.9,8,2.3244153999995407,0.560051438541015,18.682381622341108,2.5336672344877615,2.443049607156727,0.5462989442193493,19.809946193623894,2.531749665689713,0.0,102,901
reward_centered_sarsa,up_shift,0.02,0.01,0.9,9,2.4487951076223515,0.5619546894776395,18.302817095834236,2.735409999346983,2.5222419634637636,0.5497862763811467,19.365854067279752,2.5663627617141866,0.0,102,901
reward_centered_sarsa,up_shift,0.02,0.01,0.97,0,2.5307908732994906,0.5538920356242129,19.3648619177511,2.7736559097111195,2.517167658143762,0.525329129341384,21.03937115330736,2.612965730468024,0.0,102,901
reward_centered_sarsa,up_shift,0.02,0.01,0.97,1,2.2857452716819213,0.554712447933774,19.724346884607023,2.582602207176354,2.4939132993884203,0.5485802147996516,20.77872148733134,2.558422768195359,0.0,102,901
reward_centered_sarsa,up_shift,0.02,0.01,0.97,2,2.538256941601297,0.5486962673944915,20.544158084044373,2.8549308284946364,2.5285995377821044,0.5356591420265923,22.00788815718676,2.5848191692398346,0.0,102,901
reward_centered_sarsa,up_shift,0.02,0.01,0.97,3,2.401289830670563,0.5169731307550108,19.093597322886882,2.7030379398875284,2.6342125359649478,0.5513703169777046,20.616123697575325,2.637615302891786,0.0,102,901
reward_centered_sarsa,up_shift,0.02,0.01,0.97,4,2.4291157554677087,0.5264920968479326,19.863014955649273,2.772679431627818,2.5551258591524495,0.544489203614301,21.134900897602577,2.5838486712511517,0.0,102,901
reward_centered_sarsa,up_shift,0.02,0.01,0.97,5,2.413302623103955,0.5517430096694237,18.64932452867161,2.7225077850550754,2.5287773249066965,0.5408943260055737,20.82614296067961,2.5920628457790365,0.0,102,901
reward_centered_sarsa,up_shift,0.02,0.01,0.97,6,2.644552909704506,0.5588381510032526,19.422378664950845,2.8672409886181374,2.579914968154559,0.5447643199604322,20.945375930059285,2.6174148168265625,0.0,102,901
reward_centered_sarsa,up_shift,0.02,0.01,0.97,7,2.471290722329868,0.5400272234746142,18.933988709567046,2.7156396272936507,2.597972327217445,0.5555292737755297,20.267095765030703,2.6017157350162687,0.0,102,901
reward_centered_sarsa,up_shift,0.02,0.01,0.97,8,2.461362704680842,0.553402244642261,20.016639946869745,2.7193731741372553,2.4499588272368156,0.5412974997345533,21.036483866878573,2.547642566856956,0.0,102,901
reward_centered_sarsa,up_shift,0.02,0.01,0.97,9,2.4839073301975687,0.56505413279382,19.058962259186046,2.7660113607243773,2.5362114099833653,0.5459576286438422,20.68173223098283,2.5904946390747523,0.0,102,901
reward_centered_sarsa,up_shift,0.02,0.01,0.99,0,2.5093665586627703,0.5349856733545453,19.5421272557063,2.784958007887578,2.5521239335331405,0.5405601192917565,20.88933638906252,2.5979050691319534,0.0,102,901
reward_centered_sarsa,up_shift,0.02,0.01,0.99,1,2.248974780741496,0.5563077402127009,19.50854151079135,2.528848271441015,2.499413464096474,0.5476197194847224,20.784869371621426,2.555861515862538,0.0,102,901
reward_centered_sarsa,up_shift,0.02,0.01,0.99,2,2.5854637243789274,0.5487314013086471,19.5045258475523,2.837190931180712,2.5456170822050104,0.5366814434285061,21.50136982295076,2.610603029919087,0.0,102,901
reward_centered_sarsa,up_shift,0.02,0.01,0.99,3,2.3505329071349834,0.5258073163769462,19.23645861913124,2.671795719764421,2.5625834898335778,0.5560630961857245,20.429117798377504,2.588393491545344,0.0,102,901
reward_centered_sarsa,up_shift,0.02,0.01,0.99,4,2.468224632312323,0.5277240398585201,20.378013310710454,2.816079557815178,2.5403601484863296,0.5451786599087856,21.017035475285866,2.594852267332999,0.0,102,901
reward_centered_sarsa,up_shift,0.02,0.01,0.99,5,2.4913741547839257,0.5324728586595999,19.56369443108651,2.842422387371161,2.5066576933484317,0.553083442705255,21.056915470381494,2.5770203229664346,0.0,102,901
reward_centered_sarsa,up_shift,0.02,0.01,0.99,6,2.5483964816153435,0.529782188931986,20.12575004654822,2.8890524263622916,2.5606869356798887,0.5464662842527942,21.975229092890707,2.5865208948537477,0.0,102,901
reward_centered_sarsa,up_shift,0.02,0.01,0.99,7,2.5117578882143166,0.5414694976579384,19.245987845647953,2.7566267292352746,2.592316174797449,0.5519920859070291,20.73899650322488,2.607661403098747,0.0,102,901
reward_centered_sarsa,up_shift,0.02,0.01,0.99,8,2.64798693145801,0.5425641744175158,19.755139983110542,2.8603294547157274,2.548382359951603,0.5453263603286505,21.492738418115092,2.564760462177916,0.0,102,901
reward_centered_sarsa,up_shift,0.02,0.01,0.99,9,2.4842649616585075,0.5373197183506908,19.1402663128746,2.8235613638666366,2.541692663258793,0.5522102424688601,20.430001162735213,2.5769588187217485,0.0,102,901
reward_centered_sarsa,up_shift,0.02,0.03,0.9,0,2.3825404484648196,0.5555986123677807,17.84636223992809,2.461818003775142,2.5273061041506715,0.5447503028562167,19.084995275881848,2.5269836317064898,0.0,102,901
reward_centered_sarsa,up_shift,0.02,0.03,0.9,1,2.306830249981638,0.5524332498444025,18.442259339454427,2.4261061516589724,2.5142774762040916,0.5467411909800901,19.611583045940943,2.5056827885425323,0.0,102,901
reward_centered_sarsa,up_shift,0.02,0.03,0.9,2,2.5273971751224384,0.5764062928232586,18.437914255426932,2.5979912151531694,2.4826805937676495,0.5419132148147594,19.943865560251663,2.504860844817494,0.0,102,901
reward_centered_sarsa,up_shift,0.02,0.03,0.9,3,2.3506206821744904,0.5322423064444017,17.64208651651851,2.5153619563867444,2.5300756765167325,0.5572046312247102,18.951739382608444,2.496735709036922,0.0,102,901
reward_centered_sarsa,up_shift,0.02,0.03,0.9,4,2.503201720000527,0.529403173337788,18.117826923528273,2.594018915227169,2.5193381894055653,0.547125492198957,19.15727736867993,2.534239278468081,0.0,102,901
reward_centered_sarsa,up_shift,0.02,0.03,0.9,5,2.5198183891339743,0.5421551326253977,17.811936328391166,2.5870321560923237,2.544991123048806,0.5378075092966126,19.951545273588945,2.5478860852119154,0.0,102,901
reward_centered_sarsa,up_shift,0.02,0.03,0.9,6,2.461584573779483,0.5437185842015794,18.192335940047496,2.6247634759254983,2.5116034423774845,0.5543284442712219,19.284165590828376,2.5066207077815896,0.0,102,901
reward_centered_sarsa,up_shift,0.02,0.03,0.9,7,2.4380418601225613,0.5547816483687218,17.887436884574765,2.5439494296782423,2.5252152472815466,0.5546715957323738,19.328255644861606,2.526531958094524,0.0,102,901
reward_centered_sarsa,up_shift,0.02,0.03,0.9,8,2.6131369561598476,0.5395241577800387,17.84804344924114,2.645893398455469,2.487014076725575,0.5508737798773732,19.567832260946535,2.4871187816159774,0.0,102,901
reward_centered_sarsa,up_shift,0.02,0.03,0.9,9,2.520374240459365,0.5368449428847745,17.56058011381497,2.6970962048474467,2.5317121454621576,0.5541251982386559,19.195438016627982,2.5199884464653564,0.0,102,901
reward_centered_sarsa,up_shift,0.02,0.03,0.97,0,2.4288733843342687,0.5498194835522661,18.855144937886294,2.5281331883539324,2.5097765860870873,0.547477045861998,20.123806548708163,2.5122833092004004,0.0,102,901
reward_centered_sarsa,up_shift,0.02,0.03,0.97,1,2.386689741336399,0.5228730533868733,18.18375017479592,2.5206706348565557,2.5621042613874723,0.5459542687286774,20.296604770993515,2.5419018294887485,0.0,102,901
reward_centered_sarsa,up_shift,0.02,0.03,0.97,2,2.539842957296811,0.5632752134683401,18.9030702215822,2.609528119788245,2.557851085775328,0.5399095020034382,20.870471059631825,2.5933090323523786,0.0,102,901
reward_centered_sarsa,up_shift,0.02,0.03,0.97,3,2.37053909553884,0.5305863981091186,18.558727637541317,2.5209683784687242,2.58231492188088,0.5542331319457021,20.088954791321584,2.541625036674338,0.0,102,901
reward_centered_sarsa,up_shift,0.02,0.03,0.97,4,2.4013333111074457,0.5261751334331414,19.111101724133928,2.5144828830953188,2.571222846398318,0.5414595197607223,20.993610241748883,2.569225004117846,0.0,102,901
reward_centered_sarsa,up_shift,0.02,0.03,0.97,5,2.5901620384604747,0.5200501347243613,19.69299608267583,2.725909891505578,2.5423331894172487,0.5404276083000289,21.521235077180286,2.544223077754176,0.0,102,901
reward_centered_sarsa,up_shift,0.02,0.03,0.97,6,2.633446810104511,0.5584188434740133,19.209344836719577,2.653665894785576,2.559550408517976,0.546597346809474,21.15248470121608,2.5279368205943307,0.0,102,901
reward_centered_sarsa,up_shift,0.02,0.03,0.97,7,2.4581815653150407,0.5395120248413144,18.468399986571562,2.540416434565972,2.6052467877279004,0.5528454935010281,20.07969892404386,2.562125180265953,0.0,102,901
reward_centered_sarsa,up_shift,0.02,0.03,0.97,8,2.485482398369173,0.5440148206257429,19.45501191934188,2.4894728471060565,2.5138146872129834,0.5346492189177037,21.221123521435644,2.5265919825093492,0.0,102,901
reward_centered_sarsa,up_shift,0.02,0.03,0.97,9,2.5510486259311227,0.5555831476978125,18.78344954382874,2.5773210262811124,2.570027333558607,0.5434427867727936,20.818063514030467,2.559984849246539,0.0,102,901
reward_centered_sarsa,up_shift,0.02,0.03,0.99,0,2.5196866248097347,0.5253476757181698,19.130870135023354,2.6876456849100965,2.514165887354998,0.5432860703078193,20.74532056163203,2.487582575643102,0.0,102,901
reward_centered_sarsa,up_shift,0.02,0.03,0.99,1,2.407938480747769,0.5413425256956655,19.96626897890774,2.46237314225192,2.5394123687842876,0.534810508634003,21.5042950371807,2.563249123799471,0.0,102,901
reward_centered_sarsa,up_shift,0.02,0.03,0.99,2,2.5837146839759337,0.5524637094224173,20.146385860600937,2.6271541818315924,2.5315088057552164,0.5388997184183449,21.77522150632066,2.5401622639399353,0.0,102,901
reward_centered_sarsa,up_shift,0.02,0.03,0.99,3,2.382903031124593,0.5143261250976462,19.25362008059151,2.5253168378300366,2.6341160930235703,0.5448179287889569,21.06953951094166,2.621891540216641,0.0,102,901
reward_centered_sarsa,up_shift,0.02,0.03,0.99,4,2.3204570477277517,0.5414347134556433,18.931911510434617,2.459828018874262,2.535244883587507,0.5500573785243992,20.406145224371237,2.520785197703896,0.0,102,901
reward_centered_sarsa,up_shift,0.02,0.03,0.99,5,2.4394688812638607,0.5231317800748813,19.106638562727937,2.5480241675306083,2.558906426983914,0.5461641384296281,20.815111416751385,2.547830891411517,0.0,102,901
reward_centered_sarsa,up_shift,0.02,0.03,0.99,6,2.6190191638555325,0.5563982387467922,19.336452474609406,2.6386190232118905,2.5808105094916174,0.5453186507238645,21.304481594455375,2.5668035387813455,0.0,102,901
reward_centered_sarsa,up_shift,0.02,0.03,0.99,7,2.4356448335482273,0.5554277730544669,18.815861080561522,2.5396208620444294,2.5386890672451337,0.5505444618525167,20.996364685845816,2.5330339506617823,0.0,102,901
reward_centered_sarsa,up_shift,0.02,0.03,0.99,8,2.617125057676858,0.5427262597364791,19.046300373269737,2.635377389857061,2.5477371777032407,0.5454015815544382,21.19414629699006,2.519831236774898,0.0,102,901
reward_centered_sarsa,up_shift,0.02,0.03,0.99,9,2.586695534310531,0.5222911422140009,18.693980402143726,2.7428168036529685,2.5712140756016115,0.5471502485088032,20.7822472046152,2.5617715453058216,0.0,102,901
reward_centered_sarsa,up_shift,0.02,0.1,0.9,0,2.532911812368039,0.5539282487764681,17.843185626118032,2.3660914992049573,2.496181951777552,0.5298437755615013,19.480234416100565,2.3529693973540398,0.0,102,901
reward_centered_sarsa,up_shift,0.02,0.1,0.9,1,2.404407313253254,0.5291584156374661,17.628429843631395,2.3429016955874404,2.5455680276535504,0.5444100711868656,19.26601884390847,2.372625580201391,0.0,102,901
reward_centered_sarsa,up_shift,0.02,0.1,0.9,2,2.5662963914774997,0.5625117676033191,17.942760050795663,2.4042472828346497,2.5133747125382624,0.5430893692251086,19.52118746792002,2.3477104506621664,0.0,102,901
reward_centered_sarsa,up_shift,0.02,0.1,0.9,3,2.4833568223491054,0.5011501915649739,18.073876497928794,2.456046812151426,2.5251049973893043,0.563332182270141,19.104761753659584,2.3437481471885744,0.0,102,901
reward_centered_sarsa,up_shift,0.02,0.1,0.9,4,2.5606204571119506,0.5387228830475415,18.321739869528464,2.4008510814849715,2.5290715095630287,0.5491881640752864,19.856718077440103,2.3414293224065403,0.0,102,901
reward_centered_sarsa,up_shift,0.02,0.1,0.9,5,2.4253691019084607,0.5524768535325643,17.552037014262453,2.3328960459097576,2.511085981596611,0.5423777223514447,19.4111995144663,2.3389118583285438,0.0,102,901
reward_centered_sarsa,up_shift,0.02,0.1,0.9,6,2.5402538832876647,0.5318366614335414,18.350583956682883,2.419319438682372,2.535832048959711,0.5518042538289503,19.627050551018037,2.3287003577741308,0.0,102,901
reward_centered_sarsa,up_shift,0.02,0.1,0.9,7,2.4770363798702055,0.5565746229261012,17.5768414974651,2.38280941930845,2.5254682978144385,0.553343340370389,19.334563983961466,2.351042027113563,0.0,102,901
reward_centered_sarsa,up_shift,0.02,0.1,0.9,8,2.4565748034558776,0.5399833107741481,18.444099741399086,2.288928627615243,2.491329759216625,0.5323777259914579,20.06349027243282,2.344098627125603,0.0,102,901
reward_centered_sarsa,up_shift,0.02,0.1,0.9,9,2.459845534759972,0.5605091939110963,17.782215645167497,2.32367066552892,2.549222284864927,0.5492162702853121,19.320507027983634,2.358243753572853,0.0,102,901
reward_centered_sarsa,up_shift,0.02,0.1,0.97,0,2.437131664934822,0.5486355017240543,18.499129834052738,2.297310153660203,2.5540349921696843,0.5399375724909592,20.42408791712452,2.3766884880551693,0.0,102,901
reward_centered_sarsa,up_shift,0.02,0.1,0.97,1,2.417076283772785,0.5448025177259868,19.347425069337834,2.267696332982515,2.5464407525097954,0.5413189021206922,21.230209992357896,2.3846352413760785,0.0,102,901
reward_centered_sarsa,up_shift,0.02,0.1,0.97,2,2.5685375180766368,0.5564757642730788,18.596457409565556,2.4136460192408626,2.5290465401901865,0.5387107075883847,20.80449767756482,2.3826163602865575,0.0,102,901
reward_centered_sarsa,up_shift,0.02,0.1,0.97,3,2.352043476916565,0.5264774058359268,18.65348510316964,2.3305021382396074,2.5576617696608954,0.5561128071480687,20.099773503941666,2.3605877450787545,0.0,102,901
reward_centered_sarsa,up_shift,0.02,0.1,0.97,4,2.518861791733227,0.5361258792444575,19.007681750622456,2.3960734815041307,2.558399775902142,0.5481950623073899,20.904176932483697,2.360232535796774,0.0,102,901
reward_centered_sarsa,up_shift,0.02,0.1,0.97,5,2.584380663095673,0.5195116832855612,19.38042344710514,2.5183206325948326,2.5329818618481954,0.540685833113879,21.093691463224427,2.3855045126002703,0.0,102,901
reward_centered_sarsa,up_shift,0.02,0.1,0.97,6,2.58159433473726,0.5317741075431068,19.246792155276243,2.4488737928853612,2.5605273427942943,0.5346140858630328,21.268010208554177,2.421048988039701,0.0,102,901
reward_centered_sarsa,up_shift,0.02,0.1,0.97,7,2.52639320474036,0.540518185017731,18.60792007883051,2.3660980839416026,2.581089280368469,0.5545111698877205,20.583937828573536,2.3922289132036854,0.0,102,901
reward_centered_sarsa,up_shift,0.02,0.1,0.97,8,2.672082205233944,0.5523347422576673,19.130148572508876,2.4107200573519276,2.553133386318383,0.5442484467402955,20.8318521230514,2.376279143228206,0.0,102,901
reward_centered_sarsa,up_shift,0.02,0.1,0.97,9,2.550605816621181,0.5260750068569763,18.39436847048773,2.461863370153547,2.5738258313978584,0.549909752381406,20.45555678478247,2.3870950563577367,0.0,102,901
reward_centered_sarsa,up_shift,0.02,0.1,0.99,0,2.4833175148277107,0.5585592509272324,18.792799190219522,2.3239909713549993,2.4612411088327555,0.5316222062343603,20.563748993194718,2.3824491855225105,0.0,102,901
reward_centered_sarsa,up_shift,0.02,0.1,0.99,1,2.4068598932223058,0.5399895239468483,19.60773009202636,2.2828832151666707,2.555882067332946,0.5284099686904189,21.763250749555525,2.4531829283348774,0.0,102,901
reward_centered_sarsa,up_shift,0.02,0.1,0.99,2,2.627728815720882,0.5500148641734863,18.89927720110051,2.4715627204403727,2.5380640988985608,0.5376244742764856,21.21679425982966,2.3966284229992914,0.0,102,901
reward_centered_sarsa,up_shift,0.02,0.1,0.99,3,2.4031237052774848,0.5131106306729672,19.556289331209108,2.358507793961155,2.618886632630763,0.549002697318266,21.63903803939596,2.426715531039418,0.0,102,901
reward_centered_sarsa,up_shift,0.02,0.1,0.99,4,2.4947161481190134,0.5270151526186577,19.59363388594811,2.400059844146278,2.5490516004566763,0.543808281481021,20.759370896440284,2.3874298784383905,0.0,102,901
reward_centered_sarsa,up_shift,0.02,0.1,0.99,5,2.447942928675942,0.5630796669092337,18.52581060987457,2.293686320696936,2.5308641630525703,0.5419868883804235,20.961297023152188,2.362118618345455,0.0,102,901
reward_centered_sarsa,up_shift,0.02,0.1,0.99,6,2.642477450612358,0.5621361386559762,18.696385207604745,2.4188217959186336,2.5726607571095896,0.5465361296230952,21.281190360933714,2.375615978879502,0.0,102,901
reward_centered_sarsa,up_shift,0.02,0.1,0.99,7,2.46984349019362,0.5607964392127498,18.81320098364591,2.339698465736029,2.567355435239389,0.5436182494091308,21.200483422265577,2.40652207803871,0.0,102,901
reward_centered_sarsa,up_shift,0.02,0.1,0.99,8,2.496728303633179,0.5440246780937275,19.823672401257554,2.3383768317391582,2.5029383974767403,0.5292794556767267,21.705046180703857,2.3782085670379405,0.0,102,901
reward_centered_sarsa,up_shift,0.02,0.1,0.99,9,2.529532689911341,0.5526499190946365,19.015448038229124,2.354082635445225,2.5772290842839856,0.5460388704952728,21.290785196745382,2.3879755859524177,0.0,102,901
reward_centered_sarsa,up_shift,0.05,0.001,0.9,0,2.4713124579623744,0.5404487452869816,39.69299449214768,4.958095501634037,2.5360401512537543,0.5369227934773012,40.76311910569058,2.602935739423395,0.0,102,901
reward_centered_sarsa,up_shift,0.05,0.001,0.9,1,2.404745644232836,0.5404225047944521,40.474871143409885,4.914015396042772,2.5282105449531316,0.5392232660402395,41.12796180991929,2.601344596146974,0.0,102,901
reward_centered_sarsa,up_shift,0.05,0.001,0.9,2,2.5051089543790215,0.560373150866528,40.099960559886924,4.92313284964393,2.4995083817935075,0.545834967480873,40.164869852162134,2.5725418316784663,0.0,102,901
reward_centered_sarsa,up_shift,0.05,0.001,0.9,3,2.465969192552278,0.4972413881972594,39.77468149691395,4.9965984037801885,2.5379263389030213,0.5558746366184913,39.68838640140615,2.5584546076529193,0.0,102,901
reward_centered_sarsa,up_shift,0.05,0.001,0.9,4,2.464986148259033,0.5205727556995974,40.95504193173674,5.005534082037385,2.554249406316507,0.5401867416629418,41.5237534978902,2.640031265828623,0.0,102,901
reward_centered_sarsa,up_shift,0.05,0.001,0.9,5,2.494054900360389,0.5442948201650345,38.372301940954245,4.942513163758077,2.5348765992265445,0.5381660691626683,41.82906415973985,2.5986141491204617,0.0,102,901
reward_centered_sarsa,up_shift,0.05,0.001,0.9,6,2.585605403324579,0.5498873842577447,41.46607681426962,5.026054972308112,2.550481132700058,0.5483287766751352,41.67794086433,2.593298452867037,0.0,102,901
reward_centered_sarsa,up_shift,0.05,0.001,0.9,7,2.4269885679132233,0.5546193873985521,38.45791164433061,4.774998613667551,2.5281475009734033,0.5574099203305133,39.24090758312407,2.5390964470227453,0.0,102,901
reward_centered_sarsa,up_shift,0.05,0.001,0.9,8,2.418753273877735,0.5497025158017538,38.64766622831278,4.828596202137448,2.4321364094168474,0.5375145924565762,40.57464506733457,2.491924289845035,0.0,102,901
reward_centered_sarsa,up_shift,0.05,0.001,0.9,9,2.5284039166332763,0.5522255251692212,40.55660711901154,5.065705357590362,2.5635025248209153,0.546007273275027,41.81551429807352,2.603536742157659,0.0,102,901
reward_centered_sarsa,up_shift,0.05,0.001,0.97,0,2.4570632929731993,0.5392877774020338,47.841713160141495,4.934497322136584,2.5383195950417985,0.538663216589262,64.56112435185236,2.5865948973024997,0.0,102,901
reward_centered_sarsa,up_shift,0.05,0.001,0.97,1,2.3784359312891312,0.5387607535547859,47.464868683188776,4.904868839489267,2.5320779977585257,0.5413735282510336,65.07964077962433,2.5867600053710142,0.0,102,901
reward_centered_sarsa,up_shift,0.05,0.001,0.97,2,2.620897614154481,0.5575027644310349,48.37900041218535,5.016732467473837,2.5301861504128835,0.5397017091551812,64.5837205471204,2.582836779582987,0.0,102,901
reward_centered_sarsa,up_shift,0.05,0.001,0.97,3,2.4610060305386643,0.5014225720476078,47.48028678681742,5.026858811267432,2.558107433070129,0.552499397101646,64.45735801839676,2.579325642633723,0.0,102,901
reward_centered_sarsa,up_shift,0.05,0.001,0.97,4,2.510819491480613,0.5215032334308816,48.4454754530164,4.981494394123198,2.5486326331099285,0.5293123510158528,64.36756434203019,2.667453534251549,0.0,102,901
reward_centered_sarsa,up_shift,0.05,0.001,0.97,5,2.5040396122982407,0.527374139335237,48.27338899639863,4.9571670580284675,2.544549633149836,0.5413375086915001,64.06301472756397,2.603680346771989,0.0,102,901
reward_centered_sarsa,up_shift,0.05,0.001,0.97,6,2.5244622716734013,0.5495264608712296,48.34684993348183,4.992242127227986,2.5532002593375442,0.5363705598072829,63.89103325294572,2.629666395362272,0.0,102,901
reward_centered_sarsa,up_shift,0.05,0.001,0.97,7,2.5484050296907435,0.5453681801388427,48.2293324570229,4.875792707138125,2.582475608011514,0.5475437916429564,64.46866795237476,2.6091945183757095,0.0,102,901
reward_centered_sarsa,up_shift,0.05,0.001,0.97,8,2.463705537322626,0.5545252476605737,47.256180016112104,4.846795775145654,2.428433651350772,0.5397844501005628,63.355129836838266,2.517419120984217,0.0,102,901
reward_centered_sarsa,up_shift,0.05,0.001,0.97,9,2.5753960275681274,0.5539017586631593,48.401000550241626,5.066132658952952,2.562588444985225,0.5442145872050042,64.80613584193709,2.5947664234079095,0.0,102,901
reward_centered_sarsa,up_shift,0.05,0.001,0.99,0,2.531034729506053,0.5492633042255366,50.78014161490126,4.909010060707665,2.5185351006970955,0.5291254937307112,77.10579761029122,2.586801960994969,0.0,102,901
reward_centered_sarsa,up_shift,0.05,0.001,0.99,1,2.3841758936196196,0.5277000117206834,50.047001216620814,4.9217013162051195,2.5624781546479665,0.5449931024442013,78.59365906564535,2.5889054332849457,0.0,102,901
reward_centered_sarsa,up_shift,0.05,0.001,0.99,2,2.571144020825043,0.5495124094581778,52.42395864046966,4.986937000153331,2.533735014190874,0.5409360036137782,78.04979412542214,2.5825750227096558,0.0,102,901
reward_centered_sarsa,up_shift,0.05,0.001,0.99,3,2.4512458760574787,0.5195881666681614,52.54376073585155,4.91675707745082,2.602281776837259,0.5486347917922554,78.48405247055669,2.6279165211218833,0.0,102,901
reward_centered_sarsa,up_shift,0.05,0.001,0.99,4,2.414090975288404,0.5308573745797822,51.12257215276844,4.973538504964634,2.557989022250843,0.5432099728148747,78.37167909977487,2.6050574147091217,0.0,102,901
reward_centered_sarsa,up_shift,0.05,0.001,0.99,5,2.4917593805907163,0.5236211011928104,52.83393671209188,4.949042938143288,2.4670060623790593,0.5452909864812355,79.19016229155902,2.563025634068043,0.0,102,901
reward_centered_sarsa,up_shift,0.05,0.001,0.99,6,2.5478183643291543,0.5146202676347857,52.753513742221074,4.997345316377165,2.5609350995842077,0.5317212522421393,77.48647813097452,2.6638253673082426,0.0,102,901
reward_centered_sarsa,up_shift,0.05,0.001,0.99,7,2.5202120976905418,0.5474002705483175,52.57478840831096,4.8810268911000465,2.5713941468751154,0.5465868758413638,78.27052784975812,2.598525419809452,0.0,102,901
reward_centered_sarsa,up_shift,0.05,0.001,0.99,8,2.4647273527891467,0.5390432335849489,51.339316840127566,4.856816944572998,2.4790500150239425,0.5262141852729132,76.14644706552217,2.635459228710236,0.0,102,901
reward_centered_sarsa,up_shift,0.05,0.001,0.99,9,2.5098516398177733,0.5626997814720797,52.4153937507731,5.100880889019968,2.480709515552238,0.5572435578335667,78.20032572517346,2.526991231028264,0.0,102,901
reward_centered_sarsa,up_shift,0.05,0.003,0.9,0,2.5243168922679806,0.5257409101113973,28.59853654008521,3.386880346865141,2.5192611820234845,0.5408838919428374,25.801391559217254,2.5920680806148124,0.0,102,901
reward_centered_sarsa,up_shift,0.05,0.003,0.9,1,2.4607230756529037,0.5263959628212725,28.485026100978406,3.3472444718765795,2.5165809579810934,0.5417508547042392,24.881493979299062,2.6055964176319706,0.0,102,901
reward_centered_sarsa,up_shift,0.05,0.003,0.9,2,2.599283352103044,0.5480602619597678,28.5797990358589,3.3781561178659705,2.5724124001939668,0.532190484023148,25.034267422441687,2.6592048403645783,0.0,102,901
reward_centered_sarsa,up_shift,0.05,0.003,0.9,3,2.3511768355405747,0.5274950027233557,27.992048681412253,3.2307348998601118,2.5449771764320226,0.5551454257597083,24.335119462436385,2.598703242322114,0.0,102,901
reward_centered_sarsa,up_shift,0.05,0.003,0.9,4,2.5673676647879358,0.5376604935935184,29.685352345121235,3.3965380868765087,2.538589362813788,0.5447542749375064,25.203685734892847,2.5873091639525136,0.0,102,901
reward_centered_sarsa,up_shift,0.05,0.003,0.9,5,2.5179571235377183,0.5302177504371858,28.58952750721441,3.3137154191487603,2.516752799440934,0.5496174761785901,24.275656328478917,2.5651041387729117,0.0,102,901
reward_centered_sarsa,up_shift,0.05,0.003,0.9,6,2.5307148006986147,0.574575909607128,29.936241944766845,3.303518986165404,2.4957885967271056,0.5529453788088279,25.741959130599938,2.514635723965459,0.0,102,901
reward_centered_sarsa,up_shift,0.05,0.003,0.9,7,2.534900107100327,0.5390808760329487,28.45271591890194,3.261077234574769,2.605895582963194,0.5484345829938448,24.92474569013698,2.6245380369568245,0.0,102,901
reward_centered_sarsa,up_shift,0.05,0.003,0.9,8,2.6687816035065977,0.5425953413107809,29.258134260202812,3.3782350127979397,2.5426065276692524,0.5433196301639206,25.639105708303635,2.582091890727189,0.0,102,901
reward_centered_sarsa,up_shift,0.05,0.003,0.9,9,2.6334372561743145,0.5231553630307852,29.217181604046917,3.4208293384122133,2.576719262100844,0.54690988243454,25.0106615189136,2.6162535138985676,0.0,102,901
reward_centered_sarsa,up_shift,0.05,0.003,0.97,0,2.566563118914458,0.5429773482437321,33.399300338839474,3.4101867845698233,2.528189613935943,0.5159064463605788,31.8059851655788,2.6786686955467363,0.0,102,901
reward_centered_sarsa,up_shift,0.05,0.003,0.97,1,2.393009969822862,0.5421928698847368,32.9991986013685,3.267937824156527,2.5169603771268934,0.5437850194453168,32.14013853945677,2.5699985548813027,0.0,102,901
reward_centered_sarsa,up_shift,0.05,0.003,0.97,2,2.5757993648077466,0.5602787343981204,32.57303307993217,3.350697556698615,2.5489819562248623,0.535131804036688,31.035306789731905,2.6469967353336563,0.0,102,901
reward_centered_sarsa,up_shift,0.05,0.003,0.97,3,2.4486324352618123,0.502527107923983,31.784044936740695,3.30636174803194,2.5994412917037346,0.5468163450419934,31.314961013332766,2.6671232209648763,0.0,102,901
reward_centered_sarsa,up_shift,0.05,0.003,0.97,4,2.49945514410866,0.5212690835404207,33.35143035601113,3.368400915223625,2.579561443794684,0.5334091566918647,31.617437350573585,2.6896826521905433,0.0,102,901
reward_centered_sarsa,up_shift,0.05,0.003,0.97,5,2.4983851713634264,0.54177278022717,31.555678836813108,3.302933394027696,2.5514319878463096,0.531861588771234,31.476028340621987,2.6494364965452606,0.0,102,901
reward_centered_sarsa,up_shift,0.05,0.003,0.97,6,2.585295913952267,0.5195865492790165,34.37942146107763,3.4974838932594725,2.575417353665633,0.527706630754465,32.421738130807356,2.7101850170101756,0.0,102,901
reward_centered_sarsa,up_shift,0.05,0.003,0.97,7,2.4945868903887485,0.5251224951082993,33.56212401048386,3.283553473419005,2.6084553013211744,0.5400189720988745,31.18994209908615,2.6916947215033282,0.0,102,901
reward_centered_sarsa,up_shift,0.05,0.003,0.97,8,2.555035597351646,0.5439767673089378,33.48231929900393,3.286110062166535,2.494011638942302,0.5285458656149518,31.506299750607113,2.598926780831448,0.0,102,901
reward_centered_sarsa,up_shift,0.05,0.003,0.97,9,2.578767971651912,0.5488526617352645,32.555148092175116,3.383352287993755,2.602002988673188,0.5303008754777835,31.6562266607773,2.662654856767837,0.0,102,901
reward_centered_sarsa,up_shift,0.05,0.003,0.99,0,2.503175141020253,0.5247320180370267,34.30488992988613,3.351067884670899,2.58071542933994,0.5260568817721121,35.92987511134393,2.697843354570831,0.0,102,901
reward_centered_sarsa,up_shift,0.05,0.003,0.99,1,2.3650985098080373,0.5367725623287009,34.179055715437514,3.2517637639191874,2.5372104491914103,0.5349072994831204,34.83640692982614,2.6353415276717556,0.0,102,901
reward_centered_sarsa,up_shift,0.05,0.003,0.99,2,2.5500605852347,0.5374863267967422,35.00575386345937,3.3816858119119027,2.557460791487708,0.5263527735079299,35.384984252759686,2.710913211590042,0.0,102,901
reward_centered_sarsa,up_shift,0.05,0.003,0.99,3,2.4411184430754993,0.4899983676138375,34.12493768736428,3.3625025677970437,2.6945196392683677,0.5245193794799272,36.32605218362661,2.767589716539622,0.0,102,901
reward_centered_sarsa,up_shift,0.05,0.003,0.99,4,2.500945834540724,0.5323331320355897,33.95593569235553,3.3478122917748756,2.56806391214546,0.5447024284334925,35.46878032258575,2.62873083145161,0.0,102,901
reward_centered_sarsa,up_shift,0.05,0.003,0.99,5,2.6068852848630155,0.5121944165142744,33.81377080883165,3.4566907108515146,2.566980938491614,0.5366087823424748,35.374654429665505,2.6553445893609475,0.0,102,901
reward_centered_sarsa,up_shift,0.05,0.003,0.99,6,2.6429960344800594,0.5442635550904551,36.078928375128015,3.478587089030889,2.596897469224954,0.5335367768565947,36.068605454013074,2.6940513410603506,0.0,102,901
reward_centered_sarsa,up_shift,0.05,0.003,0.99,7,2.536608037328582,0.5439767102865027,33.25345099508963,3.288537635886677,2.573263735144238,0.5428346254278427,35.13863149995339,2.6331622372823764,0.0,102,901
reward_centered_sarsa,up_shift,0.05,0.003,0.99,8,2.658550229282095,0.5552677472848145,34.49877804406188,3.3952433062232705,2.5326280845396383,0.5407563487811783,34.60630859674536,2.6442078981542396,0.0,102,901
reward_centered_sarsa,up_shift,0.05,0.003,0.99,9,2.5204682963555296,0.5511662215434381,34.18832360869429,3.355552284869221,2.5837727462439473,0.5410162697315937,35.04907869908955,2.64649344209916,0.0,102,901
reward_centered_sarsa,up_shift,0.05,0.01,0.9,0,2.37249514059947,0.5728689042137813,22.185649137050234,2.5697701764840444,2.4820399982583523,0.5304050714022984,22.883753042622587,2.5888720056111736,0.0,102,901
reward_centered_sarsa,up_shift,0.05,0.01,0.9,1,2.393546911793361,0.5430669693499637,23.279237105368672,2.6533127695008436,2.5311848832361115,0.5400168393785952,22.959763487308606,2.5825068052418687,0.0,102,901
reward_centered_sarsa,up_shift,0.05,0.01,0.9,2,2.577495653125823,0.56329658628836,23.061862177909184,2.810503343174431,2.507376811387812,0.533103618614942,23.68005312903914,2.576242824574533,0.0,102,901
reward_centered_sarsa,up_shift,0.05,0.01,0.9,3,2.4722146400226883,0.5063978303476088,22.74596672051799,2.835193133955263,2.554597712058497,0.5597180119428167,22.225630269460325,2.5658742075331458,0.0,102,901
reward_centered_sarsa,up_shift,0.05,0.01,0.9,4,2.5423108325223245,0.535707175218048,23.347796716807363,2.8301806302268813,2.5797398242631013,0.5466793025871423,23.253731577983228,2.5974052635329254,0.0,102,901
reward_centered_sarsa,up_shift,0.05,0.01,0.9,5,2.5157157489232373,0.5367330369987681,22.48951086617472,2.7583163443024286,2.5142332022108156,0.5415623494648899,23.67738538649401,2.5534773679978833,0.0,102,901
reward_centered_sarsa,up_shift,0.05,0.01,0.9,6,2.5498950672675984,0.529173292024261,23.702398377874474,2.8926130361658453,2.5532715523510685,0.5421542736322341,23.809988503965243,2.607013772507067,0.0,102,901
reward_centered_sarsa,up_shift,0.05,0.01,0.9,7,2.469377497004551,0.5383999419376566,22.52502532164148,2.733302727822527,2.581819906324308,0.5533659476318925,22.48097850861728,2.5872679044812434,0.0,102,901
reward_centered_sarsa,up_shift,0.05,0.01,0.9,8,2.5116711431708043,0.5502921485191996,23.024670852714873,2.754426941786313,2.5064720451675844,0.5292807341657428,24.13140093223414,2.5803214238670873,0.0,102,901
reward_centered_sarsa,up_shift,0.05,0.01,0.9,9,2.481949430342996,0.5379981458381993,23.214148225537826,2.7288732920125764,2.5582786315555386,0.5416998698966314,23.408695616487655,2.589806687054408,0.0,102,901
reward_centered_sarsa,up_shift,0.05,0.01,0.97,0,2.5044195778649656,0.5462799843829417,25.65477376748644,2.811843465780023,2.5239468906275584,0.5204021640271804,26.98136772038418,2.623897397068077,0.0,102,901
reward_centered_sarsa,up_shift,0.05,0.01,0.97,1,2.431833841396579,0.5277894633931727,23.60556870781464,2.6872477539324926,2.5521194506390783,0.5345764643582571,25.214788759494315,2.622573091626091,0.0,102,901
reward_centered_sarsa,up_shift,0.05,0.01,0.97,2,2.6162739908690074,0.5651427205761906,25.74259398220708,2.822900930499046,2.510658664690351,0.5296988517021622,27.138124816606446,2.6055911742586013,0.0,102,901
reward_centered_sarsa,up_shift,0.05,0.01,0.97,3,2.4636968375182904,0.5206791868088001,23.579464338231208,2.712834101833098,2.6018481932106092,0.5538187139272419,24.49615745474711,2.597834500999422,0.0,102,901
reward_centered_sarsa,up_shift,0.05,0.01,0.97,4,2.587631175883294,0.5229249763026881,26.116986240966508,2.9381863015526752,2.570943150606814,0.5416873032045393,26.2825288115825,2.6154867806509583,0.0,102,901
reward_centered_sarsa,up_shift,0.05,0.01,0.97,5,2.4660376653433542,0.5248079904162803,24.23866969949889,2.7542381634686386,2.560804363311639,0.5416475468674317,24.839571658087138,2.610434107608188,0.0,102,901
reward_centered_sarsa,up_shift,0.05,0.01,0.97,6,2.5381037339749097,0.546378235451645,24.335851339864064,2.7971433614493777,2.5916143670700595,0.5518519260873179,25.28319376144319,2.5914869839109667,0.0,102,901
reward_centered_sarsa,up_shift,0.05,0.01,0.97,7,2.5283847767717575,0.542581078929595,23.984018387988694,2.7626829392416514,2.604774284222692,0.5523245536069847,24.37780094827656,2.6285246534902873,0.0,102,901
reward_centered_sarsa,up_shift,0.05,0.01,0.97,8,2.6532035757585,0.5323974066441037,24.67056887202714,2.9132581856583872,2.5494763035027304,0.527293723129795,25.426578309589654,2.6563686040136036,0.0,102,901
reward_centered_sarsa,up_shift,0.05,0.01,0.97,9,2.604182219956,0.5495894777495418,25.130133806716266,2.813493310519756,2.6087118641730993,0.5367666785477708,26.1382526703548,2.6323785858537936,0.0,102,901
reward_centered_sarsa,up_shift,0.05,0.01,0.99,0,2.533529593677957,0.5280333786482697,26.567929217167425,2.804663863345776,2.567348669619881,0.5362975967915331,27.53795222572533,2.6153053178437298,0.0,102,901
reward_centered_sarsa,up_shift,0.05,0.01,0.99,1,2.4264538708614714,0.5406116214191252,26.208052816113458,2.6624169230183425,2.558872516791829,0.5321707247111025,26.919098225751863,2.6419972926771784,0.0,102,901
reward_centered_sarsa,up_shift,0.05,0.01,0.99,2,2.637062955946685,0.5566411987187553,26.011568707172323,2.850620691585387,2.5489455069454987,0.5360329529121964,26.119783354630535,2.6157001096537065,0.0,102,901
reward_centered_sarsa,up_shift,0.05,0.01,0.99,3,2.448357386225511,0.5206249490239263,24.428092420783106,2.694540731815686,2.6001911185199234,0.5513127728681088,25.40124811600652,2.610355326335321,0.0,102,901
reward_centered_sarsa,up_shift,0.05,0.01,0.99,4,2.451704123761676,0.516101828205864,27.136775812402078,2.854357065037713,2.6006499316521308,0.5297158702281066,27.150289034687837,2.685379504673042,0.0,102,901
reward_centered_sarsa,up_shift,0.05,0.01,0.99,5,2.517287735166159,0.5301948541463624,26.473781933883437,2.8466004986272173,2.604365002835444,0.5226580498351102,27.641191751834725,2.6888446145124467,0.0,102,901
reward_centered_sarsa,up_shift,0.05,0.01,0.99,6,2.612947569863862,0.5408520259340663,25.717398545682016,2.887601636264348,2.6033950468563205,0.5435576140792117,26.72939576090663,2.6461801492774235,0.0,102,901
reward_centered_sarsa,up_shift,0.05,0.01,0.99,7,2.554659925056217,0.5457944255486344,24.9715235636669,2.779519045055569,2.590158173776724,0.5375022308663396,26.61926071943178,2.668801238981153,0.0,102,901
reward_centered_sarsa,up_shift,0.05,0.01,0.99,8,2.522043070381487,0.5207793152957605,27.235715559711235,2.79749032589724,2.5569134067604424,0.5102587445662043,28.981086718025168,2.6901744132727776,0.0,102,901
reward_centered_sarsa,up_shift,0.05,0.01,0.99,9,2.556536081487611,0.5519149783389542,25.485320737134384,2.812547843781406,2.5880361251408925,0.540355022933918,26.536014701767012,2.646495064859981,0.0,102,901
reward_centered_sarsa,up_shift,0.05,0.03,0.9,0,2.5222723930354003,0.5511412399139609,21.957872827590506,2.570075804692047,2.4837968744036956,0.5283973266760772,23.205569903365834,2.522864639491451,0.0,102,901
reward_centered_sarsa,up_shift,0.05,0.03,0.9,1,2.371038973202269,0.5323563368645973,22.995536827826427,2.481815404553761,2.529147422904261,0.5421922981106473,23.516296394218813,2.526290699520935,0.0,102,901
reward_centered_sarsa,up_shift,0.05,0.03,0.9,2,2.5519480432193014,0.5587246080673415,21.77925919452407,2.6360080285939946,2.574034918732185,0.5340533711312532,23.207118991202517,2.597938422022281,0.0,102,901
reward_centered_sarsa,up_shift,0.05,0.03,0.9,3,2.4214739752595205,0.5217982075716753,21.990846836994468,2.522238461646736,2.60961490954679,0.545345705612166,22.82029114997973,2.5523319635966253,0.0,102,901
reward_centered_sarsa,up_shift,0.05,0.03,0.9,4,2.3192785661092916,0.5389635785951219,22.59632061208576,2.46214288316156,2.519215034452568,0.5446460207177605,22.63720279469865,2.538509162999417,0.0,102,901
reward_centered_sarsa,up_shift,0.05,0.03,0.9,5,2.574936269778341,0.5196189427841177,22.358674773677034,2.714975638042063,2.544239552311109,0.5391272995350171,23.527041994878164,2.5528436482046324,0.0,102,901
reward_centered_sarsa,up_shift,0.05,0.03,0.9,6,2.6260512848989777,0.5616058584104981,22.019178560204537,2.6333933765263224,2.5415101346743136,0.5504395370440435,22.867484764902454,2.510744598886745,0.0,102,901
reward_centered_sarsa,up_shift,0.05,0.03,0.9,7,2.5470670586743704,0.5450837593274489,21.93699559919569,2.6026025611396255,2.5930456972181593,0.5408790649511728,23.37477666625819,2.5610085433576812,0.0,102,901
reward_centered_sarsa,up_shift,0.05,0.03,0.9,8,2.458377120671288,0.5542740291039783,22.18009298969901,2.502658933654441,2.474200736767241,0.5343365600575226,23.22205528006947,2.507670324984816,0.0,102,901
reward_centered_sarsa,up_shift,0.05,0.03,0.9,9,2.5749591868134987,0.5493025365935923,22.427408520695383,2.585168368049393,2.5648079388802776,0.5437375519707869,23.50424421000847,2.535447190915664,0.0,102,901
reward_centered_sarsa,up_shift,0.05,0.03,0.97,0,2.5476108316038197,0.5264919317314155,24.113252201465126,2.6214212506655774,2.5941044505929702,0.528357109863302,26.17331865305988,2.6059452620979555,0.0,102,901
reward_centered_sarsa,up_shift,0.05,0.03,0.97,1,2.559274661006056,0.5203023142942411,22.870224696260717,2.653901345051636,2.57213057763883,0.5368695634957124,24.888680983802672,2.576185019742662,0.0,102,901
reward_centered_sarsa,up_shift,0.05,0.03,0.97,2,2.6068433121818937,0.5507048222562665,24.231347341674255,2.6484109392298834,2.5970967027350844,0.5250298218884715,25.95719827746809,2.632748552504478,0.0,102,901
reward_centered_sarsa,up_shift,0.05,0.03,0.97,3,2.469295564985071,0.5223688063579985,23.153307460227744,2.57321325755173,2.632170041087393,0.5431078478106912,24.299951898099835,2.6015078464708266,0.0,102,901
reward_centered_sarsa,up_shift,0.05,0.03,0.97,4,2.408919756805379,0.514616512091724,24.091772459231517,2.604998113440219,2.5612500082849503,0.5430689220474795,25.149290285726014,2.556103776789488,0.0,102,901
reward_centered_sarsa,up_shift,0.05,0.03,0.97,5,2.4611905157854017,0.5522967521115071,22.922506129761675,2.4963937154383524,2.58021242714992,0.528401868747777,25.861150807335402,2.6081585446809514,0.0,102,901
reward_centered_sarsa,up_shift,0.05,0.03,0.97,6,2.546247585696375,0.5270073556986858,24.7651494820703,2.658006682538119,2.5334226489886396,0.5460230455572922,25.85831050259491,2.5357221517872888,0.0,102,901
reward_centered_sarsa,up_shift,0.05,0.03,0.97,7,2.5870344282672155,0.543941518691665,23.698201176327263,2.5928389731849553,2.590305222727537,0.5458318603541911,24.579590543163636,2.588782297863465,0.0,102,901
reward_centered_sarsa,up_shift,0.05,0.03,0.97,8,2.53519378861456,0.5432179194307235,25.034396274450046,2.557254238234872,2.527338472882634,0.529874548544748,26.045192623085207,2.54857393752572,0.0,102,901
reward_centered_sarsa,up_shift,0.05,0.03,0.97,9,2.5446411225346863,0.5347057445712954,24.04230494860964,2.694469719664598,2.5964475493449455,0.5322376753144022,26.083261502638532,2.6410281422239787,0.0,102,901
reward_centered_sarsa,up_shift,0.05,0.03,0.99,0,2.4972251490439406,0.5359503827065504,24.881172919449426,2.5914114549242178,2.569236060568167,0.5313560760609096,26.20293726651725,2.5762069853535094,0.0,102,901
reward_centered_sarsa,up_shift,0.05,0.03,0.99,1,2.470937994226542,0.519151220370237,23.36385478700933,2.5644470692190677,2.6064821199739194,0.5250265639442153,26.083115581265123,2.611514363950566,0.0,102,901
reward_centered_sarsa,up_shift,0.05,0.03,0.99,2,2.5451204210432845,0.5528620407391013,24.645333642773952,2.6740841427074598,2.5220674329145902,0.5320669667091149,26.36983866501124,2.565454152434882,0.0,102,901
reward_centered_sarsa,up_shift,0.05,0.03,0.99,3,2.440340988531513,0.49000942139136877,24.773585001799272,2.747065805592952,2.6450163757175664,0.5193353000736114,26.957780866036423,2.735513057188985,0.0,102,901
reward_centered_sarsa,up_shift,0.05,0.03,0.99,4,2.321903485327502,0.525591276006991,25.031469215333715,2.4864740293837784,2.5764471329080805,0.5285271274989614,26.248568345636947,2.6149620694575373,0.0,102,901
reward_centered_sarsa,up_shift,0.05,0.03,0.99,5,2.3912387819146703,0.5409486054943022,22.891210631380375,2.499424004893107,2.531646624555181,0.5488019181397755,24.60389075921033,2.538229377058438,0.0,102,901
reward_centered_sarsa,up_shift,0.05,0.03,0.99,6,2.632162110490098,0.549654839459404,24.916998229482925,2.6928344221590583,2.6019474422852573,0.5319954047382502,26.502835027541636,2.642775833748627,0.0,102,901
reward_centered_sarsa,up_shift,0.05,0.03,0.99,7,2.5235130716303935,0.5311259665259045,23.20896485501521,2.6481404081079245,2.6005099458380245,0.531578235200629,26.083803641643648,2.6457041608491147,0.0,102,901
reward_centered_sarsa,up_shift,0.05,0.03,0.99,8,2.449770002020589,0.5444682525335774,24.684039129952417,2.5762280147210017,2.538785221146595,0.5168084224113415,27.181650564547642,2.6354842510167007,0.0,102,901
reward_centered_sarsa,up_shift,0.05,0.03,0.99,9,2.545595777689324,0.5382714533884594,25.059483473761286,2.6771797814300657,2.5935230617687686,0.5344562596494956,26.80639845057525,2.6010464822327806,0.0,102,901
reward_centered_sarsa,up_shift,0.05,0.1,0.9,0,2.4883912440453395,0.5660034865994954,21.142087124466478,2.334182203653583,2.492159491447301,0.5295479141062389,22.5731102716307,2.3720013992523294,0.0,102,901
reward_centered_sarsa,up_shift,0.05,0.1,0.9,1,2.4177107885784053,0.54325358423583,23.1160585310789,2.284686858380258,2.52533471125638,0.5408449093900668,23.147566342153144,2.368614035608927,0.0,102,901
reward_centered_sarsa,up_shift,0.05,0.1,0.9,2,2.635342261985173,0.5524743067073405,22.07381911631113,2.4590878124265467,2.5691659807918747,0.5359738652457411,23.265075256760085,2.4298045495666374,0.0,102,901
reward_centered_sarsa,up_shift,0.05,0.1,0.9,3,2.3733159630219354,0.5107698719015769,22.244060009300583,2.336338859839936,2.5957282516489073,0.5465197108824917,23.581644864012894,2.417458075705145,0.0,102,901
reward_centered_sarsa,up_shift,0.05,0.1,0.9,4,2.422890501248747,0.527294520230404,22.039643421810897,2.323133081384015,2.564562335108482,0.5431521607039779,22.813509624127498,2.3833471677337292,0.0,102,901
reward_centered_sarsa,up_shift,0.05,0.1,0.9,5,2.4809595151969486,0.552055767119292,21.943287162465438,2.344887357105,2.5374906876907706,0.5415908441612866,23.70985152034072,2.368625336412041,0.0,102,901
reward_centered_sarsa,up_shift,0.05,0.1,0.9,6,2.579995808592036,0.5170053569086461,22.870566475203205,2.5297625045731524,2.503179432688338,0.5532486963823783,23.195616241292786,2.3322457534867698,0.0,102,901
reward_centered_sarsa,up_shift,0.05,0.1,0.9,7,2.4408469476048147,0.5517667182313005,21.399484355398375,2.2370818779962347,2.589953298348775,0.5526620057867382,22.69236140792911,2.385015555437778,0.0,102,901
reward_centered_sarsa,up_shift,0.05,0.1,0.9,8,2.4539560762234323,0.5469897019096331,22.456977876032255,2.2671491425499997,2.5068977143940763,0.5302962045169722,23.61641473019712,2.361598113852983,0.0,102,901
reward_centered_sarsa,up_shift,0.05,0.1,0.9,9,2.512865363049299,0.5305728469525599,21.778497009191476,2.3886559097273428,2.5152667601882963,0.550415840731743,23.176701046058383,2.331422800952948,0.0,102,901
reward_centered_sarsa,up_shift,0.05,0.1,0.97,0,2.4593494696297014,0.5398140054971239,23.34956872446735,2.3003971905197105,2.5687215710593425,0.5339945873492576,25.21574473971158,2.4235789273379233,0.0,102,901
reward_centered_sarsa,up_shift,0.05,0.1,0.97,1,2.369019911165505,0.5249256780744748,24.50984674028998,2.3195317579073658,2.573633371877561,0.5224880452842915,26.212899587212206,2.4426848458662596,0.0,102,901
reward_centered_sarsa,up_shift,0.05,0.1,0.97,2,2.608798885263964,0.5434284155094032,24.85932215590219,2.4873740970822498,2.5271579955265335,0.5225770520935138,26.780551846301744,2.4010292384515273,0.0,102,901
reward_centered_sarsa,up_shift,0.05,0.1,0.97,3,2.3986842040523255,0.4836587837984664,23.86098915112865,2.4803534665595155,2.6151569468281277,0.5462117725038361,25.014899444371924,2.4028767017793977,0.0,102,901
reward_centered_sarsa,up_shift,0.05,0.1,0.97,4,2.5176053015406876,0.5203052547816165,24.178111579581525,2.437488110462911,2.5620072796020477,0.5356464863478759,25.183288628937415,2.429241467045196,0.0,102,901
reward_centered_sarsa,up_shift,0.05,0.1,0.97,5,2.471365284024254,0.5309366334752381,23.526041087193715,2.4733275081486625,2.5670825175552374,0.530701564305407,25.670867404958944,2.4526840475117577,0.0,102,901
reward_centered_sarsa,up_shift,0.05,0.1,0.97,6,2.511449499555898,0.5294191270529797,23.969563919846287,2.4082252180035986,2.5645150144106212,0.5378882638776176,25.790891099404263,2.422468759721024,0.0,102,901
reward_centered_sarsa,up_shift,0.05,0.1,0.97,7,2.5246872853873272,0.5262293438684081,24.12458384760076,2.505760875798009,2.595893084897716,0.5310067609460251,26.35432673626922,2.4748268148143606,0.0,102,901
reward_centered_sarsa,up_shift,0.05,0.1,0.97,8,2.4950059850418955,0.5431745168966308,24.65721227401129,2.3438747242575784,2.5458009106550303,0.5171677930047982,26.38577410473307,2.424565989364364,0.0,102,901
reward_centered_sarsa,up_shift,0.05,0.1,0.97,9,2.642717023898749,0.5236003390710683,23.917645747312374,2.560772505675395,2.626921486003706,0.5348497913147122,26.619811594085302,2.468380845742514,0.0,102,901
reward_centered_sarsa,up_shift,0.05,0.1,0.99,0,2.526993626964382,0.5599601972135031,23.87475616452724,2.388830395090021,2.5109110871861042,0.513653246680691,26.17388484883251,2.46282836133066,0.0,102,901
reward_centered_sarsa,up_shift,0.05,0.1,0.99,1,2.416766067750177,0.5407333141077469,25.786538954069012,2.2684385663731015,2.5629833878275106,0.5226687423650302,27.008465557498376,2.4636387558759005,0.0,102,901
reward_centered_sarsa,up_shift,0.05,0.1,0.99,2,2.624124582894316,0.5359798946930628,25.050724707075606,2.5254028195630025,2.5861769090309887,0.5174862756243679,27.37516787116436,2.5305691348890393,0.0,102,901
reward_centered_sarsa,up_shift,0.05,0.1,0.99,3,2.407433434509808,0.5008345734539766,24.238022467736382,2.4248682179173726,2.6388383800327966,0.5372282690299385,26.82041550369928,2.484620734187617,0.0,102,901
reward_centered_sarsa,up_shift,0.05,0.1,0.99,4,2.3985378438955784,0.5277677976148367,25.45707264421924,2.2937110824473512,2.598319916830769,0.5317433435986161,27.058106549701634,2.433906877974898,0.0,102,901
reward_centered_sarsa,up_shift,0.05,0.1,0.99,5,2.47250756874809,0.5242137384872162,25.459588960999575,2.455769780298507,2.57992714181832,0.5252414469643798,28.359334987288197,2.4355886530804463,0.0,102,901
reward_centered_sarsa,up_shift,0.05,0.1,0.99,6,2.564518643771174,0.519963271478978,25.006481768285045,2.52123874963367,2.570895819770745,0.5316094885849971,27.03384899701041,2.443323348476588,0.0,102,901
reward_centered_sarsa,up_shift,0.05,0.1,0.99,7,2.5407073557240576,0.5404623706763555,24.807795116085217,2.426175927905681,2.604508940561032,0.5348964853831637,26.55946510142132,2.4590371697164017,0.0,102,901
reward_centered_sarsa,up_shift,0.05,0.1,0.99,8,2.633569145914335,0.5447864646752179,24.344604894649205,2.420583804463483,2.578390947122049,0.5153361461445253,27.73299632785086,2.46637103423786,0.0,102,901
reward_centered_sarsa,up_shift,0.05,0.1,0.99,9,2.5595794524915667,0.5540121592374212,24.032881804179624,2.371824528022543,2.5895687166825314,0.5335274877211246,26.427502561674316,2.443428131117589,0.0,102,901
reward_centered_sarsa,up_shift,0.1,0.001,0.9,0,2.4983607941068096,0.53139499667023,58.951378302877885,4.959590807472125,2.5185451628790174,0.5372862784800082,50.25864897360054,2.599818811832045,0.0,102,901
reward_centered_sarsa,up_shift,0.1,0.001,0.9,1,2.263151899808438,0.552497116114215,58.93273697859366,4.824981314662922,2.484743042877424,0.5442498094206508,50.06344590516565,2.5483190228457255,0.0,102,901
reward_centered_sarsa,up_shift,0.1,0.001,0.9,2,2.569561029820073,0.537854766966276,60.63405856931227,4.963957355150821,2.5386413826675107,0.5326261991857577,49.28917563799066,2.6187646656965016,0.0,102,901
reward_centered_sarsa,up_shift,0.1,0.001,0.9,3,2.490272998205235,0.4908905689182595,59.9093881917231,4.967585060933191,2.632418863444766,0.5350547588038529,50.42554094499581,2.694338948160497,0.0,102,901
reward_centered_sarsa,up_shift,0.1,0.001,0.9,4,2.324217766130035,0.5335186615010211,59.76060587877254,4.894910132061099,2.4928050565813105,0.5392491580763136,49.74347665385374,2.5676829240182384,0.0,102,901
reward_centered_sarsa,up_shift,0.1,0.001,0.9,5,2.4571069581819023,0.5499497673002044,57.516066558034034,4.9232203675712345,2.4990927647818477,0.5352396917897416,50.67384767489313,2.5660477034901845,0.0,102,901
reward_centered_sarsa,up_shift,0.1,0.001,0.9,6,2.479328410770337,0.5416533094160852,60.15701346511896,4.94205499537715,2.5558800144914757,0.5410230363250798,52.663055577719526,2.604338508347019,0.0,102,901
reward_centered_sarsa,up_shift,0.1,0.001,0.9,7,2.4998457555909828,0.5400376408714722,59.60416774721268,4.840789066879591,2.552341505646784,0.5466360122590795,47.70816944399934,2.6000147552334765,0.0,102,901
reward_centered_sarsa,up_shift,0.1,0.001,0.9,8,2.5247765657609045,0.5295916179549197,58.421446053510486,4.849197646431173,2.480027037550978,0.5245644900043361,50.930366209928515,2.5772472772791786,0.0,102,901
reward_centered_sarsa,up_shift,0.1,0.001,0.9,9,2.5220763323125994,0.5537017509567396,61.25707054705471,5.035733746620472,2.5208383641058836,0.5441182352039526,51.92380802076828,2.581336753605111,0.0,102,901
reward_centered_sarsa,up_shift,0.1,0.001,0.97,0,2.463167578426351,0.5200073177217199,75.95277801686619,4.91040923040858,2.513257098549899,0.5325069162744508,95.98580288016781,2.6080276156965723,0.0,102,901
reward_centered_sarsa,up_shift,0.1,0.001,0.97,1,2.4731370990303465,0.5180769623692415,74.64811683454803,4.957866697004859,2.588112755464492,0.5327149259416221,96.43398174894239,2.6476433785953675,0.0,102,901
reward_centered_sarsa,up_shift,0.1,0.001,0.97,2,2.7063793519794572,0.5332478275581626,78.41440518056366,5.041802477553087,2.5997868398407324,0.5144466206305275,95.72014083993908,2.717142777528046,0.0,102,901
reward_centered_sarsa,up_shift,0.1,0.001,0.97,3,2.4672491710099003,0.5010875122918746,75.22858226182494,5.0122102532406485,2.529685747603922,0.5514144485371071,94.96136203499863,2.5738968636856403,0.0,102,901
reward_centered_sarsa,up_shift,0.1,0.001,0.97,4,2.5470381764365344,0.522125986044353,75.5468381673808,5.01231213117504,2.5606367638186023,0.5333301528565864,95.6294896022887,2.6547644833019026,0.0,102,901
reward_centered_sarsa,up_shift,0.1,0.001,0.97,5,2.5648360777364503,0.5163008701440702,76.5423161114544,4.984280415343121,2.5273728649296174,0.5323895301733986,96.7041164344908,2.624385433644748,0.0,102,901
reward_centered_sarsa,up_shift,0.1,0.001,0.97,6,2.6115044376255647,0.5054332356246158,74.94092985290537,5.026896470200194,2.526630673729362,0.5288926992155527,95.30636124967492,2.6347952842078515,0.0,102,901
reward_centered_sarsa,up_shift,0.1,0.001,0.97,7,2.569235358891774,0.5436162360705145,76.13249299629683,4.902675602837827,2.549411033500852,0.5427629317556205,94.72455145913015,2.606463392978801,0.0,102,901
reward_centered_sarsa,up_shift,0.1,0.001,0.97,8,2.8112352218335563,0.5347477246677588,79.64042103344252,5.0294241470323895,2.574798250664938,0.530110062013311,95.98973693617386,2.6412177623257325,0.0,102,901
reward_centered_sarsa,up_shift,0.1,0.001,0.97,9,2.5812890260046837,0.517787813356422,77.7408924415414,5.108635900332172,2.567714638413278,0.5224911071029716,95.90897338473695,2.6845006151846915,0.0,102,901
reward_centered_sarsa,up_shift,0.1,0.001,0.99,0,2.4028333611382493,0.5431675114093389,84.14988264545094,4.901036951917432,2.4749713464024348,0.5500082135057432,131.37499303044487,2.503292431002454,0.0,102,901
reward_centered_sarsa,up_shift,0.1,0.001,0.99,1,2.4765876231684945,0.5008041324622866,86.32087148189021,4.9840638094740495,2.589392911443923,0.5173287319200279,130.8884915296875,2.7079620391951873,0.0,102,901
reward_centered_sarsa,up_shift,0.1,0.001,0.99,2,2.5290908245091264,0.5296558782691315,89.1656061469161,4.938737142826306,2.5067565974888733,0.5279969444704415,133.03621687542605,2.628772652924205,0.0,102,901
reward_centered_sarsa,up_shift,0.1,0.001,0.99,3,2.4563420230538524,0.5056750781384455,87.17598261452832,4.919242014631566,2.5737732489463454,0.5407719829391635,132.60547615175966,2.6493454951498663,0.0,102,901
reward_centered_sarsa,up_shift,0.1,0.001,0.99,4,2.4594435665283014,0.48529366884360187,88.71374612735632,4.981912958165618,2.569322916685931,0.516593467943555,129.9788213392702,2.7291959404051873,0.0,102,901
reward_centered_sarsa,up_shift,0.1,0.001,0.99,5,2.5552056220393378,0.533297108640368,87.46896071185012,4.967524027589429,2.5332370612653508,0.5326233677624752,130.9458465297752,2.649194196937919,0.0,102,901
reward_centered_sarsa,up_shift,0.1,0.001,0.99,6,2.6137367057626775,0.5606103681604423,89.63355287282056,5.022411719908072,2.558470987862612,0.5429567386647739,132.27322916359356,2.620439138227629,0.0,102,901
reward_centered_sarsa,up_shift,0.1,0.001,0.99,7,2.493166115626787,0.5230507377699278,88.20856460533797,4.793949177255787,2.573254572740945,0.5421911675436475,131.70168532925567,2.6540902232211434,0.0,102,901
reward_centered_sarsa,up_shift,0.1,0.001,0.99,8,2.62105312565199,0.5393641011636084,88.9291381301633,4.857445198093915,2.4935594624747606,0.5463579698863867,132.2195316756676,2.5308923562966923,0.0,102,901
reward_centered_sarsa,up_shift,0.1,0.001,0.99,9,2.5674828020752836,0.5404032020530165,89.19436269132052,5.038293269453907,2.565144965399338,0.5424679685451548,132.3464792739984,2.6165001745202634,0.0,102,901
reward_centered_sarsa,up_shift,0.1,0.003,0.9,0,2.564934211810193,0.5365635003110689,40.74581489417611,3.396588317983875,2.5183976567730557,0.5224391833565427,30.14149740339087,2.631494647360935,0.0,102,901
reward_centered_sarsa,up_shift,0.1,0.003,0.9,1,2.434113203964606,0.5151584817881822,40.75175989390682,3.30335683416734,2.5734063150388424,0.5338999018892626,30.113847710547336,2.6279064622921147,0.0,102,901
reward_centered_sarsa,up_shift,0.1,0.003,0.9,2,2.599098824198631,0.55584375480509,40.24378763939943,3.3607515399815218,2.516370138932383,0.5270721512565398,30.260456510640193,2.6108399688009185,0.0,102,901
reward_centered_sarsa,up_shift,0.1,0.003,0.9,3,2.4841939098905477,0.5012828530585896,39.75392742722968,3.3748672696690702,2.554420220484409,0.5493598009414251,27.728341667140192,2.602823237058768,0.0,102,901
reward_centered_sarsa,up_shift,0.1,0.003,0.9,4,2.5563517522924073,0.5252394008440144,40.267995659701754,3.4235709488585973,2.5561716404572374,0.537559633998067,29.53132328418081,2.6548905077337657,0.0,102,901
reward_centered_sarsa,up_shift,0.1,0.003,0.9,5,2.436746219394968,0.5250583733591125,38.484884814225964,3.2453240437773774,2.544383312977387,0.5441462998759723,27.99937326725451,2.603022599737306,0.0,102,901
reward_centered_sarsa,up_shift,0.1,0.003,0.9,6,2.4863641350409234,0.5364276219782386,40.427263780286424,3.394585405587297,2.528998455319654,0.5399466124741162,29.673452634256545,2.612253484364604,0.0,102,901
reward_centered_sarsa,up_shift,0.1,0.003,0.9,7,2.538234301297689,0.5121684271010077,40.00477646222662,3.258572303537365,2.606292152979307,0.5403002937561912,29.187658645332025,2.696967687762515,0.0,102,901
reward_centered_sarsa,up_shift,0.1,0.003,0.9,8,2.5221130279607866,0.5443387571777216,40.18164518926663,3.2400784868498858,2.527197769978132,0.5268997620928454,29.498268559787824,2.623471528457568,0.0,102,901
reward_centered_sarsa,up_shift,0.1,0.003,0.9,9,2.4353506117082535,0.5261625716051435,41.38081952024014,3.2613544981844265,2.5275566005652848,0.5380887182999236,29.66898859175933,2.6239051479382685,0.0,102,901
reward_centered_sarsa,up_shift,0.1,0.003,0.97,0,2.589376797358508,0.5440083957896488,47.54250069438825,3.4048469309155283,2.545489048610347,0.5129631557659153,41.65705596086491,2.696866759039849,0.0,102,901
reward_centered_sarsa,up_shift,0.1,0.003,0.97,1,2.3762175903796012,0.5387936111016574,47.49308103815863,3.2660062219341195,2.545186708477787,0.5324841439828301,41.269307120092854,2.6358385713809147,0.0,102,901
reward_centered_sarsa,up_shift,0.1,0.003,0.97,2,2.637679960803784,0.5414852455050568,48.56831824428368,3.4529316772636944,2.5664637057823048,0.5141871540896329,43.03887981567642,2.6998945433619,0.0,102,901
reward_centered_sarsa,up_shift,0.1,0.003,0.97,3,2.4983293017215518,0.4950994927639137,46.58732987429519,3.414810347567097,2.601940717840053,0.5419832201804909,39.344238585170515,2.636993589877793,0.0,102,901
reward_centered_sarsa,up_shift,0.1,0.003,0.97,4,2.568317278018946,0.5170163062726326,49.61850210974067,3.397059564863283,2.5916561250780594,0.531120467271781,42.1301828525112,2.666857733922543,0.0,102,901
reward_centered_sarsa,up_shift,0.1,0.003,0.97,5,2.4082673719440653,0.4932605382580305,47.0466406133686,3.3564229243108272,2.543637623286574,0.5255095614343289,41.586630998812204,2.6921045877129255,0.0,102,901
reward_centered_sarsa,up_shift,0.1,0.003,0.97,6,2.7200081980194892,0.5227261645144549,51.258354883028844,3.5401060459009623,2.614878290696813,0.5180723084836107,43.14855710872462,2.7509974489174716,0.0,102,901
reward_centered_sarsa,up_shift,0.1,0.003,0.97,7,2.6071082958168987,0.5275443877101859,47.857231703783604,3.336542750636688,2.619010247398671,0.5428607367021766,40.718942450390294,2.704451969754661,0.0,102,901
reward_centered_sarsa,up_shift,0.1,0.003,0.97,8,2.624320188285227,0.518090548429376,50.50898321169693,3.3826738482495253,2.54393491276852,0.5235734698753889,40.79006114920222,2.675962061125753,0.0,102,901
reward_centered_sarsa,up_shift,0.1,0.003,0.97,9,2.5684263560342315,0.5448014812368739,47.913887566420414,3.3633498433216986,2.5910264168110744,0.5369150311981359,42.482188269332,2.645512240286087,0.0,102,901
reward_centered_sarsa,up_shift,0.1,0.003,0.99,0,2.4956242766494823,0.517469626266701,51.61142326598111,3.340477698539412,2.5617412708205833,0.5192084699120296,51.85484993007772,2.692654280624199,0.0,102,901
reward_centered_sarsa,up_shift,0.1,0.003,0.99,1,2.538739793442803,0.5167818233814894,51.707424433124004,3.416268008147207,2.543426998762586,0.527621531581326,52.06445248550857,2.675290041502642,0.0,102,901
reward_centered_sarsa,up_shift,0.1,0.003,0.99,2,2.6036986367025654,0.533788549240887,53.70631290041696,3.385762354823688,2.5282422411291527,0.5258888876914459,51.925965462550764,2.650997452357311,0.0,102,901
reward_centered_sarsa,up_shift,0.1,0.003,0.99,3,2.4440078477209344,0.4951625208251542,53.571733222352535,3.3317474486145353,2.578967149617773,0.5342863487063129,52.88687432705133,2.727231678908644,0.0,102,901
reward_centered_sarsa,up_shift,0.1,0.003,0.99,4,2.572479204997211,0.5125898947931878,54.44877321245857,3.4561051999184667,2.584757501030812,0.5189708037038189,52.42842820018828,2.756683221090217,0.0,102,901
reward_centered_sarsa,up_shift,0.1,0.003,0.99,5,2.5666788755283454,0.4880729128243705,52.013840007380615,3.422378271667099,2.611708170038763,0.5242520007942505,51.86785645014021,2.7204982868939296,0.0,102,901
reward_centered_sarsa,up_shift,0.1,0.003,0.99,6,2.5643000924052206,0.5477670999433779,52.64163536354503,3.4089683156953083,2.603101314467118,0.5338780098966643,51.70076108488029,2.6834161139941366,0.0,102,901
reward_centered_sarsa,up_shift,0.1,0.003,0.99,7,2.4903266894743905,0.5377534790668422,50.539372140040335,3.260775762796087,2.583928213350734,0.5453693239506211,50.77898456960545,2.6505149214089214,0.0,102,901
reward_centered_sarsa,up_shift,0.1,0.003,0.99,8,2.6418082960222584,0.5334177728402821,50.48545909335057,3.299471087545895,2.5600217677901647,0.534091068584173,50.9621890740606,2.6237833869522236,0.0,102,901
reward_centered_sarsa,up_shift,0.1,0.003,0.99,9,2.59918408655792,0.5163415589899365,55.562026624667254,3.4936441863876775,2.594248426550961,0.51774973173281,53.72061577707843,2.7583836230678935,0.0,102,901
reward_centered_sarsa,up_shift,0.1,0.01,0.9,0,2.5370410318101118,0.5368208616974999,27.626416494647906,2.805572073200164,2.492148974839363,0.5439191316227499,26.142298259383473,2.5276049234240965,0.0,102,901
reward_centered_sarsa,up_shift,0.1,0.01,0.9,1,2.325353348616627,0.5527728256193656,27.623336918161584,2.5921339500595058,2.535840683019425,0.535492820764071,26.62547079637385,2.5995366758455005,0.0,102,901
reward_centered_sarsa,up_shift,0.1,0.01,0.9,2,2.6241486602418616,0.5619822545276795,27.04407992699282,2.853797111829275,2.5494977581181653,0.5297707418725377,26.6738182350875,2.613387555829925,0.0,102,901
reward_centered_sarsa,up_shift,0.1,0.01,0.9,3,2.494567740750019,0.5038192991400239,27.065463071257238,2.8167996071354104,2.6134496633676356,0.5413094761001912,25.441520325191693,2.65540277748553,0.0,102,901
reward_centered_sarsa,up_shift,0.1,0.01,0.9,4,2.3413213734301244,0.538167354193174,27.59258944100681,2.6900655433991614,2.527104714879309,0.5457440876490045,25.455215936730127,2.554561743339202,0.0,102,901
reward_centered_sarsa,up_shift,0.1,0.01,0.9,5,2.488141712676439,0.5338809827254977,27.0643261916574,2.8271683003644537,2.5171436283815485,0.5413171735687825,26.486718734737206,2.5951930758480244,0.0,102,901
reward_centered_sarsa,up_shift,0.1,0.01,0.9,6,2.488033706251041,0.557734968789878,26.750520794670102,2.6972729367676607,2.5765817443621084,0.545546204087634,25.660700832887976,2.5967558906569757,0.0,102,901
reward_centered_sarsa,up_shift,0.1,0.01,0.9,7,2.603797824871477,0.5271940721895648,27.667751768514155,2.8550765346471723,2.5540961209060287,0.5479292939386806,25.352026367713883,2.5975224068973817,0.0,102,901
reward_centered_sarsa,up_shift,0.1,0.01,0.9,8,2.4858672902100785,0.5204897009003867,29.60973366383153,2.8519568729678215,2.500417456919477,0.5258333705206283,26.910166152350737,2.588676845619162,0.0,102,901
reward_centered_sarsa,up_shift,0.1,0.01,0.9,9,2.646569003462118,0.5239139910674531,26.81624261364431,2.939634088119887,2.5573810126609566,0.5473073018545418,26.057001833232075,2.5852173665260643,0.0,102,901
reward_centered_sarsa,up_shift,0.1,0.01,0.97,0,2.577926670625593,0.5263714361553301,30.85764056566825,2.8349892639048733,2.564238294057139,0.5258596425596013,29.690642609726964,2.64452092869313,0.0,102,901
reward_centered_sarsa,up_shift,0.1,0.01,0.97,1,2.3623480343242935,0.5289269470453581,31.500988785623807,2.6771248068554274,2.578904708845171,0.5193362904963517,30.599378799868347,2.697938874170146,0.0,102,901
reward_centered_sarsa,up_shift,0.1,0.01,0.97,2,2.5891814586810162,0.5285071322631703,32.12138101855276,2.9029502743295,2.584243294495369,0.5177702709766261,30.94283371827597,2.7213664943611704,0.0,102,901
reward_centered_sarsa,up_shift,0.1,0.01,0.97,3,2.432784459270182,0.4844976472340666,31.826280865453672,2.8768370885904004,2.6248640660577345,0.5304586105545845,29.534118784520196,2.713390402456516,0.0,102,901
reward_centered_sarsa,up_shift,0.1,0.01,0.97,4,2.515408522919636,0.5059254737829602,33.2311320711506,2.9022609220776476,2.600539367017791,0.5223569878329483,30.626138641760182,2.695386327644217,0.0,102,901
reward_centered_sarsa,up_shift,0.1,0.01,0.97,5,2.5894891637365083,0.524505297201032,31.015603631731302,2.8697248089064114,2.580604783683846,0.518174181905774,31.516187634658305,2.675743614342395,0.0,102,901
reward_centered_sarsa,up_shift,0.1,0.01,0.97,6,2.6571134609739704,0.5051688547729876,32.99634234238338,3.015654773394097,2.5768567405288443,0.5274851912547653,31.24730110946183,2.6812756765223345,0.0,102,901
reward_centered_sarsa,up_shift,0.1,0.01,0.97,7,2.5836898703920825,0.5152247496553775,29.98724478831594,2.8768677528983897,2.609696768746166,0.5247977304432837,29.674184117001307,2.6956657154959975,0.0,102,901
reward_centered_sarsa,up_shift,0.1,0.01,0.97,8,2.605233374426764,0.5258839352545941,33.39938690612956,2.8608804521371964,2.526108035140567,0.5186498968532421,31.623609164485543,2.626618797909136,0.0,102,901
reward_centered_sarsa,up_shift,0.1,0.01,0.97,9,2.606313112585562,0.5072364413323711,33.68080686013331,2.9783085594554173,2.609196719250421,0.5242358966545805,31.123717072892354,2.6960460871022893,0.0,102,901
reward_centered_sarsa,up_shift,0.1,0.01,0.99,0,2.515233301333878,0.5220117060592303,32.32133041097398,2.8402686337472813,2.551964356317423,0.5239866952192558,31.92418830247508,2.6845404879413755,0.0,102,901
reward_centered_sarsa,up_shift,0.1,0.01,0.99,1,2.4779034036735115,0.5268340626311362,33.40678397813067,2.690380285421245,2.603182334986084,0.5185610791247801,33.53948676370684,2.68279389222988,0.0,102,901
reward_centered_sarsa,up_shift,0.1,0.01,0.99,2,2.6321970249589395,0.541327938810058,32.84228744996758,2.916566732939881,2.552570452724907,0.5235197675758967,31.706525222184,2.677207032115913,0.0,102,901
reward_centered_sarsa,up_shift,0.1,0.01,0.99,3,2.487966378901446,0.49535682730089853,32.30395448716036,2.821953548663578,2.6409667772534884,0.5337189738509011,32.10300720874954,2.6906550861692153,0.0,102,901
reward_centered_sarsa,up_shift,0.1,0.01,0.99,4,2.5232324981224745,0.49249738289168155,35.044290906032884,2.9651334929795,2.5988326677119304,0.5288104369623173,31.827979544495786,2.675968899377532,0.0,102,901
reward_centered_sarsa,up_shift,0.1,0.01,0.99,5,2.6022903894975045,0.5256648977384555,31.41874478128968,2.9271972485764586,2.5601321573072746,0.5348663603063489,31.753768471305026,2.666558071173244,0.0,102,901
reward_centered_sarsa,up_shift,0.1,0.01,0.99,6,2.6536702974276887,0.49468592454089605,35.793577950297546,3.0945349104969178,2.564434525536018,0.5300980439207954,33.980211496755366,2.6494142879117395,0.0,102,901
reward_centered_sarsa,up_shift,0.1,0.01,0.99,7,2.576878968637151,0.4955233124410452,34.768104011942036,2.9078869535188883,2.617427781873739,0.519667161463437,32.187426588518726,2.7474018157126463,0.0,102,901
reward_centered_sarsa,up_shift,0.1,0.01,0.99,8,2.438794617189648,0.5326583692342638,32.38313588477672,2.6364274860845605,2.5344868531333034,0.5106126820120067,33.46834938003472,2.6707115816531273,0.0,102,901
reward_centered_sarsa,up_shift,0.1,0.01,0.99,9,2.5743510981544984,0.5362466918654654,33.650484655965144,2.882900232375677,2.5941945085005687,0.5276964870521927,33.27891388421743,2.6755686417878963,0.0,102,901
reward_centered_sarsa,up_shift,0.1,0.03,0.9,0,2.4873533926557685,0.5346042101825131,24.877897393218873,2.589875305176692,2.5496546297710245,0.5357991047731719,25.28112261745944,2.542351532198938,0.0,102,901
reward_centered_sarsa,up_shift,0.1,0.03,0.9,1,2.393422133006539,0.5339103694132545,23.567007867749627,2.4995303881141537,2.538445336120243,0.540772057650027,25.107396433822977,2.5118778566656847,0.0,102,901
reward_centered_sarsa,up_shift,0.1,0.03,0.9,2,2.6122552096928193,0.5417690979616588,24.64289961292056,2.7368157752130573,2.4962891672363026,0.5380597806637675,25.28328814151083,2.5063602515498076,0.0,102,901
reward_centered_sarsa,up_shift,0.1,0.03,0.9,3,2.4041296758772575,0.5150723276981587,25.15135215483506,2.541397975845881,2.5848767046070646,0.5486313776710136,25.210551196124772,2.5478576107591913,0.0,102,901
reward_centered_sarsa,up_shift,0.1,0.03,0.9,4,2.46620581252226,0.5200137503490644,26.096368503519244,2.6358430280163034,2.540061041790527,0.543832774571133,25.384103628021233,2.5540161767491334,0.0,102,901
reward_centered_sarsa,up_shift,0.1,0.03,0.9,5,2.502256840373087,0.5437307384448964,24.949236748450907,2.576695618807172,2.5686479046543145,0.5335504241847295,26.681730335021026,2.5667934398149748,0.0,102,901
reward_centered_sarsa,up_shift,0.1,0.03,0.9,6,2.588167030794259,0.529336676750516,25.718980914632557,2.7011194326054,2.528044749899019,0.5462741008776433,25.717046127273203,2.525288991451182,0.0,102,901
reward_centered_sarsa,up_shift,0.1,0.03,0.9,7,2.514761593025045,0.5419118850097857,24.10498317733298,2.578448184374015,2.609075461344057,0.5345772376231201,25.810044758175035,2.5895540515005573,0.0,102,901
reward_centered_sarsa,up_shift,0.1,0.03,0.9,8,2.677758144922772,0.5311362763969572,24.38203268548762,2.68501015063866,2.545363432147551,0.5362689235888666,26.090145295418157,2.5201473547731696,0.0,102,901
reward_centered_sarsa,up_shift,0.1,0.03,0.9,9,2.4600902613472124,0.5680030695333702,24.133762304906522,2.449663816584413,2.5599782241835123,0.5399225500660237,25.660108071492434,2.5430112202740296,0.0,102,901
reward_centered_sarsa,up_shift,0.1,0.03,0.97,0,2.514742181463757,0.5334563784047457,28.416381472088148,2.605501765093874,2.5579969524480584,0.5360384644829363,29.383214414667247,2.5665031717600084,0.0,102,901
reward_centered_sarsa,up_shift,0.1,0.03,0.97,1,2.45014563739313,0.5299916116479375,29.785587146708593,2.5151555040146842,2.57004726223636,0.526899180090989,30.279051650804856,2.5834572127428426,0.0,102,901
reward_centered_sarsa,up_shift,0.1,0.03,0.97,2,2.7065188629831307,0.5230980550337906,29.153928548213255,2.790698535362927,2.6137609215208393,0.5184727079055822,30.944559339705773,2.6692146363757816,0.0,102,901
reward_centered_sarsa,up_shift,0.1,0.03,0.97,3,2.4007484731698385,0.49938167669164424,27.21841838232487,2.594226011572708,2.6711044551199623,0.5270800003030175,28.943862675211715,2.721189814380204,0.0,102,901
reward_centered_sarsa,up_shift,0.1,0.03,0.97,4,2.4736754548098636,0.5003477068243914,29.49184811349359,2.6475204964176484,2.6025625284067693,0.5211633711480882,29.70224292674613,2.6533430670306704,0.0,102,901
reward_centered_sarsa,up_shift,0.1,0.03,0.97,5,2.572984688837422,0.5230449488428204,28.47972807980065,2.7183099295472024,2.583396994065026,0.5189151516941762,30.456359671478822,2.6480029885298735,0.0,102,901
reward_centered_sarsa,up_shift,0.1,0.03,0.97,6,2.6540753691347825,0.5186333223575774,29.687451553266943,2.757819179671954,2.569134303775,0.5266137544768207,30.2228579225143,2.6038904728766457,0.0,102,901
reward_centered_sarsa,up_shift,0.1,0.03,0.97,7,2.5490249002729852,0.5269539525411778,28.407147790273974,2.713898459008184,2.631253622278261,0.5219764209704623,30.4489875454023,2.6786403093505924,0.0,102,901
reward_centered_sarsa,up_shift,0.1,0.03,0.97,8,2.5866710701833564,0.5341208007318025,30.867254198995663,2.600419612345617,2.5598353262726725,0.5081884216009486,32.24021993967504,2.6516561166140993,0.0,102,901
reward_centered_sarsa,up_shift,0.1,0.03,0.97,9,2.6691037778319973,0.5037127854479365,28.760659828780746,2.8288953637034924,2.6087055296139874,0.5346475602640004,30.714697252353627,2.599614638753612,0.0,102,901
reward_centered_sarsa,up_shift,0.1,0.03,0.99,0,2.5291124100539157,0.5237359615791972,29.077150171743632,2.697319532413456,2.5434207771093824,0.5315712906358611,29.89749028543621,2.582042924911461,0.0,102,901
reward_centered_sarsa,up_shift,0.1,0.03,0.99,1,2.582356347004867,0.5078611393516529,28.50269757188788,2.6860325542987247,2.5993843419795377,0.5131113827583327,32.12460675018633,2.6562144763014617,0.0,102,901
reward_centered_sarsa,up_shift,0.1,0.03,0.99,2,2.6573781435932506,0.5260918881599227,29.144220673406732,2.74526822867779,2.572533744735281,0.5198221028472559,30.80861846603613,2.637403849312618,0.0,102,901
reward_centered_sarsa,up_shift,0.1,0.03,0.99,3,2.4341729529616045,0.509434329390117,28.56126619299932,2.571545653705386,2.6491573483331567,0.5333037761348699,30.547573849330934,2.683265544657039,0.0,102,901
reward_centered_sarsa,up_shift,0.1,0.03,0.99,4,2.6224111270711608,0.5023519868634223,31.94507195488716,2.8274865261664237,2.608039595246733,0.5131075183097293,32.24132429285128,2.688627291763606,0.0,102,901
reward_centered_sarsa,up_shift,0.1,0.03,0.99,5,2.580543395561853,0.502778163420412,32.16820950801607,2.778813226531629,2.597838397906788,0.5137998468756126,32.55135222540928,2.6832323721724154,0.0,102,901
reward_centered_sarsa,up_shift,0.1,0.03,0.99,6,2.6007048494643796,0.5218197260447386,30.270013718578973,2.7843857604773943,2.6159824080278766,0.5136871931197567,32.52708109122319,2.6917043233011917,0.0,102,901
reward_centered_sarsa,up_shift,0.1,0.03,0.99,7,2.5763779965576035,0.5007237882756495,30.061817859956065,2.7984409599919244,2.6464517980921065,0.5220839479167649,31.937602186313274,2.6828218264458656,0.0,102,901
reward_centered_sarsa,up_shift,0.1,0.03,0.99,8,2.512387885196075,0.5392945032435229,30.38711240204668,2.5395664828877114,2.562054830254738,0.5059593868463066,32.71673713536566,2.6383028271264273,0.0,102,901
reward_centered_sarsa,up_shift,0.1,0.03,0.99,9,2.538657152727966,0.5371230937077179,29.796510068252864,2.6649856816537865,2.597116160021921,0.5226221347295736,31.39800950935795,2.656788186298159,0.0,102,901
reward_centered_sarsa,up_shift,0.1,0.1,0.9,0,2.4090011375933167,0.5451239512291749,25.138413795099506,2.2265051919889594,2.50766364691908,0.5399876516254803,26.217767636065094,2.312674108444205,0.0,102,901
reward_centered_sarsa,up_shift,0.1,0.1,0.9,1,2.36047590023364,0.5313579399800032,22.787262524655137,2.2977294839715823,2.544802656170617,0.5454141290153649,25.33801742216869,2.358467055739598,0.0,102,901
reward_centered_sarsa,up_shift,0.1,0.1,0.9,2,2.610750935045154,0.5385774565261798,24.943788643683604,2.4756860544051222,2.573186884922741,0.5274717449181279,25.92524086545138,2.459979689670739,0.0,102,901
reward_centered_sarsa,up_shift,0.1,0.1,0.9,3,2.4703565826663763,0.50760414417906,24.073558346116585,2.4357425310750647,2.5754901153608154,0.5481368912412972,24.819436834687174,2.3732250413742784,0.0,102,901
reward_centered_sarsa,up_shift,0.1,0.1,0.9,4,2.408259185094921,0.5278879846666253,24.77138970606444,2.304377035741975,2.546574506232889,0.549206077198956,24.72317042788668,2.351635151648235,0.0,102,901
reward_centered_sarsa,up_shift,0.1,0.1,0.9,5,2.5253177970872533,0.531691998952112,24.824856074610697,2.425096689790169,2.523628205188325,0.5357885448689058,25.96653675090526,2.372378323944352,0.0,102,901
reward_centered_sarsa,up_shift,0.1,0.1,0.9,6,2.400546047271828,0.5420497939740069,25.096405833538523,2.319361697258851,2.565620334314677,0.5407426931433559,25.71386504588161,2.3796109302143726,0.0,102,901
reward_centered_sarsa,up_shift,0.1,0.1,0.9,7,2.5444824712928615,0.5433501660085572,24.782707690386797,2.433035880121611,2.6045090138952833,0.5389172743435922,26.483770619277962,2.421659986997712,0.0,102,901
reward_centered_sarsa,up_shift,0.1,0.1,0.9,8,2.6494869297938757,0.5405339732307397,24.99539724223898,2.4273480651728807,2.522129563285528,0.5424105026329105,25.806159528618515,2.334634044366883,0.0,102,901
reward_centered_sarsa,up_shift,0.1,0.1,0.9,9,2.4765533491705436,0.5409828413377358,24.791267929445713,2.3445295378632625,2.5103508576649682,0.5445719109576552,25.35893612562147,2.3643864049071417,0.0,102,901
reward_centered_sarsa,up_shift,0.1,0.1,0.97,0,2.512636036123007,0.5087482221002994,28.352249796577365,2.4641891562114027,2.5600812082915945,0.5189464804527856,30.374541265696088,2.451842547459862,0.0,102,901
reward_centered_sarsa,up_shift,0.1,0.1,0.97,1,2.4112169779098895,0.5013357903246883,31.64392518941915,2.428673648601285,2.6073060111498,0.5149382622808321,31.93278533217554,2.49394887921598,0.0,102,901
reward_centered_sarsa,up_shift,0.1,0.1,0.97,2,2.6406660597145404,0.5287367659802684,29.4632930460593,2.5020181231368346,2.5809089791591124,0.5236846973541133,30.645702030873586,2.4781032122567206,0.0,102,901
reward_centered_sarsa,up_shift,0.1,0.1,0.97,3,2.4143058924283993,0.49452868501393793,28.06967190519299,2.463915284224621,2.604803818428015,0.5322336017010765,29.252892345004685,2.464673281101562,0.0,102,901
reward_centered_sarsa,up_shift,0.1,0.1,0.97,4,2.6059737043825417,0.5124462218179805,29.985247458259504,2.615584551767697,2.5969529207951445,0.528677027255596,31.274604765317097,2.4545120306619657,0.0,102,901
reward_centered_sarsa,up_shift,0.1,0.1,0.97,5,2.5400000474971356,0.5192874878682437,27.48876908441922,2.569906126233201,2.58583649022475,0.5121152880817331,31.182205775624595,2.5161445189318283,0.0,102,901
reward_centered_sarsa,up_shift,0.1,0.1,0.97,6,2.6562278272871542,0.5586883950102924,27.622735996577582,2.4390870764155506,2.5799805437436327,0.5364826101151638,28.757089144986345,2.430991127163926,0.0,102,901
reward_centered_sarsa,up_shift,0.1,0.1,0.97,7,2.555596035867519,0.5253717374521159,27.539331269513358,2.4127057251280557,2.605309136314886,0.538061179676504,28.679743751863256,2.440394297784628,0.0,102,901
reward_centered_sarsa,up_shift,0.1,0.1,0.97,8,2.5231796002330342,0.5225196438387004,30.32240803406215,2.3844902617694443,2.558517489668232,0.511224900484499,31.175500112559497,2.444860449502539,0.0,102,901
reward_centered_sarsa,up_shift,0.1,0.1,0.97,9,2.57128134092254,0.550237476983807,26.10166267491578,2.3460051793087406,2.6047225670822676,0.5213057428470764,30.737958950255337,2.495407322130346,0.0,102,901
reward_centered_sarsa,up_shift,0.1,0.1,0.99,0,2.5672335450290893,0.5273402761157673,31.11603030735399,2.457302857912515,2.574934535254144,0.4889204048130242,33.85983257762408,2.543285431881708,0.0,102,901
reward_centered_sarsa,up_shift,0.1,0.1,0.99,1,2.437318469513345,0.5067024711061001,32.35747522497241,2.439223179473634,2.5931013515525643,0.5127255997838042,32.65004186786374,2.5343739381295163,0.0,102,901
reward_centered_sarsa,up_shift,0.1,0.1,0.99,2,2.642175113410343,0.5236395111913237,33.10255776197539,2.530161610079077,2.6230779165848963,0.4982072225018019,35.52488104367334,2.5603202610293665,0.0,102,901
reward_centered_sarsa,up_shift,0.1,0.1,0.99,3,2.506795405264692,0.511233511114615,29.330827147634412,2.391879401616272,2.627246879517321,0.5329166195815456,30.034916298997842,2.4629314410369547,0.0,102,901
reward_centered_sarsa,up_shift,0.1,0.1,0.99,4,2.55390671828508,0.5156604427365267,31.291139440683146,2.5638417862682905,2.5862579811915998,0.5243052601205782,32.1146890844614,2.4722533936622484,0.0,102,901
reward_centered_sarsa,up_shift,0.1,0.1,0.99,5,2.50605970445346,0.5118109131238943,29.85491323800394,2.5129040067739017,2.5623635610116913,0.5268994134211199,32.330669939514415,2.4425846517831946,0.0,102,901
reward_centered_sarsa,up_shift,0.1,0.1,0.99,6,2.59345713826566,0.5198530423887259,29.90658641160886,2.514649807420776,2.574052164980865,0.5163422850043723,32.6028546670699,2.457874715213738,0.0,102,901
reward_centered_sarsa,up_shift,0.1,0.1,0.99,7,2.4513710612803514,0.518260874017778,30.23250399008771,2.4343359619926166,2.6299594426066903,0.5204651724728355,32.8515543033345,2.5134650973481985,0.0,102,901
reward_centered_sarsa,up_shift,0.1,0.1,0.99,8,2.6044898719016163,0.5303401544981706,30.61194555740275,2.4503875929099155,2.5693785812772663,0.5070405408168152,32.205424722445265,2.4850039201383303,0.0,102,901
reward_centered_sarsa,up_shift,0.1,0.1,0.99,9,2.4558435272024495,0.5285768484201736,29.94846301128625,2.3739004095296172,2.5906462260375758,0.5224676207927313,32.069391456085356,2.4663130446184156,0.0,102,901
