algorithm,switch_type,alpha,beta,gamma,n_seeds,early_reward_auc_mean,early_reward_auc_ci95,early_accept_auc_mean,early_accept_auc_ci95,early_q_norm_mean,early_q_norm_ci95,early_reward_bar_abs_error_mean,early_reward_bar_abs_error_ci95,late_reward_mean,late_reward_ci95,late_accept_rate_mean,late_accept_rate_ci95,late_q_norm_mean,late_q_norm_ci95,late_reward_bar_abs_error_mean,late_reward_bar_abs_error_ci95,diverged_mean,diverged_ci95
differential_sarsa,down_shift,0.02,0.001,1.0,10,2.3163097172217015,0.0531796106004059,0.5144004968083713,0.009774098551870378,30.467688982523434,0.6765791621217393,5.158971444593636,0.038771062982857304,2.5634069688447645,0.010976053665426002,0.5202454989554846,0.00474345808331703,29.191899021721632,0.9857539343445766,2.8072228258738017,0.01548735855470549,0.0,0.0
differential_sarsa,down_shift,0.02,0.003,1.0,10,2.396140842542702,0.05054641048686421,0.5404239082395919,0.007413167981877882,21.439804743277524,0.5523415455212973,3.7955351727996147,0.036737569577559435,2.57350000690015,0.01625077333542261,0.5338309670815473,0.00415760332268678,23.899811586874858,0.587235521981672,2.6657836657705207,0.014527056107598732,0.0,0.0
differential_sarsa,down_shift,0.02,0.01,1.0,10,2.4595440871720573,0.02840527949763962,0.5399221964106333,0.007839277092457976,19.42681405301361,0.1983859538912627,2.935543157224681,0.02509941102215478,2.567273534440513,0.017561447199574066,0.5391741599821545,0.003719610456244232,21.73649581995877,0.17214475923006087,2.630875878022963,0.012717429204904948,0.0,0.0
differential_sarsa,down_shift,0.02,0.03,1.0,10,2.4647205064225153,0.04304715917921912,0.5413968513008259,0.006953099530182209,18.484912105606114,0.12534669132577114,2.6224114526853572,0.037095454965474776,2.5556262083864327,0.015363289827490738,0.5430491286726193,0.003954967992079255,20.50075815097719,0.23488321771838133,2.5588899811204864,0.012106960198076982,0.0,0.0
differential_sarsa,down_shift,0.02,0.1,1.0,10,2.464149698075871,0.04010454522290493,0.5449271036454862,0.00749388430275877,16.779551433766386,0.12913588222902203,2.3962908294529006,0.027257032872519116,2.5396327944783925,0.01480983059478088,0.5471636154390029,0.0037706408075533684,18.289558320815356,0.1059688961736461,2.4050855149387855,0.012243450061773445,0.0,0.0
differential_sarsa,down_shift,0.05,0.001,1.0,10,2.285303679910642,0.058035593171047,0.5113128442974725,0.0122375358982073,58.567185331006065,1.0509515081195067,5.2868857160561795,0.032145579890324266,2.5698218916289215,0.016178362183170775,0.5026515320878981,0.004101268105847141,41.634332229127935,1.9916958310294042,2.870968232404155,0.01801517193271408,0.0,0.0
differential_sarsa,down_shift,0.05,0.003,1.0,10,2.4137936778898,0.04016218128729781,0.5205833228927198,0.008383512871855417,31.280456953617495,0.9990189390827342,3.8516956008985574,0.02857474322686175,2.6031963482552123,0.018444685042244315,0.5113228755282675,0.005439988165711317,32.583425221354716,0.8994894798837803,2.752277113989352,0.020619939513917603,0.0,0.0
differential_sarsa,down_shift,0.05,0.01,1.0,10,2.4830144264173835,0.03183957233574425,0.5263519528772942,0.009574869830609635,26.23135274521805,0.37062679666548853,2.9922212470902823,0.02461604069055801,2.599962928997937,0.015250155645226035,0.5248153011449904,0.004381383946998577,28.432053828309677,0.2752395998323543,2.685801693345794,0.007255366978421885,0.0,0.0
differential_sarsa,down_shift,0.05,0.03,1.0,10,2.517261756480955,0.03179808665659277,0.5306618862659864,0.008858732579580269,23.544069023615087,0.2797713618676408,2.702601351054226,0.023502077556966514,2.586082404372727,0.01593489464768705,0.5286072942178203,0.004320703411448128,25.759321988238913,0.2489038632934234,2.626869444378553,0.015021373997194375,0.0,0.0
differential_sarsa,down_shift,0.05,0.1,1.0,10,2.5074687123973978,0.0346144219970346,0.5340370215024008,0.008336205277309772,20.856334656886947,0.19413768173048834,2.4439864892145247,0.0254448909013686,2.578704635274733,0.01782855617264402,0.5354514475282398,0.0030686408740662426,22.48719191157341,0.1298231965274949,2.458928173651197,0.007091767564012686,0.0,0.0
differential_sarsa,down_shift,0.1,0.001,1.0,10,2.1941390020497655,0.04240264266879371,0.4904407163761709,0.00779727788435055,105.43946623422042,2.251023131351947,5.4098473490464345,0.02884522118176363,2.5436937338057555,0.012150938356807016,0.4858086208159703,0.005219739316096203,60.07097281854993,1.7457729552644172,2.910532509386681,0.017440203060791647,0.0,0.0
differential_sarsa,down_shift,0.1,0.003,1.0,10,2.3600423270379745,0.03184679966100601,0.5076146054358339,0.006815589976277883,42.39325174103395,1.100052581982108,3.8773959935766684,0.028868047404407748,2.6022183892163233,0.01967244459915447,0.503022763889686,0.0038908949278621836,39.93762539560438,1.502321547831475,2.777714543479042,0.008198819973373354,0.0,0.0
differential_sarsa,down_shift,0.1,0.01,1.0,10,2.4788501032076384,0.038674186703553055,0.5135798581859071,0.010506122929497456,32.16792552194157,1.0960048850823436,3.0485412126342606,0.03014767311798474,2.6124964591025432,0.013844467599746394,0.511864662144759,0.00426077659757205,34.068878314614594,0.7860496031252726,2.740117075271727,0.01566287833840541,0.0,0.0
differential_sarsa,down_shift,0.1,0.03,1.0,10,2.516050375167923,0.043178446576366956,0.5199628396909572,0.008649198381804689,28.562431753012607,0.27841088808123826,2.728432688259354,0.03599336622429302,2.593919705811166,0.016145742427725988,0.5213136932154137,0.003299982114789556,30.314867715392474,0.31519820832226336,2.6489457694778125,0.013006436013665912,0.0,0.0
differential_sarsa,down_shift,0.1,0.1,1.0,10,2.514652183880447,0.040548544609376444,0.5299225017312329,0.006918811920353882,24.318478152485486,0.31209061379711533,2.4760093034157125,0.03331999788599165,2.5684660764454237,0.0204008980069695,0.5325581837436979,0.0025716567278187955,25.725413429122977,0.3065277616539968,2.459129504837142,0.013793836960317996,0.0,0.0
differential_sarsa,sign_shift,0.02,0.001,1.0,10,2.523578649732319,0.048558557588479934,0.5357893514068425,0.007421743981984708,28.787904459765393,0.32957406436731307,7.283398473580999,0.03228500257516242,2.544961177420166,0.02442276058312139,0.5467518477640514,0.004088540046644401,46.05927083374663,0.1464229612416075,2.6442432612200766,0.022529856975452654,0.0,0.0
differential_sarsa,sign_shift,0.02,0.003,1.0,10,2.518802474648642,0.048095252662023705,0.5432327433927757,0.009202769280495656,23.75068096241786,0.3046457268026415,4.316457401913414,0.027992165402112877,2.5322041931424795,0.021999050489794437,0.5492459351116235,0.003706223900156829,25.460806602072903,0.22732970214742565,2.589118473194315,0.00918597124810833,0.0,0.0
differential_sarsa,sign_shift,0.02,0.01,1.0,10,2.490076648376088,0.0383460600518565,0.5390358494751261,0.008041786931786348,20.013350262835143,0.20598970967995628,3.0803615913882476,0.026045708469757747,2.532933740131807,0.015108595844920492,0.5474678950004701,0.003340982841949061,21.243551328727868,0.1969596487625886,2.5860732923031873,0.008801432203732534,0.0,0.0
differential_sarsa,sign_shift,0.02,0.03,1.0,10,2.492006006736532,0.03833871659678888,0.5433578471091939,0.006973573456918234,18.660662283009483,0.22972676910806875,2.6831301254864477,0.027384379314648828,2.5502192354982176,0.013171848829699904,0.5437611752142701,0.003983097678685459,20.29475348606289,0.22722461664543875,2.552070332078406,0.01056163588941509,0.0,0.0
differential_sarsa,sign_shift,0.02,0.1,1.0,10,2.472339024803474,0.027940064731930184,0.5456608368701779,0.009675429306678841,16.846024893499727,0.1354029832518115,2.413862844095667,0.024361989969711575,2.53417857764621,0.012202912529954346,0.5486536044696797,0.0030650076596545495,18.21403244138606,0.1115926216161083,2.4008529307974804,0.007923355083644563,0.0,0.0
differential_sarsa,sign_shift,0.05,0.001,1.0,10,2.54947933503611,0.05547521466215881,0.5225186089264316,0.008423997364910086,52.05536224544894,0.5749849568357748,7.287119864011991,0.025243318327922724,2.5898737399661353,0.01706245636287628,0.5276108366273414,0.004820829290407621,90.96123837620584,0.5193770037467326,2.728960390522077,0.022052022681015478,0.0,0.0
differential_sarsa,sign_shift,0.05,0.003,1.0,10,2.5295517852884477,0.036209654849056805,0.5247530074833586,0.010228384150536807,38.86277821598657,0.3976358776151489,4.3411176742693645,0.02419332634887494,2.573944555881833,0.019548542335680284,0.5295711766748377,0.004264228139635916,40.18390709656937,0.32043386722858197,2.6815932814295325,0.021564893993822106,0.0,0.0
differential_sarsa,sign_shift,0.05,0.01,1.0,10,2.515088712065393,0.05209459453954266,0.5325685892787189,0.010054382229951636,27.008519549491417,0.4353852560649969,3.1079105784275844,0.04447508549530827,2.5674534803306868,0.016437533055236812,0.5328726120929116,0.002917044211216351,27.15784090135163,0.26370049365210735,2.6560792950119363,0.014553828440949918,0.0,0.0
differential_sarsa,sign_shift,0.05,0.03,1.0,10,2.532190420810577,0.03551966775121644,0.53168524097883,0.006610271606591621,23.753814864800415,0.27476367821335707,2.7277787986995135,0.0302038742214732,2.576031360145154,0.013605620994813538,0.5369595468104547,0.003906994087772599,24.93177196633952,0.2744576623208126,2.597506693908586,0.014834959654337895,0.0,0.0
differential_sarsa,sign_shift,0.05,0.1,1.0,10,2.5137782737202956,0.03747556395782493,0.5350702662157019,0.008783196475075732,20.785190057227986,0.16430971245159798,2.460817567956401,0.03051941334003784,2.5622844317657614,0.01598859395294438,0.5401359244042954,0.0028682368882732767,21.98712520842092,0.26928951350837715,2.4330073194948616,0.01402862817551532,0.0,0.0
differential_sarsa,sign_shift,0.1,0.001,1.0,10,2.5730281229155656,0.04277797666928606,0.5010315351488522,0.008812456137539369,85.93703711445046,1.3454035902638177,7.288623240038028,0.02695329837952827,2.5840086481982913,0.012342839156132058,0.5149672504792996,0.0034218147174293967,159.89718213347064,1.0442817380812812,2.7604596534563273,0.015873364372622798,0.0,0.0
differential_sarsa,sign_shift,0.1,0.003,1.0,10,2.567279705538884,0.05125808942061541,0.5119365414708824,0.009009997260918936,60.208127506106486,0.9331355222255844,4.3725501763043635,0.02138413811754198,2.591478591207921,0.015081273552425285,0.5222986323543624,0.004230055772961343,62.484969511307476,0.3720345213818768,2.711551091884614,0.015617636329924897,0.0,0.0
differential_sarsa,sign_shift,0.1,0.01,1.0,10,2.5498433554992097,0.05152838001850284,0.5129259354940421,0.009542026395446107,36.498904931194836,1.0071392974651983,3.174547252109642,0.04662414376589188,2.5916798358973816,0.017972636490304818,0.5224224425266353,0.00248565934722994,34.22992267378403,0.5148477992810161,2.6977140935497377,0.015242410003460568,0.0,0.0
differential_sarsa,sign_shift,0.1,0.03,1.0,10,2.5561619521450982,0.03555601692656662,0.518578984817292,0.008627139745742723,28.249064449322486,0.6024566466979825,2.7881504914113178,0.032079061941088005,2.587250425233113,0.012639655032242689,0.5278392367382552,0.003993596271433492,29.180573996061526,0.4589322864464903,2.632277522374587,0.01525631324789532,0.0,0.0
differential_sarsa,sign_shift,0.1,0.1,1.0,10,2.516198211025306,0.0332162344389045,0.5328389744914881,0.007535567230974547,23.653805942525285,0.483636542011851,2.465019290204909,0.024179989787901503,2.5634274563236454,0.01456041511082964,0.5360294930317943,0.0031308196088967095,24.840532379108726,0.2936068272387935,2.4480823371721385,0.009718913593167629,0.0,0.0
differential_sarsa,up_shift,0.02,0.001,1.0,10,2.4389794163713745,0.03978423465482997,0.5495951236174463,0.0070162026118171196,28.685017553133584,0.2329314055898098,4.933893533883715,0.03331851030958448,2.48406469007828,0.018651433088839025,0.554193443565492,0.0038296463428333554,42.421108185697356,0.14777629026954303,2.5475288036100308,0.010929285232752124,0.0,0.0
differential_sarsa,up_shift,0.02,0.003,1.0,10,2.48230240896289,0.04777559650793687,0.5431822597712551,0.005814269781561493,22.273905861496267,0.24010903144106713,3.309338842153802,0.03166124870792569,2.526759176348121,0.009590931407930329,0.5484080797378237,0.003632447881114166,24.28608104525151,0.1709599433966559,2.5905215520826337,0.005467558919825308,0.0,0.0
differential_sarsa,up_shift,0.02,0.01,1.0,10,2.4982091249739695,0.047607197688407835,0.5437174113349144,0.00848468073008488,19.573994223954465,0.3032808654970874,2.774935745607097,0.036549077453744465,2.541197431347748,0.008188200520281736,0.5451153431590711,0.005147068971925339,21.142488534342213,0.2580816730135412,2.5962102744808524,0.01268823744091532,0.0,0.0
differential_sarsa,up_shift,0.02,0.03,1.0,10,2.4850085484352706,0.0415232194933224,0.5407135614958467,0.006963221210189093,18.538110504362482,0.15933158938822667,2.583789512736442,0.02818685444182478,2.5484448479275232,0.01650389880488631,0.5451423621160385,0.004095077498305917,20.19027811194032,0.21161870645985367,2.553039252507309,0.012266399419502052,0.0,0.0
differential_sarsa,up_shift,0.02,0.1,1.0,10,2.453449638675992,0.04947795275234445,0.5465524552445763,0.005850979295982022,16.867871828533954,0.12462584196086533,2.3747947107221115,0.03320378677230132,2.5396475594043957,0.012272130092948924,0.5465228345362639,0.002780991909920241,18.348202009674843,0.14681471215682457,2.403909174641371,0.005075213611721402,0.0,0.0
differential_sarsa,up_shift,0.05,0.001,1.0,10,2.50266184708149,0.05483898706585307,0.5358472671082863,0.007206603683847014,54.76073433892886,0.5573839712570655,4.948459634591613,0.03794488576764785,2.544693153873348,0.019735681867651424,0.542269225709333,0.0035820834132195395,87.47763567978024,0.4456665250805636,2.6019848653542956,0.016627039350184135,0.0,0.0
differential_sarsa,up_shift,0.05,0.003,1.0,10,2.519766082391252,0.04190899637711245,0.5340632684071098,0.007602661110021822,35.06617534098406,0.6177976105312843,3.3455850673859033,0.03574375285334811,2.565821234642616,0.021219215033834848,0.536304619946137,0.005244920669360711,37.569451558220806,0.24513844895241793,2.654228037040295,0.014782260450084494,0.0,0.0
differential_sarsa,up_shift,0.05,0.01,1.0,10,2.517941861666462,0.04557730278739097,0.534228572423527,0.008801605629390996,26.116785957646847,0.4697844327804868,2.8240891268509953,0.03872621287543068,2.5728463251590914,0.019384395501227898,0.5328822474342263,0.004968186240138305,27.013091820619128,0.4485920091331196,2.66061466739347,0.014182695866360208,0.0,0.0
differential_sarsa,up_shift,0.05,0.03,1.0,10,2.521381509745043,0.047032812819925066,0.5288711531867085,0.006983466366040837,23.551162796958646,0.2213504833037082,2.632528235214183,0.04040857625725294,2.580466769376256,0.017954624568575814,0.5331145227335787,0.0029682899924149634,25.043100147563287,0.2568519722016501,2.6116188839995926,0.017418815484185838,0.0,0.0
differential_sarsa,up_shift,0.05,0.1,1.0,10,2.5018882798397666,0.04373507264611407,0.538895496021288,0.006057307343120806,20.659756004491285,0.21834646796411084,2.409377159092705,0.03273249588465937,2.5561541178106397,0.019145377396108405,0.5413690526491808,0.004015234906082591,22.01209138493931,0.18833654704995598,2.4289357948366512,0.015501831545714367,0.0,0.0
differential_sarsa,up_shift,0.1,0.001,1.0,10,2.486762998582532,0.04891109116037554,0.5277225272817139,0.010620508494375503,97.09238106441569,0.8555143148111335,4.955802467064534,0.027519461337208655,2.537288191161113,0.015023723572755414,0.5353773904985116,0.0031101568358609514,160.49659608585077,0.5648219428584517,2.627081695956293,0.020880436295952202,0.0,0.0
differential_sarsa,up_shift,0.1,0.003,1.0,10,2.5224986853454703,0.049278107866419375,0.5243797178243281,0.009334439404134127,54.92517424428907,0.39939846181153266,3.3571893790346072,0.0312999279885648,2.5782583751122483,0.015584034419326835,0.5282728248561336,0.004749815041209214,59.77468532543388,0.16253177297872423,2.6886862484777714,0.011085773451846508,0.0,0.0
differential_sarsa,up_shift,0.1,0.01,1.0,10,2.557377663823308,0.0389300590175357,0.5220793633455246,0.007804976985026133,33.65392373654512,0.7645453302715337,2.872618823830655,0.03252751254284475,2.5920592500133885,0.018304894173497104,0.5211807988553626,0.004292360392727953,33.40350984324782,0.2943869406260656,2.706825464134231,0.008090438962316003,0.0,0.0
differential_sarsa,up_shift,0.1,0.03,1.0,10,2.548141278221084,0.04764228872071462,0.5227131561599638,0.005496026135603251,28.12677092385949,0.43455210586848775,2.683653043033954,0.03916446493082434,2.595943484357747,0.016258462925170993,0.5258827532955321,0.0030943188909612488,29.36999899292328,0.28866822678486737,2.6395306378397136,0.015756629860701112,0.0,0.0
differential_sarsa,up_shift,0.1,0.1,1.0,10,2.526805157217026,0.049175194727861596,0.5292440681527674,0.006727928859618729,23.878428464418448,0.31375025437252,2.4510512601107917,0.031474449735102356,2.572996006515738,0.012821362966103795,0.5346272843175823,0.003149590052547654,25.22412816722291,0.32754403884570926,2.4573763344268045,0.012977018505840241,0.0,0.0
discounted_sarsa,down_shift,0.02,0.001,0.9,10,1.6893529666936478,0.16754535974686552,0.4491862972340379,0.030375301662439985,220.98023213768857,5.195160102450929,5.118037578283358,0.04706126022065698,1.8082647729314083,0.14593498906851726,0.4669795163823821,0.02597466153536169,180.64635180172834,4.244935414260701,2.267175102073538,0.12676822337856514,0.0,0.0
discounted_sarsa,down_shift,0.02,0.001,0.97,10,1.7299607567674098,0.19594253613269755,0.44583452214160635,0.03170721530542755,285.6854223667472,9.008158145041183,5.144304749176974,0.04809145862070716,1.7589793251714536,0.16512682924671912,0.4493340929293301,0.02954028220099573,267.9048029285899,9.20882620250136,2.245475852616612,0.16586221802402343,0.0,0.0
discounted_sarsa,down_shift,0.02,0.001,0.99,10,1.5460107011447348,0.2298793262161714,0.410215445903712,0.02315262371846178,297.3581456938853,14.904085637111953,5.0759787345371095,0.06340215994271459,1.5721552998596793,0.21642152890741337,0.41716364448908044,0.02519778814649144,291.16251355651247,15.962168439986652,2.0993337656074087,0.21862553010697913,0.0,0.0
discounted_sarsa,down_shift,0.02,0.003,0.9,10,1.626053834306747,0.18968917854740913,0.4531275279781225,0.035550124814821706,218.94231165408465,6.931742848753399,3.4401365928162604,0.10199646651438715,1.7776073486523583,0.13735042914801357,0.47110476079782754,0.027006155682720415,178.85957340279796,5.000515383393823,2.0621894064065613,0.09939088370359492,0.0,0.0
discounted_sarsa,down_shift,0.02,0.003,0.97,10,1.8340686373881059,0.24044507599142717,0.4595992811967024,0.0429106500672302,294.6577257841928,15.283211322749782,3.6068485929449556,0.12128426042942665,1.8884220574192612,0.23935859164439477,0.46769953526601676,0.04226420075080194,277.2489902272465,15.855732095613213,2.187659118723345,0.2142979799500224,0.0,0.0
discounted_sarsa,down_shift,0.02,0.003,0.99,10,1.687326520632454,0.2014397890559885,0.4385793559359435,0.04052905444677957,308.3774504658495,13.799053587478804,3.5022489840450923,0.10596215293373563,1.7087436620767473,0.1863642796523103,0.4378825209753733,0.0386737609735618,302.6558458334019,13.796250087546893,2.050886747945337,0.16882116681338669,0.0,0.0
discounted_sarsa,down_shift,0.02,0.01,0.9,10,1.7987059767224536,0.2555213738854691,0.46487023926014415,0.029859705394132213,222.33890053824635,7.5934182900681675,2.498450303263257,0.24755862196837772,1.929345369476533,0.18637358299605675,0.4715790011929085,0.02388402302589021,182.7083648831863,7.498995283530455,2.189795881810507,0.21108576177474703,0.0,0.0
discounted_sarsa,down_shift,0.02,0.01,0.97,10,1.5757303099563624,0.3019014062419008,0.4001377143184965,0.06071694040765278,281.6432154608077,7.484754843964995,2.400981989991298,0.25609446214759124,1.6495199114667483,0.25900155777136874,0.4104171015980519,0.05035928979126279,262.12469528048155,11.101638354128285,2.009791848614159,0.25117909234064884,0.0,0.0
discounted_sarsa,down_shift,0.02,0.01,0.99,10,1.6403832960086189,0.17889808176493602,0.46047762056682445,0.04375578930143844,315.91616458467945,15.75184091544483,2.369376182021325,0.12460101274887872,1.7051977061853474,0.19845431940760816,0.4649513761101699,0.04137237472070393,310.1562359421813,14.287400018141307,1.932114603533733,0.17207477142982452,0.0,0.0
discounted_sarsa,down_shift,0.02,0.03,0.9,10,1.708897604106505,0.12669471833930573,0.4756710576471538,0.02153769509112314,223.15925018627945,3.8106504891823536,2.062373188251314,0.13641548391683694,1.8514924185876787,0.11169988547292693,0.4857350456481281,0.023270873647626384,180.97627058097598,4.116107686343169,2.0479749622715544,0.10968016804799108,0.0,0.0
discounted_sarsa,down_shift,0.02,0.03,0.97,10,1.5467468146120116,0.18071916598182217,0.43814259553482415,0.035842239077072686,286.5727576704845,11.677894311800433,1.962848702242076,0.1737602851369362,1.6085200872256469,0.18985842931497182,0.43922157224567765,0.040921344154784794,263.9893257596042,11.390633575721095,1.8669649046270986,0.1698859955323777,0.0,0.0
discounted_sarsa,down_shift,0.02,0.03,0.99,10,1.7194145186103413,0.18023168012486568,0.4351430537592821,0.032286727767337674,303.0595932948324,14.27367619053064,2.178346244253235,0.17766125622759046,1.7597354171547681,0.1416203399416464,0.43869564142949613,0.022972729238196037,298.5589004595455,14.258869934802448,2.0673877553537747,0.1597684063737917,0.0,0.0
discounted_sarsa,down_shift,0.02,0.1,0.9,10,1.6513405722220569,0.2577371198306128,0.4617106535573816,0.04478006603081132,219.67277648928984,8.631091356347337,1.789965166863135,0.22259283472647937,1.7664721622076827,0.24595004919779226,0.46846112614665836,0.040501841468685434,177.2162277491012,7.442219945449332,1.856693243734948,0.2126113797318455,0.0,0.0
discounted_sarsa,down_shift,0.02,0.1,0.97,10,1.7376484849809255,0.20552431365322152,0.47165483352494436,0.039021575009416276,292.14490213041387,10.955251042894247,1.8947679346208992,0.18444403918552935,1.7435432956146193,0.2190603735432154,0.47497539503266245,0.040467451449749184,272.3985213904797,11.414853438098906,1.829425817767385,0.1958832380191808,0.0,0.0
discounted_sarsa,down_shift,0.02,0.1,0.99,10,1.547409046658355,0.14933435508322257,0.4466365762755469,0.025114951422670617,297.5902327582159,14.686675448822191,1.6929087801203662,0.12253790059634535,1.6101576783005336,0.12646786486965372,0.4514318789957457,0.024681353494321014,291.8031943408115,13.897150395024367,1.7113287557496648,0.11927926266726865,0.0,0.0
discounted_sarsa,down_shift,0.05,0.001,0.9,10,1.8093135930250046,0.149315238169615,0.4675149464426605,0.023382990471996535,359.6255027053974,6.995814737815211,5.161186073486091,0.058027149503669107,2.2397434778177314,0.05293444911073093,0.5025084739764732,0.02029578867946184,266.65777701263903,6.785776521142452,2.6343652453510447,0.03744590248779331,0.0,0.0
discounted_sarsa,down_shift,0.05,0.001,0.97,10,1.602003878433494,0.26240516833802924,0.4195183240245141,0.061226257549543424,549.8192790767297,21.46808239226017,5.1067103631394115,0.051552402132622896,1.881454888363702,0.1638042922949681,0.45615394489288247,0.04307267096536425,497.2540452341824,22.64714986455274,2.3588336961533445,0.09150453672808838,0.0,0.0
discounted_sarsa,down_shift,0.05,0.001,0.99,10,1.5402770116357727,0.19957398929069897,0.4488327227112311,0.04636209554043452,643.018557866266,29.258178877661223,5.051964540243908,0.05696243349420834,1.7535642381122245,0.1898107124008641,0.46389654217336174,0.047078208724751845,627.6111169526072,34.87307721145525,2.1885255778981456,0.1424227616407077,0.0,0.0
discounted_sarsa,down_shift,0.05,0.003,0.9,10,1.7610179038874652,0.1343887192813916,0.4487072151123012,0.020298776315742628,356.35814060035904,9.349960687463433,3.618243965486723,0.07962703259588075,2.2391925584667964,0.0625837625635431,0.4957983178116148,0.01392747767782101,267.4456916597529,10.408100688289498,2.4909027400335098,0.04327772650976884,0.0,0.0
discounted_sarsa,down_shift,0.05,0.003,0.97,10,1.5772994736091412,0.2518084180576369,0.4331460582547253,0.045666979964189475,561.6703218875384,19.638714255042704,3.430837254357507,0.1400215943298911,1.879563543950074,0.18767169853752605,0.4581020463342608,0.04586411255576921,501.26920197947646,22.690035263787028,2.173538318949677,0.1392155687466576,0.0,0.0
discounted_sarsa,down_shift,0.05,0.003,0.99,10,1.531748474258567,0.19448031615989297,0.44444480198464636,0.0363017707032353,663.825580700757,24.609346469733435,3.3409518099047104,0.1154967524695245,1.733223333020042,0.15271107100446232,0.461641394497626,0.034770140055078544,645.5426803861061,20.688652402934256,1.9925894355542781,0.13982825529176987,0.0,0.0
discounted_sarsa,down_shift,0.05,0.01,0.9,10,1.6561154230310127,0.16100544858349086,0.4664473496502611,0.03463603198412035,354.4471642648932,7.198586570273027,2.3976449219975233,0.11869032778262058,2.1900817036285374,0.1111096995651559,0.5073633677923546,0.015676219099440416,266.16749785219577,8.177604915882712,2.393788394952462,0.0932416003899372,0.0,0.0
discounted_sarsa,down_shift,0.05,0.01,0.97,10,1.421791104399958,0.2256023494118844,0.4342498828797473,0.046300158005531715,548.8689006586955,18.93180511237517,2.1792118139828784,0.18369135256536306,1.8765388932770661,0.18552566525790112,0.4655274893325615,0.042603435503705135,493.51880350654284,18.973745540190404,2.147108268830362,0.13857703201836247,0.0,0.0
discounted_sarsa,down_shift,0.05,0.01,0.99,10,1.6661657396736202,0.233740255577936,0.4522492002806799,0.047821644300652597,665.5117676980792,28.255986200425525,2.4089632060771313,0.20387705952127202,1.8471868486628835,0.1608993227776911,0.4734402169988449,0.04208774819267313,651.7102864387705,33.256355648055695,2.1215387801223176,0.14893917464987327,0.0,0.0
discounted_sarsa,down_shift,0.05,0.03,0.9,10,1.7356282880433482,0.22355587447945668,0.4405474773051344,0.028688537566478392,360.165690619757,9.283742699028984,2.1744380829006076,0.2403477709553523,2.2054454132071184,0.11474820523234663,0.4976164756762781,0.009804184677524667,275.705978923377,8.852301519570782,2.3787057060446695,0.10782546180256546,0.0,0.0
discounted_sarsa,down_shift,0.05,0.03,0.97,10,1.5361290236005452,0.19891224712307165,0.39964942572622686,0.07128099713024663,555.787921006088,19.491604137485563,2.01208593087062,0.14629133291704163,1.8861402775293705,0.14590044750365275,0.4456936459952517,0.05080852293898597,499.1641951933934,19.756289166602237,2.183935821947169,0.08071688897698281,0.0,0.0
discounted_sarsa,down_shift,0.05,0.03,0.99,10,1.809192705333596,0.12379285743157772,0.48213682247716283,0.02747406201956745,686.6777190264222,23.788428578708697,2.179872059512267,0.11179922663599402,1.9263853043051267,0.11650104367385469,0.49089973836171164,0.027707700551432977,675.391651911604,24.044781748692863,2.1377848771166956,0.11202942288829451,0.0,0.0
discounted_sarsa,down_shift,0.05,0.1,0.9,10,1.6631211602602562,0.23193102329405244,0.4673986130531377,0.045471531291728935,353.5534831368393,7.307664180616215,1.8022390433307123,0.1732621779881555,2.2549685990981216,0.09460434496874019,0.5006573731584529,0.027949979369601217,263.4923041367098,6.169007777804427,2.280546423900322,0.03906955518841302,0.0,0.0
discounted_sarsa,down_shift,0.05,0.1,0.97,10,1.7114391477936208,0.21039502363284532,0.4614079209982309,0.026193496700789715,566.6113953382323,18.522401148036597,1.8680635061596553,0.1980793668021139,1.9818693878003633,0.12834631629185606,0.4807395243937121,0.02353840781828367,511.6292646954471,18.20419065395516,2.0480338956940063,0.10755340743445503,0.0,0.0
discounted_sarsa,down_shift,0.05,0.1,0.99,10,1.8343525535213838,0.24447784717856802,0.4465490077916122,0.03828923641411363,651.9378774732096,40.98209109648765,2.0219711233695143,0.23927844372295046,1.9352065157940619,0.20641381795234157,0.4562078805989698,0.03793324469526108,643.9131633434362,44.78725673788421,2.062273924461219,0.18703238969875685,0.0,0.0
discounted_sarsa,down_shift,0.1,0.001,0.9,10,1.8698587963558944,0.1658453171328629,0.46335917430961915,0.03669706946080844,466.545791311038,15.558020939210977,5.042298539424252,0.060801396163135436,2.3047715253627232,0.05689288665651393,0.4855873147433972,0.01993426827752194,308.76367049614004,14.90157204332529,2.721035385924313,0.03471451886357185,0.0,0.0
discounted_sarsa,down_shift,0.1,0.001,0.97,10,1.7998649003715907,0.2179998019560386,0.4657910804733788,0.036864119788500106,916.2326821501772,30.466046519656707,5.099104840696988,0.07655249144678186,2.2557319372635734,0.12231575696236777,0.5000916009792615,0.020225447796664055,791.7528133739705,22.01131831724952,2.634148613861276,0.10436467678143135,0.0,0.0
discounted_sarsa,down_shift,0.1,0.001,0.99,10,1.760590580856671,0.20853181839975804,0.453246094335886,0.03040482361780733,1190.6989646338907,43.45184730926101,5.1713617067102335,0.08670438973801692,2.0827869827079373,0.14866133591830838,0.48616259521764604,0.03727867172761805,1165.6230652689994,45.951020124411365,2.5065230159345075,0.11869079550504007,0.0,0.0
discounted_sarsa,down_shift,0.1,0.003,0.9,10,2.0096807353826733,0.1438376402020355,0.48337647681739365,0.030862633863940406,480.67489784871225,12.911732304225774,3.6377062502380584,0.07409133141643753,2.3049691855501826,0.05235008687377497,0.4929813173488327,0.016025408369719194,315.1082062892333,10.28800669719829,2.5621860575726303,0.027178197893988735,0.0,0.0
discounted_sarsa,down_shift,0.1,0.003,0.97,10,1.685084931658281,0.2752212761308577,0.45498668054317265,0.03863648912573034,900.3862953001677,36.20905926742797,3.483098444221286,0.22093376305584883,2.212387608696708,0.19676159455349443,0.4909061810691394,0.03823550635114417,777.2633556220524,34.15771980994389,2.4656133918900687,0.13999917456973243,0.0,0.0
discounted_sarsa,down_shift,0.1,0.003,0.99,10,1.9275164655901431,0.12381169867252224,0.4828617215923998,0.02451790184164274,1212.583985522173,41.84800135171655,3.6430907159770123,0.10608071163714697,2.184834976081256,0.0639278969535821,0.5267491104221952,0.016543472025640472,1193.0254422538003,32.63996393075865,2.361928801340841,0.06458412156149958,0.0,0.0
discounted_sarsa,down_shift,0.1,0.01,0.9,10,1.8934493000266983,0.17458590437531832,0.4742657941081778,0.028244053296311668,473.62530937621807,13.24030276976634,2.607921289520325,0.12457468325253285,2.3081237501721033,0.02560314812760752,0.5010172225595586,0.011546112402666037,314.9931744451534,17.33159535578284,2.516718730481931,0.01784055620655827,0.0,0.0
discounted_sarsa,down_shift,0.1,0.01,0.97,10,1.7340765793155473,0.1776444101165393,0.4753152065401678,0.024678641426989206,916.5967625397423,23.539967629830258,2.480280897802026,0.14747926908789571,2.322727867128667,0.06559501954130932,0.5135050765524063,0.013877294960312318,799.6585428419567,16.858351209396023,2.5182087715319836,0.04934600520289611,0.0,0.0
discounted_sarsa,down_shift,0.1,0.01,0.99,10,1.9035696643530902,0.21282887608485618,0.4612272525469539,0.04132292071634623,1202.8099922493293,54.21447317533022,2.6135316121601226,0.16857928462258578,2.068739363073282,0.13666200861588843,0.4857699971088422,0.03577519440333376,1168.9817196667457,54.06091652678991,2.3245556209734572,0.0835430496045826,0.0,0.0
discounted_sarsa,down_shift,0.1,0.03,0.9,10,1.8968491120372217,0.1416332947233959,0.4587017129338971,0.03394169216204923,469.8230959633621,11.16777430786829,2.31793044430679,0.10558654015385317,2.3025123128463516,0.04761939839040957,0.4909873145077516,0.015778027248187436,314.30789240540173,14.886614092266168,2.5006878030527475,0.05136415267095414,0.0,0.0
discounted_sarsa,down_shift,0.1,0.03,0.97,10,1.6493388768113202,0.1970127901364271,0.4577189355947457,0.039610045928276535,904.5260959673662,27.02186356445486,2.0299462719578805,0.1844199969104051,2.2537338287244424,0.06788686102749926,0.5029610011013459,0.016096193300562806,779.5136648870127,14.84565676171444,2.4309135090527425,0.055167178227505824,0.0,0.0
discounted_sarsa,down_shift,0.1,0.03,0.99,10,1.4435322842479559,0.20339100777719152,0.3986447642559495,0.04764844369265073,1139.8218093246116,41.11892405522704,1.924322248630429,0.2098508434526401,1.96195050488338,0.22825883626180404,0.45183954005448657,0.05895008379942894,1109.3069303923353,53.16279833567262,2.2263915058426624,0.1520446626015528,0.0,0.0
discounted_sarsa,down_shift,0.1,0.1,0.9,10,2.024801242594277,0.1256070670728469,0.49329549983131676,0.024096147899309694,480.68862541798023,9.033347063840253,2.120772817908933,0.07473586519109698,2.3335732265668687,0.02861026269633558,0.5040635597963389,0.008048769860265231,310.628974313838,15.737811338615332,2.331030068788103,0.02642826880774019,0.0,0.0
discounted_sarsa,down_shift,0.1,0.1,0.97,10,1.7482139453391667,0.3193085330053526,0.4552952942664789,0.05453161780367677,910.9537984405144,39.05547818062658,1.9044145362352247,0.25943807981488876,2.194074309500908,0.14660745156895408,0.48686604156365887,0.041044356858150895,773.7533346235167,32.07800238920788,2.2469274972851285,0.0789879600263369,0.0,0.0
discounted_sarsa,down_shift,0.1,0.1,0.99,10,1.7311442674675745,0.15976283657428328,0.4484036513803177,0.020972725650103552,1175.4877996599114,27.859175684159055,1.9282071580489653,0.15682295005247512,2.1023387120029655,0.1321669241457089,0.4889795189554159,0.028094077857957398,1148.87699289837,29.275325423230186,2.165930354241133,0.09124202340487586,0.0,0.0
discounted_sarsa,sign_shift,0.02,0.001,0.9,10,2.4309943171756414,0.07345684953583038,0.5035805439510007,0.02006188030933198,38.313157561645454,0.8656384635038628,7.257447820106845,0.045866913970017284,2.463255867146399,0.058044755800605266,0.505220019458944,0.018417937655379718,146.93914976926544,1.885662398026159,2.7093472776964047,0.059548753742443214,0.0,0.0
discounted_sarsa,sign_shift,0.02,0.001,0.97,10,2.3911193844886136,0.07211420723090171,0.49667102848790623,0.014585210741322975,44.22170375060331,1.929960944370181,7.264450078651795,0.057170474822773244,2.399548976346312,0.11172024805699375,0.4988643420898192,0.01821325697804542,168.60768126638283,4.903994571138075,2.667054812761525,0.09508946015727787,0.0,0.0
discounted_sarsa,sign_shift,0.02,0.001,0.99,10,2.420858806686516,0.07643896216776462,0.4985222004459467,0.014769877699193653,46.35124777887618,1.3105527289327503,7.318217033996907,0.04576535181845721,2.4636986205487763,0.06267657578664605,0.5025691234930436,0.020362751123504386,174.66629303655395,3.787325815664955,2.703664931040838,0.07260671902561101,0.0,0.0
discounted_sarsa,sign_shift,0.02,0.003,0.9,10,2.4337635191824223,0.07136721048160204,0.5097062093523028,0.02059878287649406,38.21413671099522,1.426475138784055,4.309255966376186,0.044704004960244154,2.45743997150812,0.05438598781435406,0.5147796107578941,0.018052903998833938,147.28484084040434,1.2088167292905172,2.650020388342136,0.0699178162782034,0.0,0.0
discounted_sarsa,sign_shift,0.02,0.003,0.97,10,2.3968060195576024,0.0953572544630498,0.49935885556918,0.014329449706840537,43.758308717432534,0.8659313035497349,4.313409723393568,0.06915415332330431,2.446352481887776,0.07270520969017506,0.5022885767620648,0.014381029874649112,164.26445546928753,1.6346981896023602,2.6492012215862517,0.0876953268605698,0.0,0.0
discounted_sarsa,sign_shift,0.02,0.003,0.99,10,2.411067933963642,0.08847178093920383,0.4854603842510546,0.01938971569737584,47.18616778632348,1.5494520135494947,4.344638540467004,0.066229232051631,2.4699543656587686,0.10010958546983272,0.48697614320607574,0.021672268790533387,177.04014409939006,6.464678703847613,2.7179883442192843,0.05427076067419068,0.0,0.0
discounted_sarsa,sign_shift,0.02,0.01,0.9,10,2.414823446513099,0.05712693436932234,0.5117981511461596,0.01695428659147687,38.065991583319004,1.038289287359341,3.0925576825727794,0.058454790186017506,2.4591906189987727,0.05655856864467135,0.5147560665560019,0.022105215081962455,147.00419539804463,2.573093877131615,2.645444669795669,0.07562744201866835,0.0,0.0
discounted_sarsa,sign_shift,0.02,0.01,0.97,10,2.3956146464061683,0.06896088255125475,0.49964751218973225,0.013793306418786478,44.93051960778879,1.5515245265606668,3.118242718482642,0.06045104495219875,2.4400879581213966,0.07823384898529762,0.4992982224476415,0.01710266193498774,168.56241110944802,2.3314337291641922,2.681812261349,0.0679824211505108,0.0,0.0
discounted_sarsa,sign_shift,0.02,0.01,0.99,10,2.3661103626843083,0.09868314951464507,0.4883567984917911,0.017901034246828425,47.64097190346919,2.0104465605513218,3.1162322556340314,0.10018547820910333,2.4186113034553163,0.09177730064471647,0.4927844251752617,0.02479329195631831,175.5715763020425,3.5185772129214623,2.688570101814876,0.10540244469395614,0.0,0.0
discounted_sarsa,sign_shift,0.02,0.03,0.9,10,2.4327879156565975,0.090381059788551,0.4926504257484064,0.013443673386147582,38.89022298276324,1.0930556753273466,2.7745858727733945,0.09735380915194067,2.4593739836236126,0.06232599773136693,0.49304736056098253,0.015645838489500366,145.47457756822897,1.5196067387171777,2.62120536790209,0.09660092779349311,0.0,0.0
discounted_sarsa,sign_shift,0.02,0.03,0.97,10,2.3843440487684724,0.0844561723670037,0.4927981377420342,0.022514007122994267,45.238190100462525,1.9871500254185321,2.735768904564216,0.1150007808040954,2.4149691063919674,0.06124192640300156,0.4954020282350685,0.020744339794105553,166.93435801410916,2.0064666915912137,2.5985950054404667,0.12193212364995698,0.0,0.0
discounted_sarsa,sign_shift,0.02,0.03,0.99,10,2.424615139898687,0.08785661025906039,0.49027564241936916,0.02053318283377569,46.503392704446014,1.2273903737959428,2.775501995968112,0.08746560682950223,2.4263413311887367,0.07079115209521882,0.48849564984142163,0.024657655470820918,172.6341469626646,4.5997317057141665,2.613691752972353,0.07310503603815648,0.0,0.0
discounted_sarsa,sign_shift,0.02,0.1,0.9,10,2.4266255000276606,0.06816313612258078,0.5161217655166739,0.013173647535518014,37.520458821203384,0.7609547287010882,2.4408381081317683,0.06604582298426061,2.487026305919756,0.043941296630759914,0.5228211762446252,0.012661991871126328,147.9431596087166,2.0568853303853434,2.424715223954507,0.04654365961624816,0.0,0.0
discounted_sarsa,sign_shift,0.02,0.1,0.97,10,2.357809604207943,0.11500708571720038,0.49581322222651314,0.0132211930967066,44.26207554841367,1.1805820515528136,2.437046328816623,0.14120754019094914,2.3929353269553797,0.13417228053570238,0.4999617076831785,0.014158313658035299,165.04550587363423,3.357119165957169,2.4161316874296617,0.13976517163977142,0.0,0.0
discounted_sarsa,sign_shift,0.02,0.1,0.99,10,2.3279749261292464,0.10260573139841467,0.4821281925567691,0.0203206551390724,48.03084126960267,1.7175933178359015,2.4503723578320624,0.10212706084644327,2.3319699924393156,0.11216662374276773,0.4768363562259711,0.020676244668823243,175.0730694230877,7.158876098687783,2.420051316751901,0.09754100766692637,0.0,0.0
discounted_sarsa,sign_shift,0.05,0.001,0.9,10,2.503867729453135,0.04280754422586929,0.5045564243350695,0.008526556807252676,60.77549095967853,1.3511690491964015,7.293147144849749,0.0392130948774871,2.510787315726826,0.057067598710101496,0.5063308279935029,0.013480979467773041,262.04368287112027,1.6287045423644213,2.723823636173676,0.04608495139868138,0.0,0.0
discounted_sarsa,sign_shift,0.05,0.001,0.97,10,2.303492725380803,0.16169880203756093,0.46678464798919805,0.02630748607299273,84.2682686361395,3.780896213428171,7.2367284736762345,0.12587947226533877,2.297767332306355,0.20031717275814953,0.4711942033012123,0.04014395736582562,333.44700338394983,7.440077547287442,2.6043066253803304,0.14155244765213656,0.0,0.0
discounted_sarsa,sign_shift,0.05,0.001,0.99,10,2.275220025621472,0.16843488683492333,0.4431445725502033,0.030271873326876884,96.82015774038456,5.050808052741419,7.241562492091072,0.10980037221671965,2.243618073625691,0.19630312453039223,0.43821121010910125,0.03322309703861535,350.3312435388844,8.00061958258386,2.6645451245648832,0.15129372416060557,0.0,0.0
discounted_sarsa,sign_shift,0.05,0.003,0.9,10,2.527168794709385,0.06668749704375207,0.5050740392685257,0.017019127974954515,61.42217010377368,1.537791872879716,4.354866912523363,0.04406971878342317,2.544683292518207,0.05171353757055369,0.5095324432572077,0.014293110633399862,263.4890455288222,1.1224083472077313,2.7025101502905686,0.08852185688765912,0.0,0.0
discounted_sarsa,sign_shift,0.05,0.003,0.97,10,2.2686153135227003,0.08610276148742702,0.4581554803339237,0.02652476460181063,86.06514087540532,3.951973850607109,4.272578616949026,0.05749506022703351,2.3255582418166005,0.07903382600360606,0.4584951920395565,0.03533350893891955,325.07807876681426,8.626119785946456,2.678106030534895,0.10962975838389682,0.0,0.0
discounted_sarsa,sign_shift,0.05,0.003,0.99,10,2.1587551771567983,0.14508492416434146,0.43982563769995514,0.032839178128532966,98.95033835417208,5.959602368534855,4.18467125605132,0.11475221428070288,2.16617347829487,0.18493757529774085,0.43636928706959555,0.047950811593352904,357.85363530306034,14.001406019627623,2.5580378136307362,0.1420595329003139,0.0,0.0
discounted_sarsa,sign_shift,0.05,0.01,0.9,10,2.4659258393054797,0.05229454751607214,0.5006928600224105,0.020180808755831694,61.98334555373519,2.3719716509630584,3.1457766018634743,0.07028768926397365,2.484813873453784,0.04745023239824645,0.5081274811681191,0.021126080299173556,261.9760609013774,2.024262489949984,2.655383058544417,0.06642415052770671,0.0,0.0
discounted_sarsa,sign_shift,0.05,0.01,0.97,10,2.2966761269725935,0.10066018052608304,0.4451806258592721,0.02669191772725277,86.33623333623105,4.239608038907875,3.1220300710706783,0.10345962840026258,2.2780322003008697,0.1194469768536414,0.44214729455047125,0.03743903957117663,332.38884711839466,6.612682835788812,2.6641554831327636,0.10623375504666742,0.0,0.0
discounted_sarsa,sign_shift,0.05,0.01,0.99,10,2.179080266774826,0.20921052755788813,0.4540993711287215,0.03757718380883106,96.25490079597076,6.212913390398093,2.956856292288941,0.17351618648682388,2.2514045779828384,0.21586723267624985,0.46000333513445585,0.04251172761699978,359.2033224481485,20.391066415530258,2.5499949077609214,0.14865950825548405,0.0,0.0
discounted_sarsa,sign_shift,0.05,0.03,0.9,10,2.4999545529510687,0.10964271535916556,0.49982305436713564,0.017150981209858838,61.527229151547736,1.0990020871603516,2.7922234468349867,0.0703419329926533,2.500784524689112,0.0845605938994792,0.5051176100120152,0.01108240654497406,261.5631817430724,2.672856026880439,2.640317716560037,0.06522614835831424,0.0,0.0
discounted_sarsa,sign_shift,0.05,0.03,0.97,10,2.2264820568502013,0.15256668302320797,0.4537315569868604,0.028367015576596075,87.06964703454636,4.2942775676254445,2.6567720905366863,0.14307320357149106,2.2282721931064904,0.20768265263100288,0.45732217403957937,0.03466289214592837,326.1283439716056,6.441431433999247,2.507249361606684,0.19266255132127771,0.0,0.0
discounted_sarsa,sign_shift,0.05,0.03,0.99,10,2.2245678299744505,0.18507533944846422,0.45589513011004695,0.03949194275350768,95.51590478597807,4.956761011845873,2.617753008135865,0.13399359120665388,2.1928799441462097,0.21988239822822522,0.4528501942533585,0.04459737104345916,355.6130522039635,9.625978242328518,2.450729021692446,0.15325427038715247,0.0,0.0
discounted_sarsa,sign_shift,0.05,0.1,0.9,10,2.498085797966781,0.06745006408966048,0.500438177688318,0.013611168764054505,61.634703822320624,1.1170396139912588,2.4980090578914362,0.07391392730583886,2.5299518871866855,0.051867684404269414,0.49971252707550884,0.014644052338353681,262.6608561640754,1.8546200289809913,2.477236892818602,0.059309803627215996,0.0,0.0
discounted_sarsa,sign_shift,0.05,0.1,0.97,10,2.350001148090472,0.0807217021175947,0.46870133463414215,0.023878943374301274,83.89320652023096,2.9776207889953277,2.4678916563040363,0.10836036268895433,2.3400523470113965,0.15157469561916093,0.4667777337899269,0.030013525485223198,327.63075379889045,8.499537959096319,2.4151511317839223,0.13949872666258842,0.0,0.0
discounted_sarsa,sign_shift,0.05,0.1,0.99,10,2.2461608458448654,0.19206330344167974,0.46083614511002075,0.032655586536757146,95.70976596150561,5.149806513423229,2.3803496804627597,0.1351044107065091,2.233859423349816,0.20245978304801182,0.4591854945537574,0.04230129276787642,356.27479995342236,14.928713373393617,2.3357429372107967,0.12072108034819862,0.0,0.0
discounted_sarsa,sign_shift,0.1,0.001,0.9,10,2.498764532871094,0.07279569428642076,0.5167491444056945,0.011085163249690723,90.78825018284581,1.767515014390492,7.257121004076981,0.04440247806837008,2.5198142530306287,0.03680322226061337,0.5234093498142787,0.009869389085272282,377.9583090058439,2.4489906431956703,2.681980589922346,0.04179551319356229,0.0,0.0
discounted_sarsa,sign_shift,0.1,0.001,0.97,10,2.2761739993139596,0.14307810663261442,0.4417632460036601,0.017866748930218106,132.51362120197558,2.913465294515025,7.234309873902085,0.11455092714926038,2.3181801179532675,0.1863412323828922,0.4428883411207624,0.029821432372561945,534.6182084555755,20.197361597455032,2.7016570060168097,0.15028779214951793,0.0,0.0
discounted_sarsa,sign_shift,0.1,0.001,0.99,10,1.9544061492216578,0.15806471601166788,0.40294500927810295,0.041503897538217066,171.56516356150524,10.657973144265378,7.0660607179835235,0.10352663465860487,1.8404307801184026,0.2565283340544133,0.38170238934584866,0.058558814479824695,605.8300710306703,33.208406478036224,2.336299908372851,0.19608662707343805,0.0,0.0
discounted_sarsa,sign_shift,0.1,0.003,0.9,10,2.4825010165974195,0.043937002609963104,0.5192510953009266,0.011835673457737329,89.00042175898811,2.843380168784144,4.313037875421661,0.04289707790312245,2.5072573848434954,0.03310617844026501,0.5202060593528645,0.011877528126016331,377.7305422606991,1.7347074710474453,2.6252490415353327,0.06880444407388048,0.0,0.0
discounted_sarsa,sign_shift,0.1,0.003,0.97,10,2.214464554591467,0.11843357430368284,0.4370551483113544,0.030329328727436513,134.12468065144424,6.729557139598417,4.2259410970340365,0.06446718633743106,2.2364473021561264,0.16689645317691423,0.436923788182375,0.039597415625890635,533.2023442959305,14.394167240467272,2.6223622236224258,0.10103497661826771,0.0,0.0
discounted_sarsa,sign_shift,0.1,0.003,0.99,10,2.0259170403930096,0.17053587593210554,0.4019748908654887,0.029884080885038265,168.53280414112845,7.612404780132646,4.132415042437568,0.11042882975690904,1.998493312079302,0.22172801864370245,0.39861763062770406,0.03377613876675581,580.6315003604662,13.625462478527298,2.4702532283146903,0.22283755874346245,0.0,0.0
discounted_sarsa,sign_shift,0.1,0.01,0.9,10,2.5345428346985566,0.06046278267148769,0.5073786569172587,0.013660921882735426,88.35053005355017,1.9726802828206629,3.1573947649803937,0.047989483925236026,2.546094858209096,0.057094671905632756,0.510995195256027,0.01207890388839786,380.3219420205483,2.512543493379395,2.673248094890859,0.04438274532519481,0.0,0.0
discounted_sarsa,sign_shift,0.1,0.01,0.97,10,2.44643375958269,0.07770065992764458,0.47780600308614274,0.01568928324245372,127.85361487690099,1.595811653226348,3.1865398191259353,0.0982883639824652,2.4623896885671317,0.07310486738236717,0.48903047698193125,0.023490824849287106,554.3025683490241,15.334193167400375,2.665443126006132,0.09796754573199935,0.0,0.0
discounted_sarsa,sign_shift,0.1,0.01,0.99,10,2.1874138504254748,0.12910839164446133,0.44725494643640185,0.029299019161013466,159.54362547780218,3.713415230471415,3.021764589485589,0.10544524803406731,2.149887428726664,0.1677076339889941,0.4431741296438448,0.043228601786811725,589.9534382519753,32.74027145236802,2.5161845858464984,0.11707115841956253,0.0,0.0
discounted_sarsa,sign_shift,0.1,0.03,0.9,10,2.5237877552009245,0.04544312133509053,0.4992448923332116,0.01933246317355213,88.68712273373724,2.781016972646953,2.8075611471391513,0.07273470600022564,2.5338641219657583,0.03606504788288951,0.5024611211884444,0.014939356572084271,380.59228547042096,2.9149986305871347,2.6399035164107874,0.0512366162456546,0.0,0.0
discounted_sarsa,sign_shift,0.1,0.03,0.97,10,2.0610531877903453,0.17713665895666628,0.41843013559166164,0.03973225572735532,138.48244967889548,10.776617451675188,2.5271515168978813,0.15729365526380784,2.0001224393458648,0.211995280328519,0.40975833098720466,0.04794292438878131,519.9578851135103,14.157428876089318,2.3502591725896496,0.17435056574715646,0.0,0.0
discounted_sarsa,sign_shift,0.1,0.03,0.99,10,1.9582644164167768,0.21272928229961557,0.4059443204699667,0.03757832232651657,171.08736341302796,12.60766320797833,2.475494228654555,0.19039594549067,1.9127018961776965,0.2810515268549897,0.3956917071584867,0.04723912217293054,587.9113845433855,33.748095094153186,2.287835821777294,0.23223299978637724,0.0,0.0
discounted_sarsa,sign_shift,0.1,0.1,0.9,10,2.5329939367920535,0.05403696277064249,0.5083891437037423,0.01195539003177406,88.97501928084391,2.46750405862866,2.4749457939821062,0.07217518503427833,2.581409389062414,0.038357505634520644,0.5157944333582258,0.014116771159324026,381.0808681847934,2.443645668762101,2.4473052907330275,0.06399559115225921,0.0,0.0
discounted_sarsa,sign_shift,0.1,0.1,0.97,10,2.3381540564020344,0.08259188004846413,0.4650548365226507,0.017905833436046906,127.69982658419767,2.920154117043866,2.45720301281447,0.0685816251967343,2.3799994506181505,0.08575094448003838,0.4694336377597431,0.022475173689671057,540.2772449963545,13.209138550018423,2.434721024390213,0.061179670902700004,0.0,0.0
discounted_sarsa,sign_shift,0.1,0.1,0.99,10,2.130913503537184,0.15764141444752341,0.4192410057946865,0.029878402160627322,165.89253081650688,6.4538447676679285,2.3635267627435605,0.1618765693842931,2.1478203667219224,0.19240411301148116,0.4186415257036816,0.033101195403561,583.4287241218823,27.11599139888237,2.3453864499890242,0.18412388001638885,0.0,0.0
discounted_sarsa,up_shift,0.02,0.001,0.9,10,2.1765118182468752,0.050277737945261164,0.5528777537079768,0.015804084383535658,74.96405481613883,1.4321436963115595,4.897656592347729,0.03215141619781653,2.2383050285329746,0.07508816250749668,0.5618584063811284,0.00786302084380927,197.05052332148117,1.6698704962748903,2.300455165515044,0.08538564065910365,0.0,0.0
discounted_sarsa,up_shift,0.02,0.001,0.97,10,2.1968000206781246,0.05841002934224066,0.5550603073136018,0.010861551649796073,93.88366426195854,2.248122153008972,4.913744903682117,0.04474240496623561,2.2301117551639207,0.07726179176709054,0.552379717326152,0.011827080096689447,258.78477057603493,3.603134419450367,2.3112461356970853,0.07040662975968708,0.0,0.0
discounted_sarsa,up_shift,0.02,0.001,0.99,10,2.1884024765299097,0.060064034790461435,0.5534676620836791,0.010155900125277229,101.37689550807342,1.8414263411601512,4.9108100569068,0.03739629775478224,2.2397077311355336,0.04182829300732234,0.5625351649652856,0.007120769191941788,286.07147512724134,4.85966692984679,2.288469918909509,0.04279813079472456,0.0,0.0
discounted_sarsa,up_shift,0.02,0.003,0.9,10,2.210079935388115,0.0747767528543787,0.5506410125444293,0.010729540997375643,75.1951810700356,1.3527332786674302,3.1570945848593897,0.05673312754518663,2.261351019995879,0.059050155968327495,0.5600409323610188,0.01262479476075809,197.64593994235744,1.6046919544689202,2.367035981523718,0.07696582601268258,0.0,0.0
discounted_sarsa,up_shift,0.02,0.003,0.97,10,2.152039761345545,0.13240906148879886,0.5648865758176134,0.012773176132110596,94.29420482192424,4.755619158724926,3.1114033665128793,0.07131275310537341,2.204732836340332,0.12701053932069098,0.568954174393901,0.005488779174625178,262.02598345092184,7.050909518960521,2.251226939095131,0.13322703512668416,0.0,0.0
discounted_sarsa,up_shift,0.02,0.003,0.99,10,2.1838391722578683,0.07222938748141228,0.5556627873888749,0.011841019932784611,102.26757628757404,1.597557219984511,3.1392439370348533,0.0452470873189446,2.2455253852877872,0.053038627124320045,0.5612047311964753,0.011859463649585322,286.91143184795754,4.404394183811094,2.3303207924632696,0.07306081920287728,0.0,0.0
discounted_sarsa,up_shift,0.02,0.01,0.9,10,2.1457727783732983,0.10364202572375328,0.5449162224452315,0.012183936014669196,73.5095838861383,3.1613468319383724,2.5078775112811935,0.08977051949931687,2.184053452699433,0.11624627021949417,0.5556519268974426,0.009488564091732123,194.9315059518555,4.045861683334343,2.2621504695959214,0.11014850468890607,0.0,0.0
discounted_sarsa,up_shift,0.02,0.01,0.97,10,2.2032582709199344,0.07943746018059702,0.5629675808098319,0.014112875192007627,94.68112503935376,2.3581601075893506,2.5012927932031177,0.07028173899444233,2.2410966514537995,0.05564786652383686,0.563476507167166,0.01016752927971713,261.6500998665071,4.246116444649071,2.285549904258634,0.05604632024073514,0.0,0.0
discounted_sarsa,up_shift,0.02,0.01,0.99,10,2.1567982602414633,0.13857320510856863,0.5454508833131972,0.01258365470321944,96.70170071350233,4.407105721126197,2.5273199811988096,0.132660269929091,2.169227041961105,0.10980322946500247,0.5545615055845013,0.008971811459437222,275.9141312104715,7.7229238082023866,2.270037462065015,0.13999566714463826,0.0,0.0
discounted_sarsa,up_shift,0.02,0.03,0.9,10,2.190587314179294,0.15157553993754364,0.5407808821364253,0.016356445067325812,73.47503295956987,3.179442517834993,2.3625369324101047,0.1484106502923671,2.2134723130448437,0.11933026132418433,0.550469678298031,0.01412774948652193,195.20513843548443,3.5233243854028493,2.2778728485070503,0.1615422459821751,0.0,0.0
discounted_sarsa,up_shift,0.02,0.03,0.97,10,2.1705811489109648,0.10604761831753011,0.5580003991393584,0.008030936797664697,93.87501854024717,1.887281924644522,2.2851999149518236,0.09521214078446025,2.2235610149525598,0.053828464611097956,0.5606444153098463,0.008797293770924914,260.1415299963313,2.825166691500837,2.2501476537777894,0.06282296658349161,0.0,0.0
discounted_sarsa,up_shift,0.02,0.03,0.99,10,2.122380589980316,0.06813439908037183,0.561827206737839,0.015603698921097076,98.7130096644209,3.65180471241475,2.235920416139549,0.04493559583799918,2.1480775975313593,0.06431596647534903,0.5631429434881638,0.008255469224287262,282.1203412895087,7.497293949819949,2.1809841034536843,0.06859968942288378,0.0,0.0
discounted_sarsa,up_shift,0.02,0.1,0.9,10,2.1816425115857117,0.0743932495399269,0.5542855512551355,0.01925590746081972,73.75233693356975,1.9438562920248812,2.0974386576381634,0.05495021052882847,2.2113354232901097,0.087310527026278,0.5569893715211947,0.015548236587773009,195.6792966563258,2.9628247523621853,2.0944039905786194,0.07039864841431089,0.0,0.0
discounted_sarsa,up_shift,0.02,0.1,0.97,10,2.1449081032386133,0.05690384504968307,0.5576495374786701,0.012550877126540003,93.00654415844353,2.437337329984156,2.0741237215540607,0.05338543332239669,2.1858231638530294,0.055283785509290785,0.5645446484448294,0.00645479213797164,259.5806673582112,4.150204006766209,2.0624861322418764,0.06147874953314428,0.0,0.0
discounted_sarsa,up_shift,0.02,0.1,0.99,10,2.171838370611586,0.1119161999900729,0.5539570587530454,0.015123811899919858,99.85677241818728,5.5329612259144145,2.1442252775634345,0.09055598259797829,2.177887610308987,0.10786987522283031,0.5556793506542076,0.012917299425063254,281.79170416031394,10.906140496932064,2.1048698005353796,0.07914062960030302,0.0,0.0
discounted_sarsa,up_shift,0.05,0.001,0.9,10,2.223499566883903,0.07752607021035446,0.548532079055088,0.008925184713129445,125.56479872604184,2.291576558810107,4.938827220357702,0.03582346323274562,2.2546722135573467,0.06926242090471527,0.5525299723052568,0.006815082063417243,319.9352661990144,2.240590662308024,2.354664164326021,0.06360344386805744,0.0,0.0
discounted_sarsa,up_shift,0.05,0.001,0.97,10,2.1172039128491518,0.11593661727151879,0.5474830472740934,0.01367107285148211,181.34703206875622,8.360227661687292,4.880125155881091,0.026947951297687157,2.161403852877263,0.10626340335788965,0.5532899189293069,0.01149247888071551,501.48499416328406,11.995208406635225,2.237003773032103,0.11165995214054943,0.0,0.0
discounted_sarsa,up_shift,0.05,0.001,0.99,10,2.1488180923120064,0.08106679298676639,0.5524174791927453,0.013182194485674826,216.3093409873458,6.627921847132131,4.902436368454439,0.04883778975270468,2.192653972148876,0.09315156048586737,0.5599662015470652,0.00908090681552179,608.5022223322138,10.875143536640024,2.2530746631592016,0.10176441961691166,0.0,0.0
discounted_sarsa,up_shift,0.05,0.003,0.9,10,2.2885034436489073,0.13435841396077314,0.5405727559856318,0.009930695206159667,128.2019881303638,4.178030381456458,3.1995827822712943,0.07927428857604153,2.3333160517409324,0.11358960911825047,0.54555847729954,0.006996535516797347,323.9071695859287,5.3873693505695,2.4315598972580017,0.09396461093202549,0.0,0.0
discounted_sarsa,up_shift,0.05,0.003,0.97,10,2.199847398749822,0.12645038583753565,0.542116757487771,0.01827550248085735,184.52683447523114,7.4784043277698276,3.1572706210970574,0.08832237314800896,2.2159667040231903,0.1264881206315032,0.5433234846994358,0.017294102206503306,504.2212230463857,10.336659540750512,2.333729061524615,0.16066127955378406,0.0,0.0
discounted_sarsa,up_shift,0.05,0.003,0.99,10,2.077525324808259,0.11861440373753232,0.5555686207136793,0.011098138730429394,212.4861336161163,11.234359822900856,3.0666303165315694,0.06542434041629795,2.1402059656458094,0.11878618428814831,0.5629393555200436,0.011129323162163517,605.0049209005743,19.142766933874,2.199114620280105,0.12884138432417847,0.0,0.0
discounted_sarsa,up_shift,0.05,0.01,0.9,10,2.1386304674062453,0.06128478601100833,0.5544497434796724,0.012189912523752589,122.89964446136953,2.617611385294066,2.5016347132485106,0.0741713746800703,2.1769951153233666,0.07426200858055586,0.5627498373246185,0.009339955806089716,315.6355222468157,2.8571271349255913,2.259697394281475,0.10179162280977465,0.0,0.0
discounted_sarsa,up_shift,0.05,0.01,0.97,10,2.0469355608084023,0.1427865158074683,0.5495605044255891,0.0167479666662427,178.13252273812626,9.90795519952591,2.43169447108784,0.11577889170830319,2.0962602042392726,0.13344536816877303,0.5541211623593373,0.018973278410147523,499.3092855178641,17.14377652009162,2.2143518453764672,0.13530126031103787,0.0,0.0
discounted_sarsa,up_shift,0.05,0.01,0.99,10,2.169489213402128,0.07957198407668058,0.5524972605804137,0.014254765763064038,218.34357834456324,8.732973905813473,2.496583601449757,0.08198274210305502,2.2287655208567174,0.11299557867847698,0.5580623718389786,0.010551989760313792,611.849314094474,13.560854124561985,2.2868203828814035,0.11414849092440477,0.0,0.0
discounted_sarsa,up_shift,0.05,0.03,0.9,10,2.183364638879376,0.10395081244564286,0.54924389971507,0.018787839571216068,124.62464921832938,2.8943950958875595,2.343304587920465,0.1031219397461862,2.239054991101801,0.07640749957574396,0.5499170408235721,0.01532093540005035,318.9682568681797,3.899178676185577,2.325481469504295,0.09868063946284644,0.0,0.0
discounted_sarsa,up_shift,0.05,0.03,0.97,10,2.2217874693317174,0.09745697601444578,0.5539591840176618,0.013900241574402835,184.5411053718269,5.447624302629793,2.3592161193353327,0.09470198341944194,2.264980029368739,0.05563075812070697,0.5534367388973489,0.007169158312926601,507.1857168848493,5.147778333049257,2.334178595367494,0.07509894925613242,0.0,0.0
discounted_sarsa,up_shift,0.05,0.03,0.99,10,2.1694666964497094,0.08894399981904028,0.5498531906584729,0.015687419208888168,215.40495126451987,10.617782036300294,2.3050901381012205,0.07332712953149974,2.2141790554605607,0.093739065520573,0.5514091697157253,0.021253810636860646,605.4264085692585,21.198224888443086,2.269203964152191,0.07235116861779979,0.0,0.0
discounted_sarsa,up_shift,0.05,0.1,0.9,10,2.078200364259743,0.07087325723302117,0.561579905059608,0.012257150211501935,122.15773884770945,2.4928921894763088,2.0186727022588036,0.06164051262204137,2.119096197404306,0.06159536439765003,0.5625956457680403,0.008285252664017015,312.95023774524975,3.2836711034046018,2.0242299321417967,0.05553614404879758,0.0,0.0
discounted_sarsa,up_shift,0.05,0.1,0.97,10,2.209450691492901,0.09730888608591672,0.5477435735125707,0.011798155564773212,186.3350896052968,6.6096515115582575,2.170813635942531,0.10509926921374271,2.2658370590454844,0.08380177350808954,0.5536024757805675,0.010098308595676809,509.02648563845275,4.695744197293027,2.180939712687681,0.09871011590324623,0.0,0.0
discounted_sarsa,up_shift,0.05,0.1,0.99,10,2.1246423399897756,0.15898175135542428,0.5506731414392566,0.011280070892854403,212.56647797617802,12.27537961707184,2.042346003914117,0.13244697738449174,2.175254384341864,0.14078510975991074,0.554053186394804,0.009957144769594669,601.3921294623203,20.03836762579544,2.0629493275151325,0.12946399906044098,0.0,0.0
discounted_sarsa,up_shift,0.1,0.001,0.9,10,2.3449213178092854,0.03994669884788439,0.5413822035972647,0.007590504156396394,183.03098575981778,3.200225034656002,4.941620428133038,0.03014668724276221,2.410802068923188,0.04741442704610441,0.5505674169376139,0.00650738277656365,434.27403754239896,3.0834588177870614,2.461717829888643,0.04871241274471958,0.0,0.0
discounted_sarsa,up_shift,0.1,0.001,0.97,10,2.188614785639961,0.10629427669178786,0.554576355664665,0.01338267147622722,300.32918078510295,12.007314288806143,4.8967930379003315,0.041278531592854266,2.225278683103498,0.11077713702813966,0.5576523210690674,0.006199512949710566,806.7873195388064,14.802861512524954,2.2962683741488905,0.12906428847892096,0.0,0.0
discounted_sarsa,up_shift,0.1,0.001,0.99,10,2.1209505988833066,0.10807693888431806,0.5379134256220602,0.012640911473979373,365.80094406241255,15.688065011414908,4.903667105672595,0.035938789253982716,2.1780607015439992,0.10595846725101149,0.5451690916756438,0.015364489148407162,1037.4523101831576,24.870114279318816,2.2761725864914792,0.10297050188487164,0.0,0.0
discounted_sarsa,up_shift,0.1,0.003,0.9,10,2.3777924466506946,0.04996325791161222,0.5426901871874389,0.013472605624094155,183.01449128526198,2.4530058463105253,3.2670807707811553,0.04540146533337204,2.4104453622173616,0.05082691266711584,0.5525848023997368,0.008419172187835841,434.49367521907345,2.8651814203252015,2.4831903996315914,0.05564811934171269,0.0,0.0
discounted_sarsa,up_shift,0.1,0.003,0.97,10,2.271790332504258,0.09224378302263486,0.5485320646851866,0.01441221121271448,306.278854080966,8.278229531763902,3.1901559054096773,0.04143622068530622,2.292542560828918,0.07473090648618208,0.5549692207037349,0.013080132038727831,814.7159435680276,9.769482202443493,2.3762499883476207,0.09134679434523983,0.0,0.0
discounted_sarsa,up_shift,0.1,0.003,0.99,10,2.1878798212490467,0.055334658163059595,0.5394958774568572,0.020071017690820564,378.2327431358444,13.747157871951176,3.1543702141210654,0.042271700821960446,2.2393625654507843,0.04895286823202932,0.5457440837765073,0.01655996763950869,1050.6780909534011,29.638663805342073,2.385304105469449,0.07698872079655017,0.0,0.0
discounted_sarsa,up_shift,0.1,0.01,0.9,10,2.331208936065326,0.08817192796676912,0.5457877224103027,0.015554262857756223,181.42461346387276,2.2529230588460467,2.6408098321877023,0.10755536446083731,2.3487067367316667,0.07756454063010204,0.5565304385568424,0.008043323516515254,429.542468628341,6.3468398196680775,2.396201271776509,0.09060714402270399,0.0,0.0
discounted_sarsa,up_shift,0.1,0.01,0.97,10,2.2159951096876935,0.07760999111027363,0.5574194547204914,0.01205819651640714,303.28370147886835,6.7768351227967765,2.5359208161884457,0.07677106619689325,2.215786235400171,0.05250990217283697,0.559053322026152,0.009728391193098982,808.7577118542565,9.28568792777304,2.2887036572566952,0.06583968280714658,0.0,0.0
discounted_sarsa,up_shift,0.1,0.01,0.99,10,2.0942602669049375,0.11848288686135325,0.5541315039928041,0.009606643364215734,360.6765915288466,19.926112663346082,2.417770571730189,0.1145398291146277,2.1254498951196736,0.10844888372403601,0.5532349578795188,0.01182389456804653,1037.742729838214,29.310635302560026,2.186971700727468,0.12445936369015657,0.0,0.0
discounted_sarsa,up_shift,0.1,0.03,0.9,10,2.3461610901455963,0.06117233160807182,0.5403450582558083,0.01142851854606644,182.36321609363674,2.253982673288592,2.4633153587570127,0.04951631566294554,2.3859459635531914,0.047891246142902424,0.5528739012850777,0.007626401199876021,433.9907755991609,3.1166756495219192,2.394545274954013,0.05564553143292716,0.0,0.0
discounted_sarsa,up_shift,0.1,0.03,0.97,10,2.3024642947547003,0.08313864126659097,0.5449001204928291,0.007809158800640068,310.45230156117304,8.074349931347305,2.448554967855185,0.10173243990609235,2.3281173262172303,0.07715541539942719,0.5485861811009254,0.012027720353785241,816.4328922534685,11.346156041250744,2.385243530404507,0.10266562270196836,0.0,0.0
discounted_sarsa,up_shift,0.1,0.03,0.99,10,2.189155987064563,0.10347474616663171,0.5393383564503511,0.014888884398280618,373.6788157874256,18.506543351576653,2.3359894602704854,0.08151719712339621,2.2189743060578304,0.10250113045040313,0.5462967975655136,0.013918261704534179,1045.552518533136,26.815309536967526,2.2728860017245642,0.08572690796771286,0.0,0.0
discounted_sarsa,up_shift,0.1,0.1,0.9,10,2.3435990230022274,0.08910710149530207,0.5378720582922438,0.01653894122270316,180.78560622556785,3.038401845697026,2.2843665423695105,0.09733845960899418,2.390203034361007,0.08103560068294041,0.5501123893310755,0.012932956005382116,432.89988179866396,5.886903304236207,2.267508096902321,0.09192371873123213,0.0,0.0
discounted_sarsa,up_shift,0.1,0.1,0.97,10,2.1752058177383486,0.0841918564536718,0.54751848370061,0.014658969229638729,296.3644599899371,7.746078094983908,2.1322041940340037,0.08376882289480996,2.2433427744438945,0.06917394451082544,0.5550562362047293,0.010909766019401164,803.4721581168676,7.252889380587177,2.1462384578533547,0.08155092088934848,0.0,0.0
discounted_sarsa,up_shift,0.1,0.1,0.99,10,2.1598853366822808,0.11931940185188457,0.5443779661270942,0.015539091614276565,370.39226203868503,14.227620559526589,2.127329723743304,0.11287773196295534,2.224960232408076,0.06150145257266789,0.5500084781389953,0.010323564859948642,1043.6363582847366,28.387772715022223,2.1467130406651007,0.06674856199114203,0.0,0.0
reward_centered_sarsa,down_shift,0.02,0.001,0.9,10,2.3437335339104806,0.03733510805691474,0.5297736152361472,0.008771696957322193,24.094002225591264,1.3936169696452765,5.23997136896598,0.03695722903175765,2.5439189420991153,0.03642881235794729,0.5307187215097814,0.00565598373090192,26.429097994565023,1.3554400867649798,2.7553536136904873,0.032065518890715745,0.0,0.0
reward_centered_sarsa,down_shift,0.02,0.001,0.97,10,2.3231210572623544,0.051667327303108204,0.5326579630020404,0.01152648641591064,27.882161525302386,1.5609850072380493,5.216652093043043,0.06585220933356381,2.5548888519181707,0.02498058262417403,0.5271020558399839,0.005946674770680533,28.06980477517066,2.228088946997023,2.7792840692477947,0.022176720373925797,0.0,0.0
reward_centered_sarsa,down_shift,0.02,0.001,0.99,10,2.267477569452199,0.08259395317388504,0.5256717048350431,0.015344445650734293,27.85434059436854,1.2003422583701544,5.143691560810301,0.03848791108232671,2.537971587890972,0.016465469013548523,0.5315823982861961,0.006677040423235729,26.655624013442196,2.0145784233308643,2.7520082408078728,0.022277447762793594,0.0,0.0
reward_centered_sarsa,down_shift,0.02,0.003,0.9,10,2.3806177203120784,0.034395324850799346,0.5404653000941497,0.009997476302265672,21.08477634174036,0.785381674111769,3.765096475023237,0.038842036532639915,2.5528538032262573,0.03139088121356351,0.5409967624469579,0.00440769033873543,22.92174073856797,0.4388107220525212,2.613568451128782,0.02540659581019458,0.0,0.0
reward_centered_sarsa,down_shift,0.02,0.003,0.97,10,2.405398261095157,0.034008048632600096,0.5410328111747137,0.007998006674706477,21.424684279165586,0.8600735072718895,3.7945249262055376,0.03608315468048602,2.5829960476225344,0.014620166919004484,0.5331978587212123,0.006013835895859647,23.64601833421009,0.8796567647630553,2.667410243029176,0.016680576683298812,0.0,0.0
reward_centered_sarsa,down_shift,0.02,0.003,0.99,10,2.415112192560957,0.036071506615560564,0.5321769030353563,0.00914292043946193,22.099280043894105,0.6495094942119575,3.778724197190454,0.04190011126708685,2.58444779450435,0.021264811406462143,0.5265033248622663,0.0055179436315814226,24.66564607230182,0.6987199744830039,2.680681684539466,0.016615139066539778,0.0,0.0
reward_centered_sarsa,down_shift,0.02,0.01,0.9,10,2.4350475757078947,0.07062748026178546,0.5429358189446998,0.009834817172576251,18.766764812502014,0.34647983992504144,2.8960900312859628,0.05816928995927077,2.5377039873359166,0.0204755694920346,0.545158213508493,0.0043768277264059205,20.422077524588502,0.2862976641502576,2.5749573758237068,0.01945033457419915,0.0,0.0
reward_centered_sarsa,down_shift,0.02,0.01,0.97,10,2.4842627293087567,0.04293519822557326,0.5414151748419074,0.009649954024112273,19.129864146372572,0.29852977354692506,2.9532792840704944,0.031016792366768495,2.5554359259779873,0.018686305905052398,0.5408925749985112,0.0035728366855540044,21.40702530125683,0.25522542819188093,2.6135501704144013,0.022703072966976275,0.0,0.0
reward_centered_sarsa,down_shift,0.02,0.01,0.99,10,2.464356247677542,0.04007596818401386,0.5429946028150914,0.009941041653658859,19.232496972343363,0.3314950884434658,2.928491736985533,0.0456506840138737,2.5514667794475114,0.02120656440524471,0.538004584916529,0.006167774180574235,21.715147013209503,0.26703595667917845,2.623379092540439,0.024117023748165527,0.0,0.0
reward_centered_sarsa,down_shift,0.02,0.03,0.9,10,2.4776649805691773,0.06364902306074079,0.5424106283136299,0.01002050778806142,18.010971605804535,0.15682883779554846,2.6299097569779293,0.03777656909696941,2.551618276435224,0.01821963916033722,0.5466640957056635,0.002579654395042848,19.76365376994603,0.18580182539477036,2.540581098213708,0.01782457544070024,0.0,0.0
reward_centered_sarsa,down_shift,0.02,0.03,0.97,10,2.464751350928806,0.07184914428397476,0.5467604257929402,0.009313065964110868,18.930682307165128,0.1578909286330647,2.6072146304872565,0.05109436623302459,2.552264962443373,0.015766059617680236,0.5442078840704665,0.0020981992651011114,21.009411708719718,0.13823516445680845,2.542018441218217,0.014086392171971013,0.0,0.0
reward_centered_sarsa,down_shift,0.02,0.03,0.99,10,2.4882019422774198,0.04682814523992516,0.5376488818196659,0.009242142464571595,19.105861135119582,0.27166717638991456,2.6286285234773317,0.038460369647429334,2.5580103454102483,0.020096470682352693,0.5418724553466933,0.00430499861753616,21.176389385328495,0.30703029977422375,2.561096835513566,0.014786734685653356,0.0,0.0
reward_centered_sarsa,down_shift,0.02,0.1,0.9,10,2.480527021717801,0.0409658125118037,0.547652755799338,0.009680828976165186,18.002351450686444,0.19297074661419042,2.365513230774666,0.03977709295231003,2.5316073903312803,0.021000378743161813,0.5465273818453612,0.0034341891055762568,19.572757302974328,0.16926993373019583,2.3588411346196585,0.014167814508987025,0.0,0.0
reward_centered_sarsa,down_shift,0.02,0.1,0.97,10,2.4697544635595974,0.060005543595355496,0.5383180307913541,0.0056674605442045365,18.775055464884797,0.3016726490323052,2.3981677302507607,0.04103821268655585,2.5606946070833225,0.015440423033447356,0.5430723406195023,0.0029747355616399586,20.89779916135388,0.20238063855113475,2.3925257374411086,0.016482007125847093,0.0,0.0
reward_centered_sarsa,down_shift,0.02,0.1,0.99,10,2.449184779385262,0.05857325524151088,0.5421874577772968,0.013756410692151206,18.996754099821082,0.24182347515410824,2.3691809738199043,0.05541426462224581,2.547982712310316,0.02329407461344381,0.5424599941522767,0.0031030114071842864,21.18241454276091,0.19907109335291556,2.382486610971012,0.013746366140985837,0.0,0.0
reward_centered_sarsa,down_shift,0.05,0.001,0.9,10,2.268552740525707,0.04929540613351445,0.513906518229515,0.008084635555788852,35.875405643977125,2.294639249186014,5.3589731083847365,0.04602046806654068,2.5576444588649503,0.02919675644441362,0.51514125897111,0.005141856936314652,39.571829798736374,1.3038985708008917,2.8021436760673932,0.03013074980685739,0.0,0.0
reward_centered_sarsa,down_shift,0.05,0.001,0.97,10,2.292379804878043,0.06613993372757691,0.5108789667753564,0.008714771806427789,45.969236787448196,5.415715069637579,5.339312518101203,0.058273250772758405,2.5762565859718807,0.024739010268295114,0.5034494771277434,0.00610448355647005,41.61568401935681,6.238819756706406,2.8607329938377575,0.026469673284049738,0.0,0.0
reward_centered_sarsa,down_shift,0.05,0.001,0.99,10,2.2438679147232627,0.046306982859232,0.50851023770027,0.011268532854203376,52.0684365747671,2.1866081492096625,5.296279358132689,0.07527207129409276,2.565098175774673,0.02492704301530471,0.4986870114083099,0.008317938146812672,42.01301249869622,3.0092450617645206,2.8728250502268717,0.02436702971761381,0.0,0.0
reward_centered_sarsa,down_shift,0.05,0.003,0.9,10,2.408340410260946,0.04890324256613948,0.5200063054206826,0.009061955251914599,29.58411300165318,0.9743230678446951,3.8428829999991203,0.04709908363327979,2.5687213076859927,0.029742148061253564,0.5323933660102845,0.006674770845383816,29.523955943995066,0.8067819921569063,2.6420079415647435,0.04666881082442791,0.0,0.0
reward_centered_sarsa,down_shift,0.05,0.003,0.97,10,2.4156540493459353,0.04786190809644246,0.5156754237619628,0.007891983550627384,30.547201342093537,1.7674741648525902,3.8504398509800053,0.03327846293976169,2.6037440022467107,0.026140351290284063,0.5130747184840321,0.0049485377181199336,32.41364663328452,1.5253104623420533,2.739325613252895,0.02816363188459226,0.0,0.0
reward_centered_sarsa,down_shift,0.05,0.003,0.99,10,2.3940973255246543,0.06672621177521353,0.5193867385015769,0.010108673572470531,31.315275079881495,1.5905392776462293,3.8471632224479775,0.03775455396132301,2.61220405585047,0.01961785815341824,0.5135617048303909,0.004891629323043514,32.61590081254707,1.7011690528292998,2.7487299273973234,0.0228495450953616,0.0,0.0
reward_centered_sarsa,down_shift,0.05,0.01,0.9,10,2.466451546092948,0.04043902381376268,0.5350337039841456,0.009235994184804188,24.46452099537973,0.572204746384463,2.948624075627727,0.052625083853077785,2.570742132636876,0.017473079746038275,0.5397878629974182,0.006638609109551911,25.093304243874293,0.3159797193666703,2.6093401192375927,0.020896417483464682,0.0,0.0
reward_centered_sarsa,down_shift,0.05,0.01,0.97,10,2.501081030399593,0.05472029211887974,0.5280132992478583,0.008815057999465362,25.545741668839135,0.6274264887566363,3.0170333396071674,0.044761736192401626,2.600911554008555,0.015827962455398737,0.52727587053156,0.004770933132894401,27.526047486129006,0.513213665820119,2.680749125824519,0.03106852041325244,0.0,0.0
reward_centered_sarsa,down_shift,0.05,0.01,0.99,10,2.513313015538362,0.04429768997368824,0.5263793109339676,0.011876162559586532,25.478597504954276,0.8963950878018716,3.0282023193000622,0.04896827645394341,2.6046482597382923,0.014222649835282779,0.5238531062127662,0.0028723784183396915,28.15516492958981,0.7479684517494312,2.6929354782429784,0.01862957311246336,0.0,0.0
reward_centered_sarsa,down_shift,0.05,0.03,0.9,10,2.5017574336964574,0.05973134709666746,0.5367637071273568,0.010563975585766298,22.60804516076471,0.30887423880592346,2.6675415759119816,0.05675608621918904,2.542464670573129,0.02769965565384083,0.5430512697414879,0.0045750951274778,23.73679057554301,0.1984163443305055,2.540871000522876,0.022674518604881747,0.0,0.0
reward_centered_sarsa,down_shift,0.05,0.03,0.97,10,2.525913291881252,0.06671690098049236,0.5256726718732962,0.008170462926985388,24.215678143629017,0.39622816823590673,2.7144742870661664,0.05636100293677705,2.5883592530276456,0.019149947599257647,0.5306753208954311,0.0054286652068362045,26.38156146008193,0.4099151382628381,2.608137303526739,0.017133862382386098,0.0,0.0
reward_centered_sarsa,down_shift,0.05,0.03,0.99,10,2.5491311280427316,0.04879898520426333,0.5274441290575311,0.013486541883297589,24.682045846390086,0.476265125687134,2.7133911399268653,0.04820040201469627,2.612744378792008,0.01785932204014755,0.5246450789768543,0.004092452920011265,27.411153787671168,0.37482451273448436,2.6483988145041972,0.02378985864839693,0.0,0.0
reward_centered_sarsa,down_shift,0.05,0.1,0.9,10,2.5037125114451046,0.06988582832758702,0.5449687083718611,0.007820382329627822,21.933261121648723,0.33613998490635816,2.3731412919133668,0.0522155116386057,2.5380698891757367,0.014971909259306497,0.5432540673220625,0.005245678977115821,23.036130721166508,0.32061932280933286,2.373563486868551,0.012277378073077659,0.0,0.0
reward_centered_sarsa,down_shift,0.05,0.1,0.97,10,2.5171337457673895,0.05165488154056322,0.5280946524873871,0.011364667553411298,24.010165069055013,0.41653695780751304,2.424850802533773,0.05528134064140871,2.5798256666534405,0.01785350186055962,0.5289703809328483,0.004737571204358968,26.302043854597787,0.41597819952994586,2.435046628881082,0.016008644311581666,0.0,0.0
reward_centered_sarsa,down_shift,0.05,0.1,0.99,10,2.500134203381308,0.029985116460163188,0.5272715070125467,0.007738624561523568,24.65668426273774,0.252577235710285,2.435922108653594,0.025842202062256,2.5841951648591803,0.024094759645315985,0.5263331305222595,0.0037127365596434764,27.0291774786022,0.2765559295404331,2.4571418913346186,0.016034160814705253,0.0,0.0
reward_centered_sarsa,down_shift,0.1,0.001,0.9,10,2.1801490055438166,0.0443166744391186,0.49513296477153057,0.008931239120325972,52.01899760107059,3.246209477111119,5.438818724667117,0.037988725480835546,2.5664772581645714,0.023109210098519094,0.5021154604752774,0.009927378304288198,54.70467186074929,1.764531189055481,2.8430619279186677,0.03701969926560946,0.0,0.0
reward_centered_sarsa,down_shift,0.1,0.001,0.97,10,2.147466946529398,0.04815270868526751,0.4915211464565926,0.007967972347396336,63.89621386019021,9.727562286203165,5.434785355459924,0.04931152023685092,2.546991908828408,0.01908510214562932,0.4952479288584038,0.007623662011928254,58.63585306838812,9.041526585859538,2.8675144094970633,0.023659928912211792,0.0,0.0
reward_centered_sarsa,down_shift,0.1,0.001,0.99,10,2.21489440570432,0.045076115658760366,0.49764622144678017,0.011055450691280295,82.41404110163803,2.5667792632307163,5.40427372123318,0.04099343847485931,2.5401452078317996,0.02638426764254026,0.4942301002064292,0.0070654700711369495,50.3914106460737,4.508207525564767,2.878836334569607,0.02444231483158978,0.0,0.0
reward_centered_sarsa,down_shift,0.1,0.003,0.9,10,2.3774206044654034,0.051491238716664535,0.5105093484952332,0.011879846492523263,41.423628150821585,1.1191375361959113,3.8574330260297556,0.05817181889412339,2.556701943387095,0.05079498665890352,0.5288260221236376,0.010370525226388547,34.86716109164007,0.7702011873356425,2.6435875282413335,0.0660201588235002,0.0,0.0
reward_centered_sarsa,down_shift,0.1,0.003,0.97,10,2.350008736046226,0.05542802132923879,0.5014794097926646,0.009738000863780405,42.21049486654327,3.0868871503239794,3.8878021705805494,0.041339933906601026,2.6141114248589408,0.017236076990971634,0.5102460569018413,0.005019864678920769,41.23790976313756,2.9461508246974826,2.749458718418168,0.02576846693722628,0.0,0.0
reward_centered_sarsa,down_shift,0.1,0.003,0.99,10,2.3612161728116434,0.047132164722627316,0.5039134556693361,0.012330179173353847,42.32023355013335,5.153265726824219,3.885712759505317,0.03760667588666859,2.6011618629921722,0.022399797962506608,0.4968817276347911,0.008112216226784827,41.50488075713564,4.508819249673083,2.7925491447840187,0.039631455962160715,0.0,0.0
reward_centered_sarsa,down_shift,0.1,0.01,0.9,10,2.436947329944055,0.06600293009955666,0.528270178549311,0.008985748397997834,30.42412605177784,0.6024005365158815,2.962544307548122,0.0645856318061665,2.5623436540086653,0.025098296227815974,0.5396338053178003,0.007049271425943562,28.488445299460174,0.6701929476985343,2.6114168218354865,0.03256288340649085,0.0,0.0
reward_centered_sarsa,down_shift,0.1,0.01,0.97,10,2.4807283058485154,0.047437286182907025,0.5151837509798047,0.010064523664022738,32.68348928913808,1.2522371502487402,3.034127350489212,0.04646012566826588,2.593506730216972,0.019529344400551766,0.5169819976897486,0.0070550808145947354,33.37530308251523,0.9242672195657693,2.7007665459957737,0.016595184869811982,0.0,0.0
reward_centered_sarsa,down_shift,0.1,0.01,0.99,10,2.4817623675783365,0.06431766550939819,0.5104859241946987,0.010374701914341483,32.73874449077828,1.5607906417483313,3.0480414984604796,0.03543489517209899,2.603500656471216,0.024258522709338357,0.5157716038205753,0.006045306381840725,34.70991100027828,1.2864343854434712,2.7140328497019834,0.03125798706101551,0.0,0.0
reward_centered_sarsa,down_shift,0.1,0.03,0.9,10,2.4711077997435362,0.059516104993528156,0.5339273185297224,0.0118640134986843,26.243920233127646,0.7380380262232664,2.63184442994444,0.07804980247574,2.5407158366608984,0.014339762976613333,0.5385613834254156,0.007662956386316325,26.588197598397976,0.399301287090914,2.541148829319919,0.015613823479824167,0.0,0.0
reward_centered_sarsa,down_shift,0.1,0.03,0.97,10,2.5443961018961083,0.042907729642238386,0.5214655043708761,0.010312084928468895,28.999312227731235,0.749143779922688,2.7334599962004242,0.04047827704989925,2.590310914283472,0.025578328528105397,0.5244120866391383,0.005306862713448822,30.83567798771303,0.5318553525796507,2.624817134515617,0.027131535895925724,0.0,0.0
reward_centered_sarsa,down_shift,0.1,0.03,0.99,10,2.5212792084256455,0.05809162806842512,0.5159127474008741,0.00584456236770436,30.496900849879836,1.026352408457016,2.734490020593301,0.05048165097878758,2.605583292063874,0.017597008980755006,0.5136797861865413,0.006371789627897149,33.187416728790964,0.7570643621303309,2.6743386996995033,0.018436324311558918,0.0,0.0
reward_centered_sarsa,down_shift,0.1,0.1,0.9,10,2.518153183102606,0.027557672196224126,0.5303475106219143,0.008123411494018727,24.974679324980052,0.45751415370335996,2.4108703241947884,0.024504001750033436,2.5542146943445507,0.019665243023638257,0.5390654639087072,0.00443461559603712,26.077269000715212,0.46527761725841255,2.378876421328985,0.012227988519476563,0.0,0.0
reward_centered_sarsa,down_shift,0.1,0.1,0.97,10,2.5236740660387817,0.05012127492159391,0.5255819074039239,0.009504264131900442,28.95784740126939,0.6206303362089647,2.4392558390147854,0.041512915486925185,2.5933742817938272,0.019216108376328783,0.5223053895620493,0.007080781292840969,30.78714697932084,0.3948566238165741,2.467387825322814,0.017370766435708365,0.0,0.0
reward_centered_sarsa,down_shift,0.1,0.1,0.99,10,2.5299183047271407,0.04292247597212175,0.5208651090042581,0.011753266994008593,29.521621580925927,0.6319076935523195,2.4596439659898346,0.04085202046377757,2.5951331144452605,0.01455406889803531,0.5183741517422484,0.0053002371912324415,32.15099530915229,0.6961190312857062,2.484046790871301,0.017545479192784614,0.0,0.0
reward_centered_sarsa,sign_shift,0.02,0.001,0.9,10,2.4825184176345383,0.04823537031819052,0.5446629339315587,0.01144306999419199,27.67724234098909,0.3562870490873301,7.281920485116873,0.030232022752305916,2.50738816539141,0.045186147197275706,0.5547847312769209,0.004126693949702406,34.11810988412932,0.20962314772011623,2.609290670987528,0.03908472558652603,0.0,0.0
reward_centered_sarsa,sign_shift,0.02,0.001,0.97,10,2.5123405131122336,0.06257671310258585,0.547447737732832,0.012158112745755721,28.422467822510935,0.461946327440991,7.277576878715233,0.040523492414529384,2.5322088857849754,0.03296245155827261,0.546991302686703,0.004665574420783691,41.720636119686496,0.20993229191731502,2.6400342974582123,0.018234928040508296,0.0,0.0
reward_centered_sarsa,sign_shift,0.02,0.001,0.99,10,2.490513265116462,0.04422529914275803,0.54198373921685,0.008687692044868143,28.633390911332278,0.5335635693201454,7.274232907108174,0.041225330268485814,2.5288740745613882,0.026949530915750718,0.5466260783232247,0.008581275956941452,44.4873276174921,0.3459326919953401,2.642977350422554,0.017804887629116875,0.0,0.0
reward_centered_sarsa,sign_shift,0.02,0.003,0.9,10,2.422063307777863,0.07087813941207893,0.543574650195902,0.0071212231599576984,22.00264200287781,0.349538398410875,4.271451789942317,0.03299988894586286,2.515336323787532,0.03300739623087213,0.5534444668244345,0.0057153384510864646,21.534601237113208,0.25950210287016784,2.5652961399966614,0.03523315408780928,0.0,0.0
reward_centered_sarsa,sign_shift,0.02,0.003,0.97,10,2.476908807217459,0.052268052882927546,0.5432414211713079,0.009851481112741242,23.115445184895385,0.4812354052271621,4.296761519071465,0.03495083931551934,2.5216796471582255,0.02280413149926935,0.5486989229524403,0.005915359163067541,24.110545169959522,0.40598375323403735,2.5841955926510836,0.01212099201321498,0.0,0.0
reward_centered_sarsa,sign_shift,0.02,0.003,0.99,10,2.4472078705454985,0.041923177486978006,0.5446204452661474,0.009197886807942068,23.197022678341533,0.24190754403497308,4.278076268399047,0.0368715753106493,2.4967907541621757,0.03304233022972603,0.5518194214788195,0.00347634270297262,24.67576540945935,0.19967051672289546,2.5656067637646336,0.021075258891494416,0.0,0.0
reward_centered_sarsa,sign_shift,0.02,0.01,0.9,10,2.4996128273818217,0.058673567132760146,0.5451389296455182,0.011018669292829393,18.899202101270646,0.2781908693023922,3.0527471435104676,0.050892233486084494,2.5261032124125316,0.01746180291468581,0.5486574775752602,0.0038171751928910624,19.55501612718125,0.19660357930234504,2.567908706903026,0.014768731938381584,0.0,0.0
reward_centered_sarsa,sign_shift,0.02,0.01,0.97,10,2.486515323312792,0.06553148361111158,0.5405237777863251,0.007403083784094736,19.667944674301378,0.32023825386790117,3.0565590870326473,0.07423964684793569,2.555541490912731,0.017245828722837656,0.5464171524937018,0.00507014058274195,20.852816531999856,0.30597871725979875,2.5927816333368314,0.017493811104553426,0.0,0.0
reward_centered_sarsa,sign_shift,0.02,0.01,0.99,10,2.4772232365663944,0.052608302083277096,0.5363097339412004,0.010969116067088013,20.04835087844319,0.2803527736508198,3.05883515256538,0.034958348482738676,2.5349523844006567,0.018871876859669165,0.5461200991635641,0.006368483798273139,21.323918633748548,0.3051930852065207,2.5821301844591464,0.013586461400183507,0.0,0.0
reward_centered_sarsa,sign_shift,0.02,0.03,0.9,10,2.4637571077692777,0.07632782094540325,0.5407898910398966,0.008378144517621325,18.275427782171086,0.2909848726340254,2.6519010436745147,0.041989144514443244,2.5316228623419614,0.02576159307022373,0.5482196126339993,0.004521854530120105,19.552985931669916,0.2940007802832062,2.530776609509725,0.017780253559350128,0.0,0.0
reward_centered_sarsa,sign_shift,0.02,0.03,0.97,10,2.481753672039543,0.06125863233245129,0.5456550886278662,0.009705659678062547,18.955707259917226,0.18043111210419097,2.669806426994919,0.054008118962168644,2.543094483269336,0.02698329198796195,0.5453092456480286,0.0036206183336266423,20.72781381556405,0.22792797584061383,2.5362778914606596,0.016059265293272444,0.0,0.0
reward_centered_sarsa,sign_shift,0.02,0.03,0.99,10,2.492806166307108,0.04892507376220307,0.5481060528476691,0.010777239639328003,19.43437068746254,0.25817862588078533,2.6675962848703763,0.03655440968176868,2.537134833795195,0.028764920661498,0.5417039497431889,0.004888703191563936,21.19266905494164,0.3205396076155283,2.550731233859325,0.018238540365483787,0.0,0.0
reward_centered_sarsa,sign_shift,0.02,0.1,0.9,10,2.4405019616041788,0.05200855983088636,0.5427096976631987,0.010585781741996985,17.968465657896775,0.25125637272378154,2.369098865110975,0.04091052408000546,2.5200692150428576,0.017387033773495344,0.5457655976262166,0.005874934534053638,19.487964653271288,0.26067821408469655,2.355433171279715,0.007469530424412264,0.0,0.0
reward_centered_sarsa,sign_shift,0.02,0.1,0.97,10,2.468423227850128,0.059459886517102656,0.5455812998141949,0.0078420619512114,18.781455132028686,0.2885803614351698,2.368006170038945,0.036794340698293224,2.544809539077839,0.021836306880244627,0.5452303993158989,0.004360186742470118,20.669819274956396,0.25780588387739733,2.366125829380212,0.015259247505342683,0.0,0.0
reward_centered_sarsa,sign_shift,0.02,0.1,0.99,10,2.489827835362097,0.06044655012475706,0.5422859837515124,0.010507740790075154,18.869146135073212,0.18522802360159585,2.4028941675870037,0.032013840505940354,2.553880555276649,0.015273190213306944,0.5473684795606717,0.003179080598667424,20.62067171019628,0.32547330995919305,2.381488494819307,0.01380360139507902,0.0,0.0
reward_centered_sarsa,sign_shift,0.05,0.001,0.9,10,2.5447631628142884,0.05717567271433694,0.5379320456810928,0.008153729745690909,49.57930117606425,0.6867068385902302,7.283560431588471,0.03721918680352034,2.544708916035255,0.013920503874164799,0.5422008449621942,0.003891851779367562,50.38730765561426,0.465455230345725,2.6616018163827975,0.013900117698232307,0.0,0.0
reward_centered_sarsa,sign_shift,0.05,0.001,0.97,10,2.5461071942621847,0.04599463338707453,0.5292011076586823,0.006381662335134785,51.599960032964205,0.9091291054893131,7.26730286744249,0.043432686722405224,2.573200714805979,0.025492452571192436,0.5318981558571673,0.006787431136847563,74.32500748388752,0.23604265214350434,2.7058233568003223,0.02161870935184496,0.0,0.0
reward_centered_sarsa,sign_shift,0.05,0.001,0.99,10,2.5407179270982017,0.042282312781491055,0.5258603461714599,0.008253336452257683,51.466940553216055,1.2233224303699475,7.259639403318319,0.03576769566010359,2.5850117560506742,0.025290380463444617,0.5318092663184151,0.004738841022150954,84.87486204994046,0.5209334276578578,2.711284674643479,0.026206363965518082,0.0,0.0
reward_centered_sarsa,sign_shift,0.05,0.003,0.9,10,2.52793958037074,0.03696817962946033,0.537046684284341,0.00821946327193996,34.90263425901181,0.5959404499302802,4.315456114322376,0.03765149570508045,2.540060808010541,0.011549096923041716,0.543367349179927,0.0048866583896813535,27.488138662671208,0.46938068025999724,2.5983428437771106,0.011518927961429016,0.0,0.0
reward_centered_sarsa,sign_shift,0.05,0.003,0.97,10,2.5504087942852918,0.057048883882105376,0.525898055794428,0.0063616075400358026,38.024853416618086,0.4954988330020508,4.342037044767566,0.0330831665846051,2.5764703112312874,0.012907302938848446,0.5330581723963134,0.006899875737255379,34.44969696924491,0.49674770530191337,2.668647350683787,0.018434535803554815,0.0,0.0
reward_centered_sarsa,sign_shift,0.05,0.003,0.99,10,2.525233676529459,0.06187961432896505,0.5292641595224453,0.008985804210439045,37.993733120983464,1.3247560713533195,4.32629089576462,0.03843904139365816,2.5543938425931385,0.022986322049317522,0.5378760035363893,0.0047207494196658,37.80721693448786,0.5958275997011085,2.6374095903411865,0.028732263598232836,0.0,0.0
reward_centered_sarsa,sign_shift,0.05,0.01,0.9,10,2.458862616479866,0.05752997706077346,0.542232971231173,0.010083117737580208,23.62173974309941,0.5946655859244921,3.0290575808541926,0.05840418216670374,2.5441673499900985,0.02379773512321384,0.5448996502287511,0.003196012426144801,23.20756986295755,0.31849651824122555,2.583065175708545,0.030338998375690606,0.0,0.0
reward_centered_sarsa,sign_shift,0.05,0.01,0.97,10,2.5307584431078003,0.06011699172479733,0.5369931933890738,0.007609984358333885,26.415602757033593,0.5971134406949953,3.0885638798262245,0.05671018945644966,2.5676839090490398,0.014169793676653894,0.5382801757154437,0.0038295409282951723,25.982659041620206,0.3882752111434464,2.6265701286554104,0.01743290712423745,0.0,0.0
reward_centered_sarsa,sign_shift,0.05,0.01,0.99,10,2.5113924377281878,0.06677431734114744,0.5328507855516154,0.007582095550505558,26.972570709173016,0.770493355919289,3.091827351008084,0.05945061757619506,2.5845776847243496,0.016778627330605773,0.5332252495506763,0.003811801324077633,27.08945348212262,0.3811321810156209,2.6697808208747946,0.02202013000201853,0.0,0.0
reward_centered_sarsa,sign_shift,0.05,0.03,0.9,10,2.5286100154169473,0.0465662035950958,0.5374350082498591,0.00800259725980327,22.055906796175805,0.3077244083347724,2.7001710724219894,0.0471620965806015,2.5465646873475323,0.02567916370607453,0.5431963494541378,0.005745725536919057,22.925753231484,0.3707436158316719,2.542294701657091,0.021989887816468986,0.0,0.0
reward_centered_sarsa,sign_shift,0.05,0.03,0.97,10,2.522409414246936,0.052204172861633494,0.5328459831970415,0.007162204248123732,23.781052607631047,0.5812943164071666,2.7132437017851734,0.06858538331805543,2.5757271609976002,0.019138610095466448,0.5369084660659285,0.0039032136123807854,25.308326794474397,0.4351418380817008,2.5838001532227244,0.021107427624280816,0.0,0.0
reward_centered_sarsa,sign_shift,0.05,0.03,0.99,10,2.5248791008914764,0.04246595408243856,0.5297524256393016,0.011383160626598,24.672062482510107,0.5353925100206651,2.7452496939259436,0.05544439019211997,2.577403702617387,0.022561477436968777,0.5320121806777014,0.00537236233831313,26.34258316348089,0.5995320838259612,2.61013011115723,0.027778557017032947,0.0,0.0
reward_centered_sarsa,sign_shift,0.05,0.1,0.9,10,2.4948920327673614,0.05596520162222967,0.5413863960994384,0.00821428862215105,22.03083648358156,0.48316527636952744,2.3900243901055522,0.04445970940526839,2.545946658884792,0.030581861519699594,0.5400097498063283,0.0030760105051935924,23.244617505207238,0.3216923335737325,2.390282706295563,0.022431512383659192,0.0,0.0
reward_centered_sarsa,sign_shift,0.05,0.1,0.97,10,2.523325600298184,0.04562568437272503,0.5285327417931441,0.008741035386566025,24.000517498377366,0.562912641745102,2.4527774803838427,0.048346963905171556,2.584126226559173,0.018002304281699934,0.5317062949089089,0.004805851765754157,25.919895627557576,0.5189328423407534,2.434846199640775,0.019409684060909538,0.0,0.0
reward_centered_sarsa,sign_shift,0.05,0.1,0.99,10,2.53518335739815,0.05444449015762361,0.5293938931132394,0.007436060142123778,24.583463469065702,0.33453303403218654,2.4602883702757135,0.03656066018488513,2.5967636648093233,0.01996950934318638,0.5256233004520923,0.004350544127035918,26.942917815168585,0.3706909197094153,2.4614358033092882,0.016042559585743976,0.0,0.0
reward_centered_sarsa,sign_shift,0.1,0.001,0.9,10,2.484868221985847,0.06886778147684434,0.5339162844154689,0.006181750728378488,79.88696279648204,0.9888380415396425,7.2594816051437245,0.05390816229715945,2.506432450132837,0.03404688482584782,0.5365518357684917,0.003350255450712268,64.66618586573551,1.2646556137133735,2.64616809303616,0.027600622791657883,0.0,0.0
reward_centered_sarsa,sign_shift,0.1,0.001,0.97,10,2.570960992750977,0.06170795824970156,0.5265071978545656,0.00992622546071085,85.84887662600525,1.5265092214105007,7.296996842145214,0.04341174982581031,2.558506631561761,0.02636502466591278,0.5329838239139422,0.004918728536165696,115.58649510922882,0.3820383524829737,2.6957399339017476,0.033380450175432334,0.0,0.0
reward_centered_sarsa,sign_shift,0.1,0.001,0.99,10,2.550011962101869,0.037925098119938494,0.5108639367886963,0.011054967961119053,87.16624629034285,2.121323672244761,7.259074961001784,0.036194242755304314,2.5633253793055517,0.02949742242142072,0.5203815939465851,0.010873025485342632,143.31259369011886,1.1966462809768357,2.7329540131533308,0.028400969343722188,0.0,0.0
reward_centered_sarsa,sign_shift,0.1,0.003,0.9,10,2.4841289905844355,0.06272272130752286,0.5345661829784253,0.011422775909811481,52.891593421472535,0.5159199948726239,4.316054105736897,0.028966311848875995,2.5379601253570736,0.014611320159674287,0.5384892212835253,0.0045404576972715525,32.24126076727348,0.6791183512000739,2.6087671280440996,0.014193179118479214,0.0,0.0
reward_centered_sarsa,sign_shift,0.1,0.003,0.97,10,2.5368304992918143,0.039008186451698366,0.5267851548940798,0.0120354793417857,58.56117246973573,0.7369951834642614,4.340018866600377,0.04088253567947371,2.5659953026533797,0.02137105582852358,0.5268726667917172,0.005349131255560439,47.0638213928534,0.3454984949963649,2.6775906643156104,0.01569061994488777,0.0,0.0
reward_centered_sarsa,sign_shift,0.1,0.003,0.99,10,2.582561111703595,0.04063295572581227,0.5189381422112957,0.011603756292833327,59.90438039784507,1.1263423175948497,4.372879212469883,0.026927510030397173,2.5880667001633193,0.01641935897467628,0.5228236827423305,0.00595263634736268,56.46767663123488,0.7161540703457411,2.7054061922487262,0.02945152800220188,0.0,0.0
reward_centered_sarsa,sign_shift,0.1,0.01,0.9,10,2.5270863117892324,0.06831640943853076,0.5334530905645953,0.011657962345653652,30.31744092415811,0.7140997616397653,3.0874699357267734,0.05573933809846815,2.5548748963721915,0.01864978854212256,0.5384295296153482,0.0031251641461525603,26.284744413976163,0.43635663968284893,2.6075758531488864,0.015902330782671874,0.0,0.0
reward_centered_sarsa,sign_shift,0.1,0.01,0.97,10,2.5390321434779723,0.06977143416460538,0.5263546770216778,0.0077099944375249654,33.00310011660888,0.5993554806218702,3.097819931015208,0.0661591434854421,2.5854973687942975,0.012301446059797466,0.5309323775020378,0.003939673544909634,30.553080221121615,0.5151875862685265,2.661151511677013,0.011792191110844844,0.0,0.0
reward_centered_sarsa,sign_shift,0.1,0.01,0.99,10,2.5823093874913003,0.05964657143432777,0.5156617794951803,0.010656262853700199,35.79174844389876,1.0924772662553321,3.1744017836136367,0.0571924231381857,2.5983845512294215,0.013123870310386448,0.5236078901789837,0.00642011632631759,33.63492180962815,0.7581493971704264,2.6968542204998807,0.01826748086973837,0.0,0.0
reward_centered_sarsa,sign_shift,0.1,0.03,0.9,10,2.5145420975721917,0.05691622404290908,0.5356131264161982,0.009251014768832057,25.22157020383886,0.6373997911199945,2.710826547172851,0.052151761089799804,2.5439903762717693,0.014241753448489113,0.5380139013910616,0.004997086909257828,25.55639259132215,0.40988657441989895,2.5478890519514943,0.011384478776168713,0.0,0.0
reward_centered_sarsa,sign_shift,0.1,0.03,0.97,10,2.545374081191092,0.035160895375711126,0.5251798828013096,0.013083511574239634,28.94313819541003,0.6866397377990577,2.747539071255283,0.04280129106117093,2.573437736094213,0.020353993900441344,0.5260275171611778,0.005471222873366316,29.495949535651345,0.44442135132589333,2.6166243317598052,0.020938887330810146,0.0,0.0
reward_centered_sarsa,sign_shift,0.1,0.03,0.99,10,2.570154479483071,0.04999370672529641,0.5119398814494309,0.011631298819169286,29.656058522758457,0.8714492022886653,2.8241252017983856,0.052785326344093504,2.5833358318580633,0.01716511891145158,0.5231656194711094,0.005451929467591691,30.56715781090829,0.7741975026370699,2.640219670055774,0.022247882821056417,0.0,0.0
reward_centered_sarsa,sign_shift,0.1,0.1,0.9,10,2.5194329936919835,0.04443924642661398,0.5303854430728813,0.011684639259966193,24.623814305162256,0.5057527401004149,2.445828175834646,0.05182763493362462,2.555067330447328,0.01673574212769667,0.5403407491588432,0.0030881549910733263,25.73457011069545,0.3672750211188918,2.3826349401476934,0.019104220889144558,0.0,0.0
reward_centered_sarsa,sign_shift,0.1,0.1,0.97,10,2.5694722735228472,0.06385763416489257,0.5207695954468623,0.011581399754102788,28.117485431705763,0.6497079051609336,2.4937067360033547,0.07249964987347078,2.606385434216937,0.018880262512567098,0.5192762355129273,0.004635143601309138,30.543351789626456,0.5389311163194678,2.4828078135548894,0.018607724372791592,0.0,0.0
reward_centered_sarsa,sign_shift,0.1,0.1,0.99,10,2.5600877633901638,0.06560122671130819,0.5178700926073174,0.011443338312105344,30.40656340057701,0.7654207368657805,2.510473078425261,0.04736455729251426,2.605217698148219,0.014619039412393094,0.515344006322503,0.006415131697388163,32.168373440546596,0.7080816286017738,2.5036996928796724,0.01732221172828198,0.0,0.0
reward_centered_sarsa,up_shift,0.02,0.001,0.9,10,2.4331871239598426,0.05959162332901618,0.5503466346068612,0.008475322099997316,24.59016268453417,0.29054797468860427,4.936960601624698,0.030982661024084288,2.4808292125132296,0.023960329149755603,0.5546783450572694,0.00438805070244871,29.20562564495607,0.14352653628232778,2.530144106970297,0.026506524894747016,0.0,0.0
reward_centered_sarsa,up_shift,0.02,0.001,0.97,10,2.4277360826861925,0.050088910845396725,0.5536246894814738,0.00839397096641884,27.10440015841177,0.3870589915024661,4.925689164788703,0.04324882122878725,2.4624055130702844,0.03264131953113154,0.5544746924296572,0.005414599287149252,36.844143895757256,0.22913747255416078,2.5225145449542943,0.03787063768033139,0.0,0.0
reward_centered_sarsa,up_shift,0.02,0.001,0.99,10,2.4306513659909093,0.06757409337347361,0.5516050563288941,0.00844863187273331,28.05609992346133,0.36143576336958955,4.942959630254404,0.03484573290822334,2.491196281904612,0.015377782560049399,0.5553046705632184,0.002732894434942049,40.478648077842124,0.16743059166666846,2.5531752750205032,0.012566939171090368,0.0,0.0
reward_centered_sarsa,up_shift,0.02,0.003,0.9,10,2.469505781742774,0.04849999410416984,0.5414195519789028,0.010129974861578291,20.466279132138208,0.317644392703958,3.307979013651901,0.04170429789429405,2.524754580169416,0.023117315738000202,0.549327063404103,0.004649203961306471,20.669906806948088,0.2725957192846143,2.58500901558024,0.014770800224810624,0.0,0.0
reward_centered_sarsa,up_shift,0.02,0.003,0.97,10,2.4824944058389913,0.046436570472713774,0.5422142292853752,0.008059814100882157,21.43627278417829,0.22724830436947366,3.3220503599572675,0.029610223975774456,2.52174377719182,0.026569479726771063,0.5510500301680169,0.0037762671901047373,22.61097597627421,0.28034164605616224,2.5904878510987253,0.016765903181145507,0.0,0.0
reward_centered_sarsa,up_shift,0.02,0.003,0.99,10,2.502936748192101,0.06081731159994006,0.5407530505922393,0.009118893388696998,22.214031040780885,0.3339839626314062,3.3277095100208407,0.03734828279009959,2.529783600655494,0.0197968499472305,0.5471849174894334,0.006100115910417354,23.93935202079025,0.405757437756153,2.5882395690308746,0.016654511172502325,0.0,0.0
reward_centered_sarsa,up_shift,0.02,0.01,0.9,10,2.437489368572295,0.041514685911388786,0.548692970051199,0.009180966017956269,18.430084198076997,0.2375905308840158,2.7269446787009093,0.058488550966236716,2.50692153259114,0.02017543526494908,0.5475697553417447,0.004773938182799642,19.5381373842205,0.1923725686375433,2.566497917266166,0.014128850210561567,0.0,0.0
reward_centered_sarsa,up_shift,0.02,0.01,0.97,10,2.4659614962737715,0.0593372182628005,0.5469830740138794,0.009263154953019884,19.467127327418392,0.3552397812355497,2.7477679252725955,0.050242286838402254,2.5421853747930565,0.03268888245080806,0.5433871054879564,0.0052439658818194375,20.933383614663434,0.28180704383552024,2.5927002245599735,0.016619615934259473,0.0,0.0
reward_centered_sarsa,up_shift,0.02,0.01,0.99,10,2.48463430209606,0.07039559080119627,0.537716460912909,0.006003166524314106,19.600050516315946,0.24417327388517904,2.781086484964,0.06664524603169747,2.5449833945190696,0.016576368025584758,0.5475181453962084,0.0037146048886635597,21.031560950464545,0.30757077105083963,2.5860537275610516,0.010976026817022875,0.0,0.0
reward_centered_sarsa,up_shift,0.02,0.03,0.9,10,2.4623546295399144,0.058046378428353536,0.5463108100678145,0.008629646215703316,17.978678199092577,0.1904349529752676,2.569403090720018,0.05170503741745926,2.5174214074940284,0.01215592125770704,0.5489541359490971,0.0039189287073245795,19.407669742021625,0.21587986485228197,2.515664823174088,0.011539196047055746,0.0,0.0
reward_centered_sarsa,up_shift,0.02,0.03,0.97,10,2.484559992779409,0.056239714786945845,0.5410308253312983,0.009683998513556048,18.922099706507726,0.2850525478841806,2.568056929880707,0.04615996122695721,2.5574242107963796,0.018108319721994663,0.5446995922601566,0.003721227835505528,20.716605315031032,0.32862500683872486,2.547920612220406,0.014718300645022749,0.0,0.0
reward_centered_sarsa,up_shift,0.02,0.03,0.99,10,2.4912653339040793,0.0667107474947641,0.5374889943216162,0.009428130144487288,19.242828945887048,0.29207539789055376,2.5866776111994865,0.05854461700319586,2.55518052955311,0.021043687191642638,0.5446450685742775,0.0029603270804527022,21.059287303910413,0.24916834755846382,2.546294186423841,0.022324943206607453,0.0,0.0
reward_centered_sarsa,up_shift,0.02,0.1,0.9,10,2.4906672499842033,0.03513013874681571,0.542685214920722,0.011641087405587884,17.951576974297936,0.20647355241200854,2.3717762568308185,0.03129114024518182,2.522223957137401,0.01197535538498734,0.5458982875146455,0.006125794787657962,19.4985731908891,0.17774544534559317,2.347947952172741,0.007382674042257478,0.0,0.0
reward_centered_sarsa,up_shift,0.02,0.1,0.97,10,2.520870695986246,0.058459560286967395,0.5382730793764546,0.007649553928672606,18.886383189095675,0.23269572043311948,2.391110406255459,0.04790789407100843,2.5547141533159907,0.009950198233935975,0.5448244339641828,0.004400871112833054,20.76957944316586,0.23465068702456704,2.3826916984022932,0.010662517676248387,0.0,0.0
reward_centered_sarsa,up_shift,0.02,0.1,0.99,10,2.500227094019384,0.050388274134108166,0.5471376264305515,0.010243634923997207,19.132424694111553,0.28772753980773264,2.3581670594605453,0.03580573467492551,2.5474173345313975,0.026835932081668904,0.53979272215852,0.004695097961134523,21.238100512221685,0.24633573832566705,2.3956846774588514,0.016688670886005744,0.0,0.0
reward_centered_sarsa,up_shift,0.05,0.001,0.9,10,2.4765928459494746,0.03390396981834341,0.5409788177637125,0.01165996961332413,39.84981133709739,0.6657107958801702,4.943524454259986,0.055248556838600256,2.5265078990357694,0.02323215900631765,0.5445469037179766,0.00465436023558294,40.840616263967036,0.5694838405022347,2.5801778121743313,0.02581505925585208,0.0,0.0
reward_centered_sarsa,up_shift,0.05,0.001,0.97,10,2.504423083898923,0.04266181029863949,0.5389172887535387,0.010952330668045625,48.01180964486066,0.2835742508720927,4.96025821609835,0.04336560398646096,2.537857140622816,0.02570083114244963,0.5410801099560282,0.003877502817240661,64.36333896506838,0.3026949863824411,2.595769766404387,0.0238025042775927,0.0,0.0
reward_centered_sarsa,up_shift,0.05,0.001,0.99,10,2.4886060330513935,0.03695996065555598,0.5364305921085284,0.009654681582698159,51.88343838141363,0.6063819715086505,4.949305693869503,0.04331140489414057,2.53341139080386,0.028294715140189698,0.5413956222067039,0.005976325778805732,77.98989234346774,0.5369710116741354,2.597908323374481,0.02390937478050588,0.0,0.0
reward_centered_sarsa,up_shift,0.05,0.003,0.9,10,2.538865871137001,0.05557135006531845,0.537497787162814,0.009546506047048374,28.87945639385889,0.3810487132627273,3.34169299144434,0.038684141094715206,2.5429583848345687,0.020825620912251114,0.5455951881947162,0.004099625434880133,25.08480865347203,0.33046562203636537,2.5945505049206936,0.023698076410839607,0.0,0.0
reward_centered_sarsa,up_shift,0.05,0.003,0.97,10,2.519553157762354,0.03972961608048326,0.5348556397649681,0.010636894637239562,32.96416990124456,0.5334309601842315,3.3457017939546994,0.04430712147105498,2.5604453953234727,0.024181918371885002,0.5333482704293749,0.005499665853516438,31.61640638405737,0.2615479245902104,2.6565367731575167,0.026779806742774775,0.0,0.0
reward_centered_sarsa,up_shift,0.05,0.003,0.99,10,2.532590639598849,0.055564298457420995,0.5328191057531383,0.012149310979996874,34.34038247203083,0.4708405081280338,3.366944334693548,0.04219867745322172,2.579151319507728,0.027985416069500463,0.5351291565816265,0.004592044805862208,35.4183377479609,0.34115336650235206,2.6713678149780935,0.027892513597626654,0.0,0.0
reward_centered_sarsa,up_shift,0.05,0.01,0.9,10,2.4886672064772855,0.04080563041117151,0.5413934030735846,0.011317964530500392,22.95762655015968,0.2876551571972245,2.756649239543115,0.058395325932237285,2.536901456681319,0.02091164396926682,0.5417986018717186,0.0060028820240687255,23.25113804542122,0.3777117389623443,2.582878826240134,0.009469972582455265,0.0,0.0
reward_centered_sarsa,up_shift,0.05,0.01,0.97,10,2.539376739533666,0.045926111199819084,0.5378570520654959,0.008928268710820423,24.705862914280093,0.5659323388112083,2.801382851393515,0.049133259684557014,2.5674897532054635,0.021265977465122304,0.539006792545868,0.007068462307357742,25.61783649105659,0.6057250601152705,2.618457587947999,0.011632977033156133,0.0,0.0
reward_centered_sarsa,up_shift,0.05,0.01,0.99,10,2.5260582312428634,0.04296858147376062,0.5351548575279719,0.008702116472203536,26.023615931371637,0.5573482220882466,2.799035862442868,0.04431566827796324,2.5818875498899088,0.013406904499748965,0.5339861579791831,0.007058204717401321,26.963532060876737,0.5989793767440221,2.650923303208676,0.019339528959663538,0.0,0.0
reward_centered_sarsa,up_shift,0.05,0.03,0.9,10,2.4967402871662254,0.06184860110943886,0.5432869097232332,0.00913694488319366,22.224218674249286,0.23030655037072498,2.571107946005994,0.04928234843236485,2.5433613219890603,0.02723646932837361,0.5403154735806448,0.004030169568086591,23.18820821495823,0.1960843556817952,2.540564919398025,0.016679418908634495,0.0,0.0
reward_centered_sarsa,up_shift,0.05,0.03,0.97,10,2.5266251567480458,0.03798142694809519,0.5335653677235522,0.008264431944647136,23.89224621700783,0.4555207648236439,2.610090823499994,0.03598328060533865,2.5784478101432904,0.019514656232404556,0.5358802263624066,0.005003002890509941,25.48959460769742,0.43048311854797183,2.5894755531686813,0.021814356944549255,0.0,0.0
reward_centered_sarsa,up_shift,0.05,0.03,0.99,10,2.481780778191786,0.05438662976039862,0.5328033458615895,0.011318085908584135,24.34561118859579,0.5207007028862073,2.6157289133138635,0.05325441383512787,2.578566141767615,0.024017859242432216,0.5299952274426304,0.005468567317534626,26.30408191679855,0.4380213052682701,2.616689073329114,0.03375210267690555,0.0,0.0
reward_centered_sarsa,up_shift,0.05,0.1,0.9,10,2.480627446954613,0.04889626318859669,0.5398186160796079,0.010948264390029184,22.10644810812587,0.37613444772678234,2.350496560763607,0.0549623421069284,2.53997386635632,0.02321702177847498,0.5424252151907634,0.005311058777749068,23.177185130450244,0.24282617094489395,2.3750132788009286,0.019570718103387768,0.0,0.0
reward_centered_sarsa,up_shift,0.05,0.1,0.97,10,2.4998682849560305,0.051928164501191046,0.526549209802541,0.010645041236350851,24.095288522733416,0.296636542507215,2.4317105454415,0.053662625059603924,2.574689017841592,0.018786188208404088,0.5312532117027335,0.005301274878692027,25.922905518598565,0.39515806966495437,2.4342337637634324,0.01557318140210154,0.0,0.0
reward_centered_sarsa,up_shift,0.05,0.1,0.99,10,2.5144737722663484,0.05379504718944954,0.5348713781638315,0.010746845687376905,24.805846748182613,0.40868742309379275,2.4096843871714735,0.052204873392991666,2.582052124686285,0.020278806053189605,0.5263390932096834,0.0053696820176089635,27.054918830614128,0.399378574133757,2.4623312200887,0.01780150173742882,0.0,0.0
reward_centered_sarsa,up_shift,0.1,0.001,0.9,10,2.462869851068732,0.0589864015245675,0.5361090196669422,0.011192760956406705,59.51439322922103,0.6780639898234444,4.920202049315978,0.04162923000277975,2.5275333195027,0.028306550892971682,0.5380047669548773,0.004069413753880892,50.36795350429152,0.8476790160226826,2.595790937050798,0.02515776356671595,0.0,0.0
reward_centered_sarsa,up_shift,0.1,0.001,0.97,10,2.5795071498974615,0.06841238555619963,0.5212431485848734,0.00808641102681779,76.47877728968243,1.0096906165617046,4.998651332512791,0.038619550274427754,2.55374066665157,0.018075570694118335,0.5321059394501149,0.006222483859216107,95.73645165705432,0.38097833436076034,2.639283760714935,0.02529635695490494,0.0,0.0
reward_centered_sarsa,up_shift,0.1,0.001,0.99,10,2.5174941769554104,0.04458220520274142,0.5261321786910167,0.014101604425614915,87.89606680276344,1.0405392831522309,4.940461626931609,0.046659052692056474,2.543788407071051,0.024368745639634367,0.5359296553181369,0.007320487291033681,131.73707708988786,0.5808216960921297,2.6289684647880547,0.0430320927721301,0.0,0.0
reward_centered_sarsa,up_shift,0.1,0.003,0.9,10,2.5057500197559,0.03683675764653797,0.5278243742028168,0.009983991571565029,40.22426752806596,0.4723937973501275,3.3259049648596757,0.04427831998152525,2.545319426350569,0.01750780652186063,0.5359712357940886,0.005212472759786497,29.38032082742896,0.5376115238683602,2.6287575271506767,0.01768055491039387,0.0,0.0
reward_centered_sarsa,up_shift,0.1,0.003,0.97,10,2.5598051338382306,0.06520185310874058,0.524282617158183,0.011750661434003221,48.439482993916485,0.9539909838089773,3.3914750154963422,0.04501829083433806,2.5763223796750205,0.01910483754631012,0.5279669248984291,0.00674846388955148,41.616604431077725,0.7204021993674078,2.6805479505379894,0.022290588541105903,0.0,0.0
reward_centered_sarsa,up_shift,0.1,0.003,0.99,10,2.551684779950113,0.03728567117239292,0.5199145238172229,0.011646164827141536,52.62880002633169,1.0368921985669086,3.381559833413538,0.04491207961868429,2.575014305355865,0.01637459456419533,0.5281316176553452,0.0054474970845959,52.01909773611417,0.5320800590282927,2.6939453006800114,0.028489638833626846,0.0,0.0
reward_centered_sarsa,up_shift,0.1,0.01,0.9,10,2.5034841692319896,0.06698288910669613,0.5356776310850524,0.01119741520697094,27.48604608843839,0.5116345049072,2.7929477018490507,0.06351983408731877,2.5423661757454017,0.022471814964075038,0.540416960197882,0.00472365770283778,26.08049374736885,0.3586157812446074,2.5913859261471863,0.02086485028642218,0.0,0.0
reward_centered_sarsa,up_shift,0.1,0.01,0.97,10,2.551948812793561,0.055750433484473394,0.5152247914697249,0.00896694411081348,32.061680783514255,0.7695163789287356,2.879559870254936,0.055729899734715364,2.585525277782305,0.017342198769329496,0.5229124699531759,0.0027096108440130243,30.657811165265098,0.4838823145683439,2.6847952918697335,0.01822981804451667,0.0,0.0
reward_centered_sarsa,up_shift,0.1,0.01,0.99,10,2.548251797789674,0.04375919571979243,0.5162807113513131,0.01209491386378773,33.393269451653666,0.8765928001390381,2.868324952480399,0.08172984557164979,2.5818192415344736,0.02109478026256651,0.5251537687487933,0.004624480103241504,32.57698568624426,0.5459004826434894,2.682081979607257,0.015852920858798882,0.0,0.0
reward_centered_sarsa,up_shift,0.1,0.03,0.9,10,2.510640009421702,0.05639453112702091,0.5359488401740174,0.009053006858169206,24.762452136305395,0.4760534124614663,2.599439967537575,0.05646380201953808,2.5520436651753613,0.019306674372486166,0.5397688331669496,0.0031668756004797865,25.622553660431908,0.3000825434345896,2.5407258485736666,0.015968681864507783,0.0,0.0
reward_centered_sarsa,up_shift,0.1,0.03,0.97,10,2.5577690416080268,0.06201556281397371,0.5192741238523824,0.008317450743200486,29.026840511394642,0.620799501205918,2.677244485673829,0.06214895811789599,2.596779789573694,0.022350900177334872,0.5239995032937022,0.005067325568180568,30.333605333855978,0.563177271660424,2.6375512428414325,0.02978948294855971,0.0,0.0
reward_centered_sarsa,up_shift,0.1,0.03,0.99,10,2.563410226019267,0.038991049207633396,0.5171214580036354,0.008947565802973241,29.99140701217754,0.7907107284204826,2.7093844606804227,0.05991895179284685,2.5991979401707517,0.020964428860108655,0.5189068580174063,0.005389811155244031,31.675039579151026,0.5998244829589676,2.6600403622290245,0.02118033607319702,0.0,0.0
reward_centered_sarsa,up_shift,0.1,0.1,0.9,10,2.4855230335249776,0.05938497336699741,0.5349160250084195,0.006933917909021148,24.620504778583996,0.43922718548141093,2.368941216738948,0.05023089219101001,2.5473955783954922,0.01982753692675129,0.5412647419945646,0.0039601291618628935,25.635290125656383,0.3548921374099661,2.3728650737307513,0.025994324001650006,0.0,0.0
reward_centered_sarsa,up_shift,0.1,0.1,0.97,10,2.5431083522365765,0.05166541700231169,0.5221900426390335,0.01249213594952841,28.658929445499638,1.0280577996397826,2.462657513279683,0.05076095838947139,2.5884419164857437,0.011466874976707798,0.523766979024938,0.006066217608789968,30.401302347435603,0.6999246691322799,2.467087766620936,0.017232871979713626,0.0,0.0
reward_centered_sarsa,up_shift,0.1,0.1,0.99,10,2.531865055460609,0.04405280831313703,0.5193418044713074,0.005000835705791241,30.775244209100883,0.7447668475445274,2.4668586613976617,0.03824335572504362,2.5931018640014614,0.015565762416633048,0.5150290139308629,0.008436060234956704,32.62442559610698,0.8649424676204324,2.493840589484167,0.025362769431961783,0.0,0.0
